draw,between_cAge,within_cAge
1,0.002844940506342553,0.010864434846722821
2,0.0015717441976758244,0.002931177923772496
3,0.0022372100637061505,0.0012312527032429191
4,0.002728886484161054,0.013553182357129857
5,0.0030322924842119113,0.004530281787436863
6,0.0031544775818476713,0.013126746474744478
7,0.0029422996839051515,0.0024063486454922187
8,0.002907157716844642,0.0036678928474500163
9,0.0028363183201485487,0.010307267989719881
10,0.0026427077324371797,0.01121868651962615
11,0.0031309008961408025,0.007287669605243701
12,0.0027296991221250214,0.005353554847778006
13,0.00254990654842628,0.012966001948927094
14,0.0031418379974369275,-1.8822443111346163e-6
15,0.004483000203458692,0.004020350045426879
16,0.003163595145538609,-0.0015625102793437764
17,0.002864967077332339,0.014335090014189662
18,0.0030648332713434923,-0.002674821692851614
19,0.0031727812930724,0.006609925451421824
20,0.003912422031474594,0.006581849648556778
21,0.0038955967645383205,0.0024058541190643923
22,0.003291734535706766,-0.0019061225155981442
23,0.0024057992570495363,0.005593556157550416
24,0.0036371400701543212,0.0025500917528179104
25,0.0035501085863113083,0.014377245017516237
26,0.0032735941383691706,0.0064362824430116376
27,0.003345693285644692,0.003900538132763121
28,0.0029917744447245467,0.01064157465304891
29,0.002811512502016118,0.004379885597259061
30,0.0032192456930313688,-8.024714392652335e-4
31,0.0032150790892350794,0.008019743955403611
32,0.002357474731176756,0.006056928724410307
33,0.002229832436332527,0.00203686723940069
34,0.0019506514337701082,0.0019283307475865983
35,0.002137320369643465,0.008599993745428408
36,0.002624034436612464,0.004131437104075402
37,0.0025771151617304876,0.0104535605232489
38,0.0022242994118205875,0.005508985755923689
39,0.0034319297533147103,0.0064031055535240695
40,0.0031615822491324183,0.003510867221463399
41,0.0030599038057604585,0.00979301801619107
42,0.0029042819104369696,0.01078500622976682
43,0.002818457111860806,9.614708056748245e-4
44,0.0035564944937254745,0.004687936559288757
45,0.00294080462688794,-0.0013375661232478317
46,0.0025266521408583787,6.620901776497566e-4
47,0.002727666823635721,0.0022921881637259067
48,0.0026663299582781715,7.666536943078542e-4
49,0.0030805468221625255,0.0036565362993174638
50,0.0025878879007689994,0.01420237599852969
51,0.0028413765004323436,5.596175112191201e-4
52,0.002028345512572315,0.01170178899001222
53,0.002836645153262035,-6.835371811988169e-4
54,0.0033249020893338444,8.222428009243095e-4
55,0.0018402481128890215,0.008947307901300076
56,0.002685825186987655,0.004177342405812289
57,0.0025435214344273756,9.101868771223022e-4
58,0.003284769018737937,0.003954672409249413
59,0.0033921757267109404,0.008916661682015865
60,0.0029194198184002706,0.011178649326533646
61,0.002797991759414841,0.007695927387684841
62,0.0019133454216478088,0.007209121922741557
63,0.0026619481532132025,-0.0010811759083856846
64,0.0027462392871365517,0.002714532859797104
65,0.003722249539674285,0.007995517086007283
66,0.0038061263094903855,-0.0014157016065476304
67,0.002438964850984098,0.009690545360065507
68,0.0036574434368521814,0.009455087934314108
69,0.002463289626790992,0.002716114407903052
70,0.003350947044151402,0.008639489448033725
71,0.002516685734655009,0.005364310584230236
72,0.003070397593929648,-1.399059521767841e-4
73,0.002333888522344177,0.0021333298730505192
74,0.0032054120905766546,9.041006668234447e-4
75,0.0024696196183773707,0.0033281207999402117
76,0.0030349339155664426,0.008490969886168112
77,0.0026898062302351086,4.6547160350084507e-4
78,0.0026942040258579247,0.0027577342480523013
79,0.0025968121913987115,0.0048669979093400205
80,0.0027915972062864747,0.00673457019583901
81,0.0031605777149753514,0.01040308756797481
82,0.001958801788447162,-3.661616280815263e-4
83,0.0030476826006448276,-3.9434823485477374e-4
84,0.0029460852647660123,0.012542115798803995
85,0.0019388077828713984,0.010391468265135088
86,0.003146530504713784,0.0032857440791129976
87,0.0019606940180007877,0.004331097063003103
88,0.0029537484748492454,0.0035460692817980435
89,0.0025498121872232714,0.010235696471936048
90,0.0044029686734063,-0.009311787588597726
91,0.0029959200165531946,0.004381003253892984
92,0.0021242939474073186,0.004002622010481392
93,0.0034007305251376727,0.0021225931340875586
94,0.002570650012859163,0.005576286163927057
95,0.002656285193866954,0.005583738247257457
96,0.002797754207849351,0.0065914529928560745
97,0.0023070176236760485,0.007042806147862813
98,0.0021450309541626413,0.01470008593132945
99,0.0025668482729099703,0.00727806140522677
100,0.0031900425498087672,0.008478403008197341
101,0.0029065989190278133,0.006307281967256986
102,0.002207599806531349,0.013655354627673364
103,0.003193822281790018,0.005098822678714327
104,0.0029255486705602888,0.0032889867167866173
105,6.951265655365695e-4,0.006209649544095998
106,0.002830815490271076,0.0022756589894575244
107,0.0022716796535473286,0.011897794870832494
108,0.00273456998849793,9.924618039865553e-4
109,0.00317054034938896,0.002585408513725357
110,0.0028381525596629324,0.003552078414983095
111,0.0027040378938835603,0.007857021681788996
112,0.002726567249135655,0.008493053293124355
113,0.0026270878727867545,0.012864278158656067
114,0.0029344636507615002,0.011232598446977556
115,0.0027658198643745243,0.004266399628128276
116,0.0021520995351955547,0.014505106005485638
117,0.0034299404973013644,0.009163429921343847
118,0.0025118857941993657,3.8687334240627546e-4
119,0.0025905798749166543,0.013581192119802877
120,0.0029124036299457514,0.004437555048735492
121,0.0020032213220336605,0.007718599644703053
122,0.0034507252329233585,0.00573760583451483
123,0.0025641798561838267,0.00472059799950294
124,0.0023283637759349647,0.010068872191079714
125,0.0027372705317446457,0.010000525404845407
126,0.002868960802717267,0.008633003501244284
127,0.00224512956621201,0.0026992072618011913
128,0.0030070776442439086,-0.0016309582436526845
129,0.002597134591347348,-0.001525127407685341
130,0.002414121689842395,0.012654218328081642
131,0.0023001386562962354,0.004403653375694734
132,0.0029640936595391205,-0.0017565303257559214
133,0.0029421815894469165,0.005855316684991519
134,0.0036562075394553414,0.009622773708085697
135,0.0030752194988013376,0.005763896569482479
136,0.0031101384154452235,0.01000952254362026
137,0.0032133323700028332,0.00547496412925135
138,0.0031040608624266206,0.006792030527142771
139,0.003021083436851979,0.009488632481364476
140,0.003567611362300412,0.008797414888479568
141,0.002651241087095441,0.0033455123787965403
142,0.0033619797561173625,0.008560485808329885
143,0.0031485512936611764,-0.0029785186638822017
144,0.0030089521759252957,0.004548217537522627
145,0.0026435300757714454,7.041715206906954e-4
146,0.0029651488769124644,0.007549299781112207
147,0.003033811879236517,0.00471669842105628
148,0.0030799001659756104,-0.002226760322345747
149,0.0028294534192702427,-0.0012908429956196973
150,0.00292128301946357,0.003913873595522541
151,0.00233132541658907,2.3743508380530756e-4
152,0.0030072640470287905,0.006305893221894948
153,0.0028996257261393087,0.004048518191332075
154,0.0025351922162117776,0.00940824924547396
155,0.0037355503717166885,0.005693104410329736
156,0.0031388988600695453,0.003278538794595657
157,0.002439426403471842,-7.101478886741086e-4
158,0.002102371969977245,0.00901393961791638
159,0.003362416044454168,0.006734560047565782
160,0.00316324385684258,0.003758783609962966
161,0.003064254515060655,0.013190242822713336
162,0.0025295034873974156,0.013511846709939422
163,0.0021252616420262905,0.008978523815047159
164,0.0024133120827641466,0.013507616268675799
165,0.0033120086299431406,0.007307206119742529
166,0.003389784341607509,0.002924139267229028
167,0.002811724050642268,0.0043822693111081595
168,0.002777612638615357,0.010130481644685272
169,0.0027983018075019603,0.006147912933372083
170,0.0031852645515935128,0.005544627560566432
171,0.0017628377029422285,0.010444785575718735
172,0.0031668614453468844,0.013845201366890212
173,0.0028434103766988264,0.0012563621209026555
174,0.0031175988969469413,0.009040423453179876
175,0.0029168105030232504,0.0019154560879975418
176,0.00321134894545681,0.01346218016743182
177,0.0028448802997897687,0.0011646061946104522
178,0.002849024370647556,0.008050356178391867
179,0.0031224484577795746,0.001404533106779314
180,0.0034210502386934774,0.009124609972906443
181,0.003355603123467961,0.008829769576532127
182,0.0032433433399303266,0.013043932215066252
183,0.003070344285297333,0.007194883662176944
184,0.003420223612417538,0.005669203459087498
185,0.0025149785193494807,0.014090864277215598
186,0.0023201962859470578,0.004510181736496491
187,0.001700077633314538,0.008305377725993431
188,0.0022227559569527053,-0.0018246024495690823
189,0.002972011891942186,-0.0010974410471929607
190,0.0019046590105077647,0.004866736100836592
191,0.0031682080026479566,0.009498332800272262
192,0.0013680624951354849,0.0020183281845285866
193,0.0033643875805864786,0.01587726199787415
194,0.003604295158177357,0.007581691433728792
195,0.00237858855123628,0.002105403825762569
196,0.0015930598085011904,0.0037338755881702245
197,0.0030200649197377263,0.0026293686941621756
198,0.002348163876547348,0.003965613723815901
199,0.0030591247607887457,0.016597560797175243
200,0.004224835363505651,0.004191281957737839
201,0.003457968634590066,0.013071367630017625
202,0.0029464242295240343,0.0014135221712742244
203,0.002717957597606891,0.0028771788348581472
204,0.0029456068789790696,0.006494885328715455
205,0.0033313120506272163,0.011484865054902788
206,0.002503615199085569,0.005306844532190312
207,0.0023495522992632804,0.016495583929614352
208,0.002886563063581332,0.006223945935842545
209,0.002247345985867409,0.004153501978915347
210,0.003130255430188601,0.010856093989571963
211,0.002781635853297831,0.009969096739384245
212,0.0020278820360518706,0.0017669937718609273
213,0.0036285812938480675,0.009986214790980903
214,0.0024127336076862583,0.009023620652188473
215,0.002877382755530309,0.012178274730731724
216,0.001123940865837711,0.006700150133934137
217,0.002275933329533189,0.0031881829894774894
218,0.0032778593774049703,0.008008238310907365
219,0.001978286116742279,0.003773091774176604
220,0.0025436884965769776,0.006807203244114491
221,0.002188397486686179,0.011498599192901169
222,0.0025231253062460396,0.006676054321304964
223,0.002695246096468568,0.001403934932937103
224,0.0030500388574691674,-0.002606226485667461
225,0.002792098193999244,-0.0030061356893667504
226,0.002495251016933014,0.013442359646761336
227,0.002705029265705369,0.008724146566046732
228,0.0027665910334881525,0.0060551616939613015
229,0.0024930512743511807,0.011752145568661622
230,0.0025031082902805205,-0.004887775343235669
231,0.0025830314734725207,0.005726671584375424
232,0.003033683014974546,0.01054185987129325
233,0.0025027453686217623,0.007826402889392736
234,0.0028695331131772983,0.01176627033017595
235,0.003160294795387241,0.010464143049237389
236,0.002873194478774475,0.00485552814232596
237,0.001745939714131726,0.006370670932755672
238,0.002128198554710569,0.0014856561123244552
239,0.0035753703000938023,0.011276605425381987
240,0.0029447606142952503,0.014729657015330506
241,0.0037713799791687388,0.007543036005340103
242,0.0031502748014010087,0.006108086247491108
243,0.0029357869348745694,0.0076198469069133565
244,0.003565000896098717,-0.001792697204010249
245,0.0030743000969986104,0.013139880610053126
246,0.003042664125993285,0.0016902955406931375
247,0.0029353078873246364,0.0043546652322357686
248,0.0028905894215986074,0.00479645634697862
249,0.0019370295983582274,0.007324037435573088
250,0.0023610872173145296,-4.1361904795110104e-4
251,0.0034593586308255195,0.008682208270145857
252,0.00288520557209372,0.008491473915008062
253,0.0022539416074264713,0.011013371224444604
254,0.0020965252561475976,0.006004208591777083
255,0.0025266079637896507,0.0047305398958464315
256,0.002518088902405306,0.009164231720009196
257,0.0032542557937798172,0.008468306464590207
258,0.0023478907742552893,-0.002829571026601486
259,0.0021410104077626627,0.007080101136549865
260,0.002910423036873085,3.0628206379524573e-4
261,0.002271393193426287,0.013534811884475181
262,0.0034090132742812846,0.004603973239692912
263,0.0023341893036085163,0.006306299533536806
264,0.0030290528569975315,0.005691084605419429
265,0.002968325296653658,0.007431106177174614
266,0.003005402729020788,0.004475124129904454
267,0.0028596630938630863,0.007787354269516146
268,0.003115284453535952,-0.00525127266943785
269,0.002437688743967938,0.007644678545621595
270,0.0034073218273909136,-0.002657884389276113
271,0.0028055555538977275,0.0036042057823217795
272,0.0029428073547252903,0.007133996919642423
273,0.0030297424610698483,0.006071317733973557
274,0.002811966097803611,-0.001403297757166052
275,0.003699305099809676,0.006128134952913046
276,0.003653817156350515,0.017508123991606703
277,0.0033850414320477566,0.0021390296562944023
278,0.0023022682193097675,0.00503321675597506
279,0.002298297007350548,0.008965931659608309
280,0.0030695750065896626,-0.0012571140478329686
281,0.0024333950461799796,0.007832544630971865
282,0.001961338953771333,0.0036006359887337056
283,0.0030016660168323407,0.006200076742363244
284,0.0028594962893872043,0.00409603467466287
285,0.002839935284334123,-0.004275320835921149
286,0.0022303291630392827,0.007924921552932694
287,0.0020820329392696375,0.010059104591029178
288,0.00338549628309667,-0.006969764520128065
289,0.0023826928951597936,0.00603902133248535
290,0.002792230084723346,0.007773544533386399
291,0.003023799975724879,0.015012366926371035
292,0.0025238986059493524,0.006694611449300962
293,0.0029708975943249028,0.004901005294553129
294,0.002839730574891978,-0.004726302292715346
295,0.002471693709787551,0.0045551336430122834
296,0.00266407020423584,0.001764250645379586
297,0.002748612248315928,-6.758238112107139e-4
298,0.004026674447384101,-0.0040418811295554295
299,0.0023617861230119373,0.006481226628303225
300,0.0030017793473628967,0.004068066726684998
301,0.003938233397665472,0.0022869984300896862
302,0.0029436127776449237,9.200757578595991e-4
303,0.00333138748846083,0.005505194065205243
304,0.003091596316202989,0.0016919034802244147
305,0.002438059680819781,-0.002743058448442138
306,0.003736235482452301,0.0016008681381186323
307,0.002736637227053117,0.00890992854534148
308,0.003640798214804629,0.007129051537756783
309,0.0019090787467301944,-0.0014851549197927958
310,0.0032162570015899527,0.005943829443131592
311,0.003114423950120655,0.0027788309634297365
312,0.0028899228317100924,0.006946671068727527
313,0.0027045173182826416,8.811547435250196e-4
314,0.0026345468864288025,0.0011377614335771594
315,0.0023570206985606412,0.0023167270962029043
316,0.0035518875019905955,0.0014871525475618067
317,0.0030495066728566545,0.002891398404493056
318,0.002866073342455262,0.008854720467822676
319,0.002901815436405328,0.015546394350906713
320,0.0033284569049978185,-0.00146438028173227
321,0.0032017883027803365,0.007341601938951937
322,0.0023640207598764266,-0.004318130783452874
323,0.002922777516301759,0.0019490794459072164
324,0.002429080360022763,-0.005483211593409329
325,0.0036706385075878437,-3.5077987468228283e-4
326,0.0031965955505745608,0.004190515577079803
327,0.0024387076043911535,0.0057167716569110376
328,0.00283363817521259,0.005703994204825268
329,0.0031446842501133532,-0.0015826595484335487
330,0.003329327499974957,0.004962083672222249
331,0.002279936480190123,0.013602824452576585
332,0.0034453951786506845,-0.0013515651869907075
333,0.0017783285833627596,0.009623871009004038
334,0.0032117252389209025,0.00284274677673172
335,0.002501791956780659,-2.102171885811745e-4
336,0.001645536471844776,0.0017711392230374996
337,0.002858918290927893,-0.0019244888454864805
338,0.0023851338381568037,0.006858543095321896
339,0.003394418368610244,0.0016200523556738951
340,0.0027403097504320796,0.009606750137772378
341,0.003949711136718209,0.0034214857727735814
342,0.0033893344110014043,0.001443824328468592
343,0.002840852758134622,0.004113389109533518
344,0.003277125982160968,-0.005528258067660138
345,0.002920228523341995,0.002624376542911549
346,0.0039284773050622425,0.00995343635295016
347,0.0028451835917947857,0.0035221740138996465
348,0.0028338162873227588,0.0015173181475817464
349,0.0027945753383031183,-0.0010942406923767616
350,0.002891913621735745,-2.918668505939087e-4
351,0.0026597224972505235,-2.822629310371208e-4
352,0.002086808976378778,0.012004548678983143
353,0.0025355788022265687,0.01596965111690785
354,0.0029657504723820767,0.0063683505025987006
355,0.0031056427654392134,-1.676320142285255e-4
356,0.0030147980442955026,0.012643467437491486
357,0.003197084683184222,0.0013807802314798837
358,0.003064381713657141,0.005594212237746391
359,0.003377339240726184,0.001339416564638631
360,0.0022958777871872147,0.008339956614262617
361,0.002672873911353544,0.0024615270460021394
362,0.0023523284122813,0.005998856487262759
363,0.0030616403825364856,0.006148522782987078
364,0.003127511170853868,0.013708251607764139
365,0.002478423279303357,0.014097299321225904
366,0.003564611291694275,0.007161929148256441
367,0.003253003640457967,0.009752735243041207
368,0.0030082856524875396,0.012300941591877956
369,0.003088538907626816,0.00492778833300603
370,0.003092314828741983,-0.003220326709544204
371,0.0022961359971853876,0.007459040166541234
372,0.002528918738473831,0.009759187136179081
373,0.003512528492532328,0.012869845458947569
374,0.0027497000973969064,0.0018081214394590492
375,0.0025095649093481833,0.00566152242294444
376,0.0027192689820619716,0.004491653337321227
377,0.002244773991410093,0.007337374238107473
378,0.0029247869826583093,0.004626259434438364
379,0.003076434657287853,0.001424057955608302
380,0.002698914543812256,0.01055174499132451
381,0.003262029485820201,0.001530017939500982
382,0.00264795454535797,0.005957275551910883
383,0.0021127912000268446,0.006010685420599164
384,0.0026045134785947104,-0.0015251701703903392
385,0.0029955700214997546,0.0035040603325807804
386,0.0023880111835985784,0.0015373608777760187
387,0.0033480277408423735,5.617387894007791e-4
388,0.003046118764652973,0.018769863923672605
389,0.003821844068329615,-8.028336844123829e-4
390,0.0026720708954290776,0.008270125704241415
391,0.0019244248003146929,6.215085169550296e-4
392,0.0025170602780118846,0.0012563225454691514
393,0.004059114885024862,-0.005105100822442181
394,0.002932538706393939,0.005655115845671506
395,0.003218840332683505,0.006494940460729535
396,0.0034758432884123077,0.01146320219183063
397,0.002976018212875877,0.009867049230425305
398,0.002601889629767837,0.0036127260844549592
399,0.0030612220509024938,0.004953418097505436
400,0.002631463105276931,0.009208981887868666
401,0.0023692695822520727,0.005575909730330507
402,0.0020873971995278196,0.0036309574165829185
403,0.0033166857688010478,0.004218327755725262
404,0.0026522736522736844,0.007980004368817472
405,0.0022739308792427597,0.0018263907963714104
406,0.0025674452883537343,0.0034229364429755596
407,0.0023085112555079595,2.891219625894047e-4
408,0.002298883821933983,0.0036168964931868612
409,0.0027970894947823358,0.012752242799443703
410,0.0028131648015805493,0.006267294728995034
411,0.00306853202144535,-0.0017380166442620259
412,0.0011994342356651266,0.008263862592261948
413,0.0029124186313481577,0.005648791154526562
414,0.0036710639119640373,0.006339258440665212
415,0.002885730669713776,0.0077492943525756044
416,0.003107043684228391,0.010108722264293076
417,0.0024414985071078534,0.007585128226617721
418,0.002124899523904355,0.006945380569487582
419,0.0026400383249234162,0.009103063919922154
420,0.0028210308259353743,-0.006454543212348385
421,0.0026091303900956913,0.003423776222752072
422,0.003366181441689569,-8.548736287972995e-4
423,0.0033003471586802377,0.001976443001933636
424,0.003072291624804457,0.007200842728869547
425,0.0023157794880690713,-0.0015355591231675653
426,0.0032385783954675643,0.01433925420928648
427,0.00246220595445543,0.013963783204898068
428,0.002608218780831177,0.01210350852289074
429,0.002784991961016673,0.010413905305627072
430,0.0027645396858374557,0.003315961029327302
431,0.0033593192172435824,0.0019509873385576172
432,0.0019397028500825332,-1.5637266608492257e-4
433,0.00294620167422656,0.001903490827189172
434,0.0022213570789197208,0.009735340343439891
435,0.0026087273711104518,0.01583625274344619
436,0.0018107935681520508,0.001925093110869509
437,0.0027335891359798943,0.005134750632628115
438,0.0019430787221202126,0.00686451976826671
439,0.0028349728249362,0.011160175874351334
440,0.0036763732288790556,0.00587436855443638
441,0.0025013968727045405,2.788747924918031e-4
442,0.0027502988922256,0.011465268216561183
443,0.0026948790241402504,0.0021620177777250385
444,0.0028584626272044177,-0.00601555971277261
445,0.0031290118754913874,-0.004216405873736664
446,0.0026083650482871343,0.0057338343885903415
447,0.0024181333836272778,0.0022623827235471704
448,0.00201829191648502,0.0016958815000555959
449,0.00379801028777248,0.010280095150919828
450,0.0027718029760327592,0.008517540057010033
451,0.0035649597838730085,-5.596778153790657e-4
452,0.0037749082912776188,0.0010653938455325593
453,0.0025479443345639372,0.0086339421930407
454,0.002673857129837035,0.006482580336438675
455,0.0030871231165952116,0.005069065835754583
456,0.00370290432532488,-4.8449014370670167e-4
457,0.0024677699118416567,-7.344595897199827e-5
458,0.002560970430672864,0.0071232908951465185
459,0.0026263036486964863,0.0033539010953317844
460,0.0030121464781554686,0.002097740001739478
461,0.0032563146075315066,0.006870804185447636
462,0.002813876137321171,0.004605303310539724
463,0.002960584463477169,0.004391266034530777
464,0.0025389390411771854,0.005077750651817349
465,0.003518861907054253,0.009865236430009456
466,0.0031741181172492837,0.008220415468229672
467,0.0031069236624187532,0.004839171702317528
468,0.0020905226988308734,0.00770556244532646
469,0.002074864316098283,-4.4047498774561506e-4
470,0.0029909710947750075,0.0077578136912295394
471,0.0029588120036882536,0.0011258520120462413
472,0.002485146259698411,0.0049347602709826945
473,0.003375822210574582,0.0103558859089935
474,0.0031061260150236896,-0.009255708754662717
475,0.0030212572485244253,0.012163377345435015
476,0.0032128885045454585,0.007553485886469926
477,0.002836260203496364,-0.006558431239505587
478,0.002603153463428228,0.007034866694597271
479,0.0028478484906006426,-3.3449856401499353e-4
480,0.003709929151813092,0.006694764223101582
481,0.0026106811844317512,0.011744088367461212
482,0.003779839890336422,0.010233770692473864
483,0.002586603865723046,2.858033806221738e-4
484,0.003017694624994893,0.0029668714569749833
485,0.0033336896311872205,0.010995968884625638
486,0.0025204001075500027,5.82300438759566e-4
487,0.0023281248405752353,0.011506416933239387
488,0.002694612237786141,0.005914866931779235
489,0.002998898267138868,-0.0033895661226313652
490,0.0023875309008958736,0.006332219090525538
491,0.003023792921989755,0.003974814170305703
492,0.0028159238744150735,0.009696016021801262
493,0.0031832638082908453,0.007259269455050058
494,0.002849526425453755,0.0054271938696495515
495,0.00272024183472355,0.011876187410781197
496,0.0018208921294859595,-9.74831274602227e-4
497,0.0033205879173001536,0.003102826155589222
498,0.0023150083858379314,0.006429841079537317
499,0.0029171558506582095,0.004750022184609238
500,0.003810365995422893,0.0011531706678420735
501,0.002947180555082836,0.01442853111061253
502,0.0023415023510173286,0.004422301239258502
503,0.0027698653187661804,0.0068377056474116585
504,0.003484621380725034,0.006003707679867208
505,0.002172030328072172,0.0021724885377608838
506,0.003324863034649944,0.007503960278415185
507,0.0033272154478065294,0.00921880776510778
508,0.003408022027065482,0.0018084621639745885
509,0.0030749491401750144,0.005214816163993838
510,0.002444936916308664,0.001443764825145917
511,0.00263139386762918,0.0045190549194192575
512,0.0034786307685830005,-6.972863032994811e-4
513,0.0021441221632537443,0.00431175459963912
514,0.00308473190056071,0.008199595127342968
515,0.0026299796721206844,0.006273355732690512
516,0.0025890052388718686,-8.165171096211855e-4
517,0.003713531332178873,-0.004140433526183436
518,0.0018840299891247753,0.014983921696553762
519,0.002912062710405168,0.011944642910313516
520,0.003019289418502743,0.005087425040954559
521,0.0029416420657422345,0.006161790487655023
522,0.0034465176804746593,0.011921147861084981
523,0.003513307440300336,5.083439086672197e-4
524,0.001976955880433502,0.008083002896621786
525,0.0036498158099580675,0.013403142285342924
526,0.003077270189273166,-4.1889788710876546e-4
527,0.0024589565769346715,0.005200123684575936
528,0.003155940744749864,0.010042324964322554
529,0.002774811480402337,0.012741020896655925
530,0.003952672178614514,0.002770384299453728
531,0.0031953184558538897,0.003938813152106535
532,0.004087895872885714,0.008250718164359678
533,0.002307509094260191,0.004280166462241065
534,0.0029343390260041756,0.008606773466364232
535,0.0027310277188445182,0.013965142999138388
536,0.00297758126695092,0.008502075776393225
537,0.002574587297956419,0.006256119532077815
538,0.002320256365361685,0.012305077032468987
539,0.002147234060160056,-0.002013867654434517
540,0.003152825892665209,0.01086552199971047
541,0.0027593801074725106,0.006772900851483823
542,0.0031281968393179955,0.010543905976811837
543,0.0026995529336890966,0.0010175745838025881
544,0.0023303629055415045,0.008188551700404865
545,0.0028877138425416897,0.008713252375210211
546,0.0034900309228816104,0.0017023175197686188
547,0.002300334350179172,-1.7285001275549935e-4
548,0.0029378864782039597,6.491447227926304e-4
549,0.0019557892250363783,0.003950169715372218
550,0.0026955309788557896,0.012680474730615631
551,0.003149084117872913,0.003375717601047691
552,0.002168045557479298,0.0050396171949058785
553,0.0035732538599756144,0.007766214637871586
554,0.0029464626418552985,0.012231989325556646
555,0.0023340590190037624,0.012854014563504277
556,0.0033331418472784227,0.007157420400766313
557,0.0032100760771207972,0.008781842491643524
558,0.0033933227305203402,-0.003529453572223624
559,0.0026797721133720695,0.01476609039730619
560,0.003275723959117638,6.535559194306264e-4
561,0.003050565037062104,0.004021178657487868
562,0.0013322938684622995,-0.011226426105465502
563,0.0027376712635496774,0.009129753727363858
564,0.0024818548001806404,0.014895762756504075
565,0.003051850334021823,-0.004120109287589194
566,0.0022249942048827333,0.0026035542317739144
567,0.0025344360918320794,0.006924976630137834
568,0.003582600334846645,-0.00610790896983405
569,0.0025579859583488543,0.004503620118623358
570,0.0027654391648336612,0.0036802031100963356
571,0.0017605247439409183,0.0025690115496379232
572,0.002693571427624755,-0.0014714806898636313
573,0.002736156646769373,0.0037823150309111006
574,0.002727637088933535,0.003589824902071509
575,0.002213364738623781,0.003967104996966216
576,4.2779919210781964e-4,0.006946465431870117
577,0.0026474123619685684,0.00857360947844124
578,0.002887159488064592,0.0054366500001117295
579,0.0031179307130295994,0.004843924145993552
580,0.003033348116533242,-0.002190318123541691
581,0.0023215435473620265,0.010990039633703451
582,0.0023227505524739747,0.008622577523723602
583,0.0017254920874800782,0.0014615655381675398
584,0.0026294947260901203,0.002309984989708115
585,0.002670743591542388,-2.6026503445110427e-5
586,0.002923893174796325,0.01728479268024892
587,0.004048782535064625,0.006535908679289034
588,0.0029903098380757937,0.012185113092264657
589,0.003398370514024347,7.933031193545336e-4
590,0.003259049193519875,0.00933754463000432
591,0.0031274747006504594,0.0015562425841058845
592,0.0018478391206208514,0.00274797401371373
593,0.0028077151186917974,0.0070757382538001535
594,0.003172350179421307,0.004759914316642318
595,0.0022249889201419785,-3.533390191025748e-4
596,0.0028702622592489584,0.009313377574433889
597,0.0018285645903181552,0.005905765938187566
598,0.0031167795701100504,0.009364082552680049
599,0.002317298684474144,0.006219721750460312
600,0.0028316738167498056,0.0021342365726771274
601,0.0031343921452779365,7.593979886576772e-4
602,0.0028989718242084903,0.006548412208762428
603,0.002602985875153399,-0.00570129544802449
604,0.0034425982221005682,0.0032445288354799773
605,0.0028486491421212358,0.00905623948799249
606,0.0023924223172022427,0.01057895004322438
607,0.0032066024641810398,0.010388284596423606
608,0.003440829206694487,-0.0034032542736875237
609,0.002373747760941973,0.00547549493331623
610,0.0034292029787953756,4.130845103031567e-4
611,0.002590559604476673,0.014952033373582557
612,0.0037256417044734687,0.0014767559588733017
613,0.003685784151678765,-0.0010384250653695994
614,0.0028067617792024956,0.004365000141539038
615,0.00278758437976169,0.00962847984476796
616,0.0024862612989506256,0.005477305999199663
617,0.0030915498310696205,0.008072274085386646
618,0.002497454759329091,-0.002341192413103794
619,0.0028182721271915257,0.015347460636103873
620,0.0022154055521080795,0.007524131141058375
621,0.0025079400109317665,0.007116443830273297
622,0.003116579650962923,0.008107844354152413
623,0.002505814736762877,7.300479067429023e-4
624,0.0026087845322830135,0.007721488312648728
625,0.002610361613104808,0.004287061972865784
626,0.002148593327314976,0.005868306843181435
627,0.0033386525270515444,-0.0022573693120259415
628,0.003372177130533093,0.008156229888537985
629,0.0012781420279516001,0.004185001672157157
630,0.003669409679832098,0.011895371497145285
631,0.002714731694179819,0.005836423215739268
632,0.0029146580358274873,0.0014240747698319716
633,0.0034119769663402606,0.002654035275749589
634,0.0031453734531742992,0.006621521455121246
635,0.0031393628796763683,-0.002546501376418795
636,0.0030621855897868247,0.006372002183500225
637,0.002791046009379227,0.0051508689057723584
638,0.0024381825962443734,0.008349882042239786
639,0.002723900294477216,-0.0033637132360739954
640,0.0026007798786254694,0.004653682741666557
641,0.0031229595444390097,0.004448409469628511
642,0.002913789126357229,0.009990980352510207
643,0.0032949770616525257,0.0069538254367826555
644,0.0033080621624605394,0.014229475301240095
645,0.002992674186125031,-0.012961625123937177
646,0.0031065867132457838,2.9814284361029224e-4
647,0.003514234024270724,0.0036760695080966486
648,0.0034323656129465435,-2.5012717947530804e-4
649,0.004293083897061788,0.00960866514141017
650,0.002884082570687424,0.002810201137398746
651,0.003197548826379789,0.005633970930777818
652,0.0031854607148689294,0.008370508858664506
653,0.0024920198276205193,0.014311448344838513
654,0.0030480379562816875,0.0028988574640138737
655,0.002905439499675086,0.00829745420476458
656,0.0032266236992760113,0.013223653499276268
657,0.0026849342922738257,0.006107980081785735
658,0.0026705071322007277,0.0037365988633048753
659,0.002727479340518783,0.012202553594355943
660,0.003230181970954849,0.003657131108386686
661,0.00316520121057537,-0.0016753101001853125
662,0.0020805140291578483,0.012198373200269286
663,0.0030475428937215268,-0.0029527837680726936
664,0.003926772296072126,0.005277017092256269
665,0.0023957449889858242,0.0031831249783599263
666,0.0032724780436343514,0.008815367361525234
667,0.0028566652076544895,0.00728550582095356
668,0.0033850891637325657,0.004273320908404925
669,0.002480073130990476,0.008062436120597585
670,0.0030765513323108874,0.0025758691774017697
671,0.0029333872705836627,0.004177077425400878
672,0.0035129839295762145,0.004291130142090773
673,0.0032330727350652587,0.015533766589416898
674,0.003124474663244325,0.003744416941801397
675,0.002565498956640701,-0.0015860844203679962
676,0.0026956487654190863,0.0015361901076497708
677,0.0033546869468536185,0.0013431704844538428
678,0.0031272898013369787,0.0061464582344035405
679,0.0030663902219890647,0.014170946646273599
680,0.00310002339821823,0.011050877868585442
681,0.002239078843600832,-0.0037462099412061516
682,0.0032583035342041615,0.004838035997217825
683,0.002796116325754612,0.0018885592011899403
684,0.0033750228455812943,0.005142957670938486
685,0.003603708996471958,0.0030491116844079047
686,0.003002348439276243,-8.569472408900768e-4
687,0.0032948254888869218,0.005682507079973946
688,0.002955001756229958,-8.842299563637992e-4
689,0.003602054463131246,0.004074432394021019
690,0.002475314408523575,7.602710295197906e-4
691,0.002821002927654021,0.006269203722922286
692,0.0015956837531740879,0.004130939725296747
693,0.0025636915870775245,-0.004091629642463646
694,0.0022816409705763915,0.012404310615675363
695,0.003611809942118073,0.0014487855854397025
696,0.0030618388805991907,0.001489056717470033
697,0.003188597427373342,0.005508585921494821
698,0.0023986512937519424,0.0057776635774907555
699,0.003572455817396382,-0.0025259108227440588
700,0.002164211135920756,0.0057884304932266616
701,0.001883945246874619,-7.452892908065244e-4
702,0.0033107258727308403,-0.0014366406922841236
703,0.002344618920135325,0.012965231087040247
704,0.0034292073479371184,0.006804794210909097
705,0.002509775134460995,0.005701906118703626
706,0.0032399051037537664,0.0022880894163852077
707,0.0026404055960219685,2.0722426321555742e-4
708,0.002914762057342776,0.0022687150426444376
709,0.003219695820041515,-0.00785116462399877
710,0.0025372915131432012,0.008350104101093462
711,0.00353343788280498,0.00165343032488261
712,0.002852895536704099,0.008080035861526448
713,0.0030942353222678663,0.010298984634892509
714,0.002299221291256369,0.01285172625891389
715,0.002882936334177648,0.002650306041922319
716,0.00262235653822309,0.011678267880930654
717,0.0028729314409257274,0.004341015546482611
718,0.0032303044126737266,0.013129939471236557
719,0.0015673943449250598,0.0023154869092307908
720,0.0033542077547343246,0.0012416740592444539
721,0.003623428653967328,0.012427904548802252
722,0.002431941596932664,0.004219546837999913
723,0.003338918704343266,0.005772320985109694
724,0.0031588592943635916,0.013779666592567906
725,0.0037473068832716014,0.010390469886125154
726,0.002157109523319973,0.008571978214442319
727,0.0023536058405551744,0.016469293411066788
728,0.0019359853495161828,0.008375334371262528
729,0.003271084848831472,0.010182017752843924
730,0.0020935097099661158,-0.004088616905493918
731,0.002468799916748173,0.003640284365576671
732,0.003168051519573524,0.004482480847676286
733,0.0035463985043074076,0.0024357486114449456
734,0.002244437461016027,0.004573395607744328
735,0.0023652310524128807,0.00523580639894389
736,0.00333093084612332,0.0049904489612256605
737,0.003355427091167125,0.008689581639150625
738,0.003046878652153521,0.007819236091113662
739,0.0028347157859004786,3.6725768403942857e-4
740,0.003229894783282113,0.014602512175790297
741,0.0024765061808564933,0.005126221402212689
742,0.0026622249810139514,0.005295984658155166
743,0.002388060283571733,0.003627853924880548
744,0.0028274389678572824,0.003928125703785202
745,0.0026760697235541256,0.006300490415739131
746,0.003005926290705851,0.0018174417672522604
747,0.0027664825658579163,0.0067248323052454
748,0.00320007636621274,0.011339716759960953
749,0.003427213173730645,0.003941927073557982
750,0.003596783934679594,0.006802327204786832
751,0.0027601570731692966,-0.005468577444267807
752,0.002070538483283541,0.008178941907313754
753,0.002354827339926638,0.005373911115205563
754,0.003326516860657719,0.011041019353995546
755,0.0024978570337472654,0.0061961176807337785
756,0.0032126983142445015,0.013048329319054877
757,0.003687999622476006,0.008845680778857314
758,0.002942859771434279,0.006221486006800191
759,0.0034124930392897203,0.003478556369868921
760,0.0024703587257627222,0.0026178222875318
761,0.0030908329790697883,0.01195055484687463
762,0.0028811579720596356,-0.007305257324032468
763,0.0023159549293743403,0.015209732442705346
764,0.0025077256176506283,0.0040932916652579275
765,0.0027153034698311697,0.0069125132298243006
766,0.002885124528828062,0.009944703967188955
767,0.0024847036059111823,0.012095666826232223
768,0.003163303993405856,0.008062263988486336
769,0.0025067947499003013,0.011039590369445722
770,0.0026712118581732718,0.013424590489198035
771,0.0029670280746981236,0.008541469980140538
772,0.0034660984732458352,0.013443672351111852
773,0.002785946071775576,0.013191570012064478
774,0.002028449484501886,0.007747928940494104
775,0.0026126334663254024,0.013283862827557035
776,0.001979113240199889,0.011607069570116093
777,0.002742286506277674,-6.652264278099613e-4
778,0.0034590715778513746,0.006371010612779614
779,0.002958825191709015,0.007982017548523714
780,0.002807378889398718,0.0053850101394513645
781,0.003342559279469763,5.625443976573219e-4
782,0.0032110240918676045,0.013802880536346793
783,0.003114987298507389,0.010254046911039896
784,0.002310912090093439,0.004830120425890446
785,0.0030144977934573047,-0.002854447502712704
786,0.003228433987179881,0.004841006639773465
787,0.0025622891171490788,8.446859978083598e-4
788,0.0025558993587181406,0.006947235285988852
789,0.0019232676119603398,0.00850308647801
790,0.00236451999879759,0.001735638640202244
791,0.0028778896804365077,0.007529287242997454
792,0.0031057507801166206,-0.005291627213772003
793,0.004062721387828325,0.008485114428474497
794,0.0024502857297508712,0.014118644767065364
795,0.0020192183929193595,0.004807104008914051
796,0.002607610832526816,0.011747502251937507
797,0.0035554269312599047,0.01651422198099864
798,0.002822807239740417,-0.0021756976035688094
799,0.002675409044014226,0.011689689077550925
800,0.0032472407780281287,0.007719594368021099
801,0.0029149308682370383,0.009919415956380753
802,0.002359043101655256,0.003973357231130098
803,0.0037695009788089886,-8.506903489833087e-5
804,0.003305317776769927,-0.00398557947502742
805,0.0025351343702158875,0.006891634166361725
806,0.0025186049994667154,0.0032611829889359393
807,0.0028806527538428493,0.01448694279500024
808,0.0028448695931981133,-4.626393813957621e-4
809,0.002491456089806929,0.0015877869351914623
810,0.0028754423416227815,0.008899594140779135
811,0.0028845484990873737,0.008050035924928048
812,0.00297953897179693,0.008521931027174762
813,0.003547147766559711,0.0021213737207358236
814,0.003275662342992425,0.0033267565597646064
815,0.0028230798610464954,0.009342573554822946
816,0.003094697843628143,-0.0035637550098561455
817,0.0030075912482560125,0.0024750589339840464
818,0.003738108437457883,0.008873935856476176
819,0.0027564735367224874,0.009309106964386056
820,0.0028151432912124612,0.0039024596980935388
821,0.0027237992749266195,0.007115929802181527
822,0.0025023737774172135,0.012123247715142104
823,0.0026733998599070634,0.00785063551185544
824,0.0031997995398225024,0.006865930870996382
825,0.0029653796395007863,0.011853169055016965
826,0.0019164006299129505,0.006689860254065826
827,0.0030033624555107575,0.008849711791349631
828,0.002168017049914282,-0.0018476682586035986
829,0.0034162491267474677,0.00956030149349242
830,0.002849679846493667,0.008978148011641832
831,0.003289362028957903,0.006025067293949424
832,0.00343107303937105,0.0013122120857714582
833,0.002773871069671329,-5.483659829260156e-4
834,0.003436199057163517,0.0035315888286087055
835,0.002899147877150421,0.004565322733528589
836,0.002537057637018834,0.009569355853732678
837,0.002631295447893028,-2.3904788203518886e-5
838,0.002948634351249927,-0.001025408753124896
839,0.0024557910359145263,0.005029416555965869
840,0.003136194996010634,0.0024875152086115187
841,0.003126953617478826,-0.007471274731446965
842,0.0035501717682196805,-0.005218337823089728
843,0.0029054771368887677,0.0053054882170433925
844,0.0022697268971527042,0.00109118877965593
845,0.0033231565263931668,-0.002403739375517442
846,0.0033725126997869886,-0.007687249917507461
847,0.0027698308857091077,0.0040806199474985785
848,0.002776099335284106,0.005815288437471243
849,0.002527534963899988,-9.185406658265872e-4
850,0.003198626902542722,0.013626234910460855
851,0.0011623268318370265,0.00634912844463356
852,0.0029684095286352753,-3.406638952328624e-4
853,0.003082868872746538,0.003230711495771617
854,0.0031264882258635884,0.011521016085847343
855,0.002331532149214133,0.003942916864210931
856,0.0031897896801092473,0.005828915209138542
857,0.003449981690762021,0.00703600690830431
858,0.0025657240627241246,5.701278937058673e-4
859,0.0029032206658500736,0.009605540541206126
860,0.0029580174200636157,0.013731367208679145
861,0.00442169159519226,0.004392402755718365
862,0.00303572223740747,0.007920967810460547
863,0.0028943293685045083,0.01395953965005894
864,0.0033214947114398757,4.7966483618344354e-4
865,0.0022983266127608024,0.009393246372593879
866,0.0022842261209231342,0.00902433211138072
867,0.0029105364807125497,0.0017138823000416087
868,0.003571097031101135,0.009311266510192552
869,0.003086665707045058,0.005124356197988232
870,0.002305185023828569,0.010183963308713365
871,0.002599543452935694,0.004925613432626016
872,0.0021229667002758876,0.010626568905650198
873,0.002955966737276132,0.011265216054759658
874,0.003682984465496748,0.00844200554361266
875,0.0029246501016049636,0.014889524499829422
876,0.0035441873869706117,0.009929915321996307
877,0.002978430475840649,0.002530573746443571
878,0.0021030854881595217,0.005838177327335195
879,0.0024348896365133524,0.008699365720733817
880,0.002670054856479269,0.0094866538396076
881,0.0028259165207378824,0.004952837966929415
882,0.002159448885526408,0.007937083157334721
883,0.0023448049288088487,0.0015851284809182413
884,0.0032802231614773155,0.0034190090195728466
885,0.0019488505732387776,-6.464298427559002e-4
886,0.0025493429883259805,-6.305694091257377e-4
887,0.003143223259588474,0.004227165369922849
888,0.0030673285849065045,0.001569270307594503
889,0.0032192922924078435,0.010669429319876305
890,0.002562849677935902,0.004224917797304079
891,0.0030621375037496895,0.010330718871160514
892,0.003352059039568455,0.010431715193749552
893,0.00282071127355344,0.012381372118160847
894,0.0034855288407112024,0.0014064570284612254
895,0.002656276264424465,0.005707852703983633
896,0.002466153658923349,0.010497375512898857
897,0.003088798445467303,8.518344576961771e-4
898,0.002869698542635125,0.008110341022736504
899,0.0033256760628247836,0.008882108400110686
900,0.0030683597119146506,0.011579418685325795
901,0.0036529783578188296,0.010959143672511166
902,0.003073145993575692,0.005924572422078865
903,0.002746931173912766,-7.183652964576608e-4
904,0.0032788227849979094,5.189269120919556e-4
905,0.003415306504835683,0.0069231316474344645
906,0.003868458516217818,0.004086514634901072
907,0.0033116312561321582,-9.968260618185582e-4
908,0.0025678110551774352,0.005072575482894174
909,0.0036766206326048568,0.0066808973426135815
910,0.002043876904023312,0.0021998256277309994
911,0.0034432311183472952,0.008744133354994153
912,0.002810660488087426,3.9704894248499163e-4
913,0.0028283454621949203,0.002049604691974692
914,0.0025547509074219125,0.005785377455334569
915,0.0026135620090096457,0.008940275829599368
916,0.002056840299577773,0.004738826893079735
917,0.002148660231206149,-0.001829160581807
918,0.0035757754754148696,7.993094753805143e-4
919,0.0026834407582797463,0.010857050118458066
920,0.002712380840326455,0.006592644423331776
921,0.0026897080077691355,0.00955936504840483
922,0.0026573409701968914,0.012501662464325257
923,0.0024056482724997344,0.004941565233533065
924,0.0022445511276241257,0.0017482699707540598
925,0.002970149816999393,0.0022555793237062144
926,0.0025340835620462744,0.007632607456495587
927,0.0019387039512863975,0.004615579240346604
928,0.003773379587054235,0.014817320594192182
929,0.0031393576756663186,0.010657272260250317
930,0.003373619427195832,3.1329851165224926e-4
931,0.003203296564599232,0.002374850230703541
932,0.002766165515410675,-0.001579870408601843
933,0.0021765334215725217,0.0054998303786554514
934,0.0029784769733698273,0.0050948271131619725
935,0.002543709820469392,0.007185198524408489
936,0.002499396930096454,-0.006384088526067039
937,0.0029562718042148084,0.01308229447773113
938,0.002988848932279639,0.01497175509977175
939,0.002769555893071128,0.009633002086350925
940,0.0027580362994687555,0.004482813973038796
941,0.0029117398136301637,0.006595360041711609
942,0.0019565661016805688,0.001942742780658932
943,0.0024750848671672146,0.009740422031374202
944,0.0028322714368382764,0.012346372478274406
945,0.003237359742255088,6.487326019328713e-4
946,0.003305058803189636,0.004951145445612162
947,0.002401290182002108,0.003886998737183098
948,0.0027402601105125865,0.0063982201351760176
949,0.003015898119296727,0.0065391938635175565
950,0.0026606655680605083,0.008581736381144572
951,0.002085593123359578,0.009522080853908484
952,0.0026322622041652635,0.013058104325813499
953,0.002277492156965363,0.004210386189593792
954,0.0026316894606905655,0.006170390736373292
955,0.0027812546429447416,0.0010261847546492661
956,0.002899936229460628,0.007157115339934557
957,0.003217076717389565,0.014081004947665175
958,0.0034751909191659104,-0.0013016095105675323
959,0.00373389638652049,0.011334541280137257
960,0.0024841083310568053,0.01053699699311262
961,0.003756755875833883,0.007491132028577315
962,0.0013724682147126105,0.012070733387929942
963,0.0031990568726488373,0.0012837743233316242
964,0.0023291914395191073,0.01298569498481138
965,0.0030726472579520334,0.008112365079884814
966,0.0034572789473041082,-0.005346294898268503
967,0.0027295057927105614,0.009447127663173254
968,0.0025054024575597725,0.0032880509200737254
969,0.0038656590393700264,0.007226545224915977
970,0.0029178406671100834,0.003109106154618257
971,0.002597346915070624,-8.025152670776362e-4
972,0.002391174524985248,0.0022066520809805
973,0.0037825481146369906,-0.0012326898669720778
974,0.0029422049043705237,0.0049156306575566175
975,0.0029970379279939015,0.0037747072866491267
976,0.0020625918575978997,-6.497198253804272e-6
977,0.0031030838159485444,0.008552944407347269
978,0.0033392628738468312,3.9202537410018123e-4
979,0.003378636272353852,0.011044045298196397
980,0.002696937764688624,0.012225993714745476
981,0.0017158859689852732,0.012485109685167597
982,0.001362993502990015,0.011010582347696349
983,0.0031093876049613305,0.0036950939575505918
984,0.003244697690856912,0.0016717205124997742
985,0.0024296855478388897,0.00848269097594017
986,0.002978482153546654,4.947919315884371e-4
987,0.001696854531313739,0.007842567549471416
988,0.003379838814259773,0.010667370914899225
989,0.0027807710009178014,0.009549187500890262
990,0.0034271294695554454,0.006666550935319119
991,0.0036005759245089,0.010768368018878462
992,0.0028367295806257095,-8.88616193119504e-4
993,0.0020262857094033777,0.004128857684064506
994,0.0032421740407337215,0.005572899705294942
995,0.0021668608241267305,0.009310075956169435
996,0.0024112441735842363,0.0013368475354099078
997,0.0027625869484567663,0.0011592067388730698
998,0.003388868744148883,0.009055469670872866
999,0.0031060518133556986,0.00392613538635151
1000,0.0027294673123655763,0.004905000328301079
1001,0.0027820802363503552,0.00500269149921928
1002,0.002761832962741737,0.007687293150454305
1003,0.0026831931685375675,0.014745823214123592
1004,0.0026794189848232254,0.0022811494602588836
1005,0.0030163771480388527,0.0037684431158175836
1006,0.0033606288102488633,0.008703073102027628
1007,0.0025537439912693724,0.00904354753810582
1008,0.00241527972655718,0.009439845481467663
1009,0.0025901797710874814,0.002642462646668674
1010,0.00257292042087947,-1.103671800565427e-4
1011,0.0026496088256224163,0.003882912136657232
1012,0.0020512818075901513,0.00135895260057297
1013,0.0025161899705522244,0.013799585590732324
1014,0.0026514614928550024,0.009169094340157474
1015,0.003152814337370011,0.004468219446921267
1016,0.0030381730723240794,0.008336072640373698
1017,0.002348096217009839,-0.0010134436896105513
1018,0.0019489581612564502,0.0017384717686402093
1019,0.0033931600811480584,0.0033823345259048733
1020,0.002763617520599282,0.01075192760254673
1021,0.0021378595266198825,-7.595471105212451e-4
1022,0.002849666722775479,0.013772593840305016
1023,0.0028570550732452526,0.005896720523670537
1024,0.0030576887860115365,7.381206726750876e-4
1025,0.0027744522260146373,0.01592266096607816
1026,0.0026330268182033797,-0.0027421729398641606
1027,0.00245836723085938,4.119262855049703e-6
1028,0.0033919545473237536,7.907113832808337e-6
1029,0.0033955103650327163,0.0031361296890395855
1030,0.003044306513398591,4.4525089809305143e-4
1031,0.002495486851202832,0.006532690557128587
1032,0.002719835317131473,0.006712422702095839
1033,0.0036738796489637665,0.007786570544860083
1034,0.001897560580931613,0.011115656836233938
1035,0.002842900376486099,0.0069766279699091695
1036,0.0026843288938837367,0.007835936389075447
1037,0.0021704700797875107,-5.967522541540449e-4
1038,0.002675085040840471,0.015947073784641257
1039,0.003662142899058587,-0.003435289176503482
1040,0.0021672883629455493,0.003729857583831098
1041,0.0029194766293488003,0.007121269829625566
1042,0.0029400883646592806,-9.913382712306322e-4
1043,0.003466656143817095,-0.0018283699782970153
1044,0.002640713767348604,0.008782903713430615
1045,0.0023905993916607166,0.007395015303194615
1046,0.0026525082932201656,0.00961618957392692
1047,0.00265479751747,0.008552728325956977
1048,0.002768604500845151,-8.998511357904857e-4
1049,0.002662803105084381,0.0038108033458974216
1050,0.0024000111662716987,0.001681569371782419
1051,0.0027660435012732735,-0.001148392814986872
1052,0.0019883299197561055,0.0019446204309900902
1053,0.0028392884916299634,0.0015688542211859738
1054,0.0029086560997370033,0.0012188218199410278
1055,0.0029386945598652197,0.010861408825332802
1056,0.0032216836857359194,0.004857395061896153
1057,0.0027852708238133095,-0.00464913813740231
1058,0.002750690838569701,0.0011992055852894168
1059,0.002781540753455437,0.009283124637389572
1060,0.002725816815647796,0.007143464691433336
1061,0.0035889833397583218,0.009980993888925262
1062,0.002745513236199352,0.006969545881188216
1063,0.0032000359355182275,0.0023305263207202163
1064,0.002969012892959888,-5.155966421791728e-5
1065,0.003349759731551427,0.0012883489560182853
1066,0.0034659893746493095,0.012446502302413405
1067,0.0026155399997581635,0.00387130326754456
1068,0.0018696354367518896,-6.444365360354972e-4
1069,0.0035564221861439124,0.008244434388593045
1070,0.002716710525855528,0.006550388314558642
1071,0.0029002389025759683,-0.004305711478115393
1072,0.0028012470939619834,0.006687779627705647
1073,0.0022762757721065206,0.004606083439061503
1074,0.0033112509414578804,0.017060267134472226
1075,0.0037457005645550683,-0.007197060166825586
1076,0.003596660662336935,0.0031506221604190895
1077,0.003259620845775682,0.0038212838150584547
1078,0.0029237957014219083,-0.003028487856155015
1079,0.002897100377934016,0.0019041266807227706
1080,0.002321976581507407,0.007399164434185944
1081,0.002505090523452393,0.00773991655810836
1082,0.002888602651008491,0.008206627204801496
1083,0.0027160902105089124,0.011932699186847702
1084,0.002022470887843453,0.011588997807294561
1085,0.0035398512728527735,-0.0015374519807156992
1086,0.00316457038745406,0.0051331259527634485
1087,0.0035409123454878187,0.008400250837616008
1088,0.0029685434733927514,0.006688797726395692
1089,0.003155729977701799,0.01162508941943251
1090,0.002926675983348758,0.009589302887970047
1091,0.0031937280478184947,0.008603947647073649
1092,0.002141638870767306,0.003985166942991338
1093,0.0020503787914565204,0.01270596780537551
1094,0.0030660407514248953,0.013429739445279807
1095,0.002966411681708475,0.006991915910960047
1096,0.0028882896230686553,0.006509346554367602
1097,0.003449358355755541,0.007160319989667503
1098,0.0031406538195087688,0.0035280797479886154
1099,0.002764187626165975,0.005799826604644521
1100,0.0028012462948161566,-0.0026274897429558195
1101,0.003299456786461787,0.009813513002341376
1102,0.0023176133068707363,0.003679202609655283
1103,0.0029495057171930817,3.939239621054665e-4
1104,0.0031946325523375197,0.0011353236663635012
1105,0.0014906003280663665,0.0038552996929533028
1106,0.0027940916737784864,0.00933507087056172
1107,0.003027082811440226,0.004684272903638686
1108,0.0035913528642938543,0.00609916185578652
1109,0.0039373200723862335,0.0097858702946342635
1110,0.002616815455752488,0.002461535338721592
1111,0.003097637251672769,0.009257057263266467
1112,0.003185232241929625,-2.4502254050231403e-5
1113,0.0029018791721245035,0.010642221167582133
1114,0.0031991037371356637,-0.0018084648802241324
1115,0.002590481835504052,7.010593631456112e-4
1116,0.0033148142639154517,0.0032366563773159763
1117,0.0033812737571261406,0.008600665629854126
1118,0.002739328140052751,0.003376539958368922
1119,0.00303829793892505,0.0032830332561375134
1120,0.0026043397167200663,0.0099034715866122
1121,0.0029842375161789076,0.001898931900807855
1122,0.0025996255476660713,0.011022532203330295
1123,0.0032556378298469637,0.007708012030099281
1124,0.0034157338930530545,0.006218281694561616
1125,0.0038812310955782985,0.00930629029012407
1126,0.0028075692678409675,0.007041089737004553
1127,0.0023889777803295076,3.746588628253259e-5
1128,0.002724294718003462,0.00392653592022665
1129,0.0027047432400385627,0.00333224816898943
1130,0.0027274614334736394,0.004542788191882404
1131,0.00252522982771619,0.004272900778409637
1132,0.0021328177512810517,0.0027211688519560443
1133,0.003920359001697606,0.0018637488917837798
1134,0.0029119999868146805,0.007522472236585842
1135,0.0029582433547801048,0.011024489210197684
1136,0.0027025644502387965,0.006161569881128704
1137,0.003545304530878086,0.006162734571087665
1138,0.0025223312403437345,0.005141892451956113
1139,0.0013741212566786233,0.005016803180756332
1140,0.00261876309295652,0.007791168132191317
1141,0.0025520887146916636,0.012681471125409577
1142,0.0029666084218782974,0.013154650604603038
1143,0.0026775579001317236,0.005291333101135083
1144,0.00350770289048072,0.002441475370140151
1145,0.0030640495594478766,0.006592860019911589
1146,0.0023220472321852674,4.0862732797990013e-4
1147,0.0025067374540524217,0.005380680092657574
1148,0.002803171696997834,0.0031467420727885453
1149,0.003435597411908615,0.006075469127511836
1150,0.0030912650591235634,0.015108924705186254
1151,0.002824096148279561,0.004122527601031977
1152,0.002262678153985547,-7.192516419401909e-5
1153,0.0024071429128518177,0.017641268308724315
1154,0.0026835142450996104,0.005909796434849776
1155,0.002746766933606668,5.154717926434886e-4
1156,0.0023241092073853368,0.0066696514960545815
1157,0.0024798296428218377,-0.0011565410985992404
1158,0.003043457024499282,0.004117298514595637
1159,0.0029722199638735165,0.0061047371093234095
1160,0.0029989635369242914,0.008805318947848903
1161,0.003251210316544608,0.00399090460874524
1162,0.0030239668287193318,0.0015319249540074785
1163,0.0036128995465138252,0.0034687798904069873
1164,0.003205616440560736,0.00884970266922143
1165,0.003666321584455622,1.519848357795896e-4
1166,0.0032963765997622444,-1.2566477138204368e-4
1167,0.0030569486949983426,0.007242399726283634
1168,0.0031140282075546844,0.005366133993829956
1169,0.002991380308630629,0.004847483025084106
1170,0.00235838364154777,0.004958348300065539
1171,0.002269091340544313,0.006704442643819978
1172,0.0027549044740938894,0.007226345247505346
1173,0.002998059597740517,0.005450041234085073
1174,0.003730129245605635,-0.0012479975297678986
1175,0.0029722396431184233,0.006741312864282117
1176,0.0033528520914819517,0.007066269488951174
1177,0.0030919808048297704,0.003691893995553421
1178,0.002710812982702225,-6.682753452078808e-4
1179,0.0031552800708193884,0.0035916430928236267
1180,0.0017496818488773988,0.0016860555398722564
1181,0.003741215586885977,-8.720550071615579e-4
1182,0.004345032945161721,0.009341122324566214
1183,0.0027097047240108845,0.006187188243399628
1184,0.003307326279448091,0.0029341289757291154
1185,0.003543026196858808,0.006484665241741107
1186,0.001998567565825651,0.006488207238312418
1187,0.0032956232247892477,0.01331679620773692
1188,0.0030890544386259653,0.009440213940142782
1189,0.003407750934087453,-2.872314520681223e-4
1190,0.0025217501278240505,0.005674890014954052
1191,0.0039831840544961175,0.005774538533538819
1192,0.0029271380879665057,0.0067564804765067755
1193,0.0011313145776497948,0.002591839745093159
1194,0.003078137096762696,0.0017381319015299592
1195,0.0031401618413051465,8.594172692941533e-4
1196,0.002775778807003823,0.007987702184497151
1197,0.0025545735529043504,0.011554545005427207
1198,0.0029819479007241268,0.0010676954047892729
1199,0.002662428969778757,0.007010470473128196
1200,0.003002023701795164,0.0026351921458233935
1201,0.002798328517358935,0.0013993856843735125
1202,0.003117256307242612,0.008659576313192313
1203,0.0032241157182335695,-4.4832789783693923e-4
1204,0.0026728542337135985,0.0041371916834793175
1205,0.0029256692599274135,-0.0012557178868873942
1206,0.0032384738934292103,0.008251105126931602
1207,0.0027637220437781137,0.012507258404313552
1208,0.0024781503303574195,0.002391502862823502
1209,0.0023234789463593784,0.014950450697903845
1210,0.0026060373050580386,0.006477958853011402
1211,0.0028041220245931748,0.004811254308596373
1212,0.00274644630793043,0.01210979121290303
1213,0.0026642764081186215,0.00912582207738085
1214,0.0028614929564768706,0.00980651776214272
1215,0.003909716291263182,0.010191316386399498
1216,0.0035015910196948253,0.001457368869993498
1217,0.0026626016437052975,0.0033805977958842708
1218,0.003163468493105983,0.004612495044515108
1219,0.0030664414089554954,0.012727633610650433
1220,0.0032579773684039913,0.0017443604747086955
1221,0.0033074812530481364,0.009591131501735566
1222,0.003503825306476972,0.00939855109999431
1223,0.0024046064854396708,0.010138088304658314
1224,0.002624176376500901,0.0033049533587895022
1225,0.0027849660257674956,-0.0010053952012397096
1226,0.0033655100808891486,-0.00334127695064004
1227,0.002240364651651808,0.006132826425524445
1228,0.0024829318925411797,-0.0025150915105740614
1229,0.00207500335357995,0.008157474436039942
1230,0.0020967356165597735,0.0035483809284946235
1231,0.0020761483238590436,0.009560841431384626
1232,0.002883467500083986,0.0147285723524876
1233,0.002479200737197822,0.009982095716726013
1234,0.0032754559011581963,0.0077491994741231834
1235,0.0015642464635650612,0.004217833637311019
1236,0.002781530953793465,0.0053453388359630954
1237,0.002861760733296609,0.006188238057665144
1238,0.003819623706024764,0.008630403136150938
1239,0.002242207468985916,2.6812000489708464e-4
1240,0.0023274832841316375,0.009863269029232074
1241,0.0025979077834662138,0.008577864982681342
1242,0.0024872642777511423,0.006077897031674814
1243,0.0033529804383563558,0.017872535324705282
1244,0.0024804077058774507,0.0072226178873097575
1245,0.0032197066921631186,0.008978367929490534
1246,0.0029995368998129036,0.006087621293627471
1247,0.002974320241655344,0.004920830797863469
1248,0.002344123265777884,0.0017762276048721637
1249,0.0031105480497229483,0.004317852605466733
1250,0.0019751031049592307,0.009689296197405519
1251,0.0036727050420178333,-0.0015114157892822744
1252,0.003655871074388436,-1.2069177883075599e-4
1253,0.0029345161147211764,-0.008753632940438606
1254,0.002668257872944121,0.006761641498749187
1255,0.003412270720584124,0.0036444834468045174
1256,0.0026658573624969983,0.004766234848313329
1257,0.0029459714408418846,0.008090916142809877
1258,0.0021192729302358035,0.004490265521335806
1259,0.0021990088885235587,0.005444188967900056
1260,0.0030077985643613037,-0.0011055080827411978
1261,0.0030777988051071546,0.006899759435408217
1262,0.0027342812650539474,0.0064423605729042885
1263,0.0025072906791348657,0.013106765076077975
1264,0.0029738852345875997,0.002250048119622227
1265,0.0019026646583523853,0.012480677712340169
1266,0.002868769499744593,0.01087425677881094
1267,0.0025258724111760574,0.005544309481829077
1268,0.0034106309352352434,0.00426084795272137
1269,0.0026790243774998863,0.009003262468822406
1270,0.0019816538290614925,5.801565434030978e-4
1271,0.003235326529382938,0.0044963783828217245
1272,0.0037478413547466964,0.010766051820058242
1273,0.003306854636244483,-0.003608755684455696
1274,0.0025315109991275427,0.006996170804429207
1275,0.002516919129709147,0.001412264855259859
1276,0.0030218297503349875,0.003201088392405893
1277,0.0023599083765284594,0.009096809949646699
1278,0.003781579372595709,0.010684337452822594
1279,0.0030065680228679548,0.010276886854937033
1280,0.002490057238815401,0.013786915545582229
1281,0.002511552193673198,0.008489414480168229
1282,0.0021471156317750357,0.0059528821048843135
1283,0.0030960179672632803,-7.839514951973169e-4
1284,0.0030180179121535515,-5.106782916871272e-4
1285,0.0026068990624316312,0.0036307868972037
1286,0.002889851761971166,0.008254652284957881
1287,0.0030040884412836223,7.266447561811197e-4
1288,0.0034943320707458854,0.002953651037777571
1289,0.0018188774413162691,0.0016730632263732895
1290,0.0036757289786662328,0.0014651599074973504
1291,0.0026266538052784247,0.005519463964720686
1292,0.0034566923787146832,0.008561803500520389
1293,0.0023990879410200686,9.461009033767832e-4
1294,0.002988293992714047,0.003418410934430188
1295,0.002881119120025324,0.007547659643072054
1296,0.0030412178680548903,0.005262623695817926
1297,0.002598932654509977,0.01320273573443052
1298,0.002902286755554894,0.0035900284470827496
1299,0.0034654310600783257,0.012696494532978869
1300,0.003347922330543481,0.0064649837674690055
1301,0.0028985417619512527,0.009430459064517204
1302,0.002602979877239968,0.010724551891329023
1303,0.003730309052229176,0.004857152036976088
1304,0.00272299551488219,0.003090076354362284
1305,0.002789673715033599,0.004476844389977159
1306,0.0030068594663910336,4.2512118237294735e-4
1307,0.003710721446818877,0.009470335196394732
1308,0.003786709070773676,-0.010254089948168775
1309,0.0018946106094568141,0.0041140630565608466
1310,0.003304424546628037,-0.006231200918610099
1311,0.003157557709895348,0.01104104070649345
1312,0.0031212681483782736,0.010223345563971094
1313,0.002534335909972296,0.005195893868948736
1314,0.0025854082224192844,0.00904828400101103
1315,0.0034081072774067534,-0.002120968416464447
1316,0.0029986960469212042,0.007767711753067016
1317,0.0029276626453479644,0.013496004619245508
1318,0.002301430887193622,0.009387418430238114
1319,0.0029912232525490736,0.010887050139376062
1320,0.003127997900860575,1.1073472562386517e-4
1321,0.0025334700513737194,0.011557538932961955
1322,0.0026333028781975873,0.008687959529752012
1323,0.002860890605781118,0.00982196245461744
1324,0.003706100208581745,0.001953431478418247
1325,0.00288559996416971,0.004211814909604757
1326,0.003529128534972706,0.0041283944084378734
1327,0.0027717704784555428,0.002780745347572882
1328,0.002126030734587093,-0.002196093841536427
1329,0.0018608747450265303,0.007230876949395869
1330,0.0029844109105611133,-0.00528490008324575
1331,0.002394299370029024,0.007691391255198073
1332,0.003135955870453523,0.0075198686879322215
1333,0.0030135360485258663,0.008616145155541637
1334,0.0028966780678274036,0.01349236730995595
1335,0.003101077279279557,0.011993460610615254
1336,0.002447766156309445,0.009201282275256534
1337,0.003001313537404916,0.011517447660815118
1338,0.0029971228942599903,0.005784853764012051
1339,0.0030957512733876084,0.00465541880163624
1340,0.003322160036873031,0.00514051784810657
1341,0.003110001116250981,0.005189837061441607
1342,0.0026450832544968224,0.012832938665388118
1343,0.002246613176735632,0.00328380628865388
1344,0.00280903839153223,0.0055333800097366916
1345,0.003144887329280409,-0.0012534482658791823
1346,0.003077998404741835,0.002547697472352487
1347,0.0012545472962345334,0.005878465866730023
1348,0.0025074504951251484,-0.0011930977105127812
1349,0.0029912627670123423,0.016728280977097172
1350,0.003641395998268446,0.003950206387866004
1351,0.0023417701659678943,-5.852092926626569e-4
1352,0.0019827207110319077,0.007695888252943986
1353,0.0032045078962734093,0.007798812484023683
1354,0.0023733678619996743,0.005609921306820851
1355,0.0025493410851268705,-5.18462759522274e-4
1356,0.0029389654585655466,6.461037779489198e-4
1357,0.0028457005634362183,0.006846013497407212
1358,0.0027131163740073605,0.0011564353040579472
1359,0.0026289069251611355,9.373198018143847e-4
1360,0.0027861978201390632,0.00602773195457408
1361,0.0028398562475155506,0.001168640586231299
1362,0.0032387696293648253,-0.0011907639215422003
1363,0.0019440761764580477,0.007934996842247199
1364,0.002765502079840464,0.011739390732125241
1365,0.002509109160819725,0.0020612986221169383
1366,0.0035132352146010973,0.005099069411917971
1367,0.0030587903164412907,0.002265157327107803
1368,0.002931937611739014,0.0034327108873520246
1369,0.00264091456324202,0.0027994875418196575
1370,0.0021866863522777328,0.007009949451426927
1371,0.002795860676917171,0.005728819319027984
1372,0.00237234661514928,0.00587909404597809
1373,0.00231788517328868,0.0012062908870461046
1374,0.00251597111505467,0.007018502734238295
1375,0.0023315482117989743,0.011470408916824028
1376,0.0022921893644526677,0.0035018480034802245
1377,0.0013212096721943788,0.003659402500998903
1378,0.0030418631013183007,0.006370940873939462
1379,0.002315232091025448,0.0088472318464508
1380,0.0030641424469908503,0.0012191196110950984
1381,0.002902940647756525,4.123543138622992e-4
1382,0.00269815832790392,0.0022762413417307366
1383,0.0024046042647285315,0.01630853935838771
1384,0.0026917202112925463,0.004290667063458784
1385,0.0031583548189400906,0.014315507844965521
1386,0.003322498356683083,0.003137098130677725
1387,0.003426305282678623,0.0019631803592304663
1388,0.0032021482429173695,-0.0017933511944629664
1389,0.0031042055753067416,-0.0028475785034998147
1390,0.0036220481990283412,0.007703034651579109
1391,0.002967313688216485,0.0027912218389324383
1392,0.0030077642427391335,0.009138981514022744
1393,0.0019525365222614387,-0.005473174025693409
1394,0.0033136821211905707,-8.962791827962554e-4
1395,0.0025986927050323273,0.004469165191255728
1396,0.0033764388028359148,0.004282427481393203
1397,0.0028713023858489557,0.007461625562659293
1398,0.0034900777279472436,0.0036696755374308306
1399,0.0026019972010792713,0.008414316490008466
1400,0.0028082703840430173,0.01025621791973503
1401,0.0034483266189523007,0.0025205479379918766
1402,0.0032776396951744303,-9.429646471910231e-4
1403,0.002541117615874269,0.015298109155105806
1404,0.0024884180877070964,0.0018550156069283745
1405,0.0019299777006200397,0.0014372740550727603
1406,0.0029112658719227702,-0.0037488325108179284
1407,0.0027874968516291734,0.0025978151090371515
1408,0.00291013122147271,0.009099805087342207
1409,0.0027463818588303462,0.005423955302511167
1410,0.0030640665578916555,0.0019740244832237132
1411,0.0031733629125182427,0.0044133816403354046
1412,0.0022736467519760303,0.007769558737708955
1413,0.0021605059148476794,0.006254823228071941
1414,0.0031899112521914063,0.011209249433627163
1415,0.0017289472895168103,0.010688738525483549
1416,0.003348934743369777,0.0058278517385077985
1417,0.0027364142606467706,-0.0038428859409050955
1418,0.0023244257545597933,0.01397917483530095
1419,0.0024082975831015243,-2.6649843544596184e-4
1420,0.002807742461161049,0.009072816627014979
1421,0.003254700909323083,-5.678594692008825e-4
1422,0.002469905541175631,0.0034489968670622104
1423,0.0030940705246722696,0.00354733580057186
1424,0.00318063349110028,0.010488114698967823
1425,0.0018892132234460516,0.011927024457084111
1426,0.0035775912989411403,0.007314985418430249
1427,0.003030897383311038,0.002726583501038297
1428,0.0029540720464575117,0.0023801579533936357
1429,0.0033906256401324292,0.005987692142892613
1430,0.0026089624313574322,0.0116024394367328
1431,0.0025960514442866377,0.0022705906188685582
1432,0.0019279059141852062,0.015345288044521586
1433,0.0022880508771585453,0.007012612401742706
1434,0.0029446467396126684,0.006199411749910427
1435,0.0022838743074944296,0.0010808280245158536
1436,0.003857412215953444,-0.0017046292737679433
1437,0.003423927526363206,0.0018215161392726824
1438,0.0037914759727345508,0.016711693050024415
1439,0.002513861483829964,4.144231703950285e-4
1440,0.0028887231556015643,0.003434755456488481
1441,0.0032595370131963193,0.002774224684283708
1442,0.0034428320970978765,-9.876602396492991e-4
1443,0.002324641863213676,3.0596547717386905e-4
1444,0.0025261742627784873,0.005292427933331213
1445,0.0036047262911807834,0.011748545057708889
1446,0.0032290370123071177,0.013247429049449295
1447,0.0027843056399752503,0.008681094630723545
1448,0.003472452497745115,0.0033907177902716143
1449,0.0031445063467049708,0.014026839817011371
1450,0.003048014569707957,0.005140512892720929
1451,0.0030820253909763532,0.0015672990564500771
1452,0.002059738626420935,0.005246438781512027
1453,0.0026983072912134137,0.0029907157568770603
1454,0.0031001922843624623,0.013991791707792146
1455,0.0021878826100579186,0.0012667936706834675
1456,0.002206547551272393,0.005505121434776633
1457,0.002442850748349666,0.004206314735567251
1458,0.0027303481542052793,0.01296667266214875
1459,0.0029320511307538437,0.01251587159103829
1460,0.002936577926569625,0.006326285569796721
1461,0.0020762047491680756,0.009564704636699613
1462,0.0024870066141212937,0.01052613377025355
1463,0.0029841480979243057,0.01100031248781509
1464,0.002740960883081979,6.068978205349927e-5
1465,0.0021017594649537456,-0.001576820046027729
1466,0.0025535282021505856,0.01044904811547336
1467,0.0027620010187671333,-0.007168568101132547
1468,0.0036472497215785248,0.004333176731296545
1469,0.0025365805233955358,0.010245187759427928
1470,0.0031334546013510067,0.004121128530022866
1471,0.0031791969713553013,0.009847363332532982
1472,0.00244705681778409,-0.004949704809126839
1473,0.0020461053513717905,0.005236190079018018
1474,0.00271186321371144,0.0026345092552001095
1475,0.002848766446058329,0.0052291676732759
1476,0.0021519426310357094,0.014199694603224563
1477,0.003089735048639217,0.0030390600266698674
1478,0.0028689491023744565,0.004199673185510735
1479,0.0028869377172901613,-1.5511720913995923e-4
1480,0.001828488188450524,0.009184834372853626
1481,0.0034385489945048245,0.009522102220347446
1482,0.0030275485538642562,-7.691894021152976e-4
1483,0.0026092611948305366,0.002613354505048791
1484,0.0017604237225953493,0.010884080125677268
1485,0.0025651512089021355,-0.00287066826076862
1486,0.003453684536153221,0.00723015311439112
1487,0.0024059935562661286,6.921923785676923e-4
1488,0.0024349984808124305,0.009719930310544914
1489,0.002715569260729274,0.0030562413364481596
1490,0.002351856744442908,-0.006083364140462287
1491,0.002799734960268788,-5.214556476527774e-4
1492,0.002813335060861194,0.005704113168546013
1493,0.003770693701759745,0.012021585054356344
1494,0.0023654164721259876,-0.0030834469159446197
1495,0.0025920370059795508,0.010077994465037881
1496,0.0032469511976969062,0.01186370667943269
1497,0.0028785091300980426,9.279700203983091e-4
1498,0.003439461120251301,0.011063635870531155
1499,0.0023123708542603138,0.0013649481139998325
1500,0.0026826566073381575,0.004642702430189732
1501,0.002661321560657748,0.014313845695072734
1502,0.002688667575508889,0.011018599926261311
1503,0.0034701850682140587,0.004461544846275515
1504,0.003015555791225628,0.01028276332997051
1505,0.003055491603742695,0.0034876427223918985
1506,0.003018049962110278,-0.002875063136861018
1507,0.0028292690065420847,-0.002803429223272695
1508,0.003836726565142273,0.012613169843689997
1509,0.003580909645417023,0.011374106839181625
1510,0.001814460972767214,-0.006379644960833574
1511,0.0025708719013494328,0.002044004376311504
1512,0.002582488081303218,0.009448294201081054
1513,0.003037498502741121,0.011982013157021864
1514,0.0025783906245727224,0.0067209851967792635
1515,0.002865064208272885,0.0016422690757512222
1516,0.0032341893899729616,0.010519899177832711
1517,0.002874231585788327,0.005644262373198976
1518,0.0026367400517602266,0.0031931740688227574
1519,0.0031697646577790025,-0.0046902256134573606
1520,0.0025604279711876304,0.002313018253928168
1521,0.0036943488684004783,0.006710950558601311
1522,0.0023335588077774503,0.004765238306750673
1523,0.0032547328053800467,0.007717133865400991
1524,0.0032635635600793333,0.013782798696081244
1525,0.0028486171506826603,0.008593572545791153
1526,0.0032014615840691555,0.00908730323196107
1527,0.0034231592675790564,5.308703367391645e-4
1528,0.0023020460881649956,0.007343611423084166
1529,0.0029451917773562156,-0.0055872688434267185
1530,0.0015016561957919435,0.010308757968851123
1531,0.002285955888668164,0.0027040906852153143
1532,0.0038734508261506354,0.0037547338850476867
1533,0.003659626879829476,0.0012149813833170651
1534,0.003263561883249647,0.005318610016064457
1535,0.0025304538029115964,0.004906136225446647
1536,0.001955456365222818,0.005279252463494659
1537,0.003428934669688096,0.004015578147508758
1538,0.0030050156420870873,0.002450984265038649
1539,0.002257519721850804,0.010726978867464623
1540,0.003066003963149223,0.002350675843658795
1541,0.00251002466085212,8.403597758807006e-5
1542,0.0019081674481700426,0.014336161738152543
1543,0.002750856460046947,0.002801153532599776
1544,0.002796551281437426,0.0018929941567784117
1545,0.003288427957954517,0.006810673403815731
1546,0.003070167499598916,3.576463809436565e-4
1547,0.0024039861261855797,0.0018769422127021835
1548,0.0021248635381150164,0.004433182609590216
1549,0.0027392011007315665,0.0075246710852090535
1550,0.00268000089785813,0.0071557742737505215
1551,0.0025008792395872018,0.008260932450929789
1552,0.0027641280763481646,0.002769511363598344
1553,0.0038182734073372603,0.0065037493424755215
1554,0.002759912018476362,0.00447515125931696
1555,0.0029142947053237772,5.976925647177191e-4
1556,0.00271974129037264,-6.697142043026599e-6
1557,0.003335896896689604,0.014003080399082905
1558,0.002455661830067706,-0.009893719089293504
1559,0.003319086052461128,9.629377966513262e-4
1560,0.0029245361347752996,0.003232684461446777
1561,0.003554430658187033,3.054912665547433e-4
1562,0.002924948180819749,0.007398539215180233
1563,0.0024684885799936703,0.004566715821046766
1564,0.00245158094159361,0.0023240710326757324
1565,0.0020199923874865094,-0.0014306647213845557
1566,0.002058734780895228,0.005431537370321903
1567,0.00258896502539315,0.004076867001229282
1568,0.0025640559052726554,0.0029700238861145815
1569,0.002871667632264752,0.0041455789035138805
1570,0.0026690628624018616,0.00433652653256763
1571,0.0025499647445520954,0.012957387100749385
1572,0.002016044930029092,0.009874960928623541
1573,0.0038297967884819355,0.004497684289376772
1574,0.0026484342656197964,0.011219135116712482
1575,0.003476101015253503,0.00639780548975891
1576,0.002426732000901571,0.010745563816049577
1577,0.0021413031592049945,-0.005100580927295451
1578,0.0038381541501279976,0.0020291600852205497
1579,0.003498459973601976,0.004355286538010822
1580,0.001838181214834998,-0.006523164308633049
1581,0.0028307100431348674,0.004472627195898118
1582,0.0027868310069338567,-0.001362867188382176
1583,0.002410340070088395,1.3967715729697357e-4
1584,0.0022272394029691205,0.0016696008507899782
1585,0.0028452630310591112,0.0034174340698347543
1586,0.002660466657864134,0.008648102149155477
1587,0.0028282452024226594,0.005569905891031772
1588,0.0023101926294638165,0.003538148057700652
1589,0.003465540034934148,-0.003432405863394386
1590,0.002575689148218558,-6.972264020529686e-4
1591,0.0027004001904828326,0.001631322145611039
1592,0.003137738310503854,0.00935340881400821
1593,0.0030159514672216366,0.0036086810112118803
1594,0.003637720502058803,0.0100791018372254
1595,0.002087731599499877,0.01130255138213685
1596,0.0027038968293098863,0.014779605402638032
1597,0.0031938785146170628,0.009013697870083354
1598,0.0030869742558302577,0.007368536075598385
1599,0.003308084393183552,0.010194969888989474
1600,0.0029182819998398073,0.0023409916940873897
1601,0.002185161910337378,0.00413799976919827
1602,0.002940275986844205,0.002328179010277212
1603,0.003803149420624321,-0.006921523602292069
1604,0.0030503701557231745,0.0062874437309583505
1605,0.0034036317349641853,0.011943991015838379
1606,0.003046380195092416,0.004487872915074555
1607,0.002798234281347767,5.030015881714745e-4
1608,0.0027762466885491517,0.015173625674656906
1609,0.0021762068522077306,0.006001028686249323
1610,0.0033947185345435124,0.00505526538462508
1611,0.002630831094170455,0.009300235023368467
1612,0.0017733452474295525,0.008890326183920091
1613,0.002591802205006417,0.00581027916618192
1614,0.0027658462607695433,0.009295046686100917
1615,0.0029255693834245224,0.008451637769118274
1616,0.0026728794113859778,0.010561607316937385
1617,0.0023186524420378443,0.0011087358529702353
1618,0.002280849631969769,-0.002927243304467325
1619,0.0032207314215354794,0.012025590255365263
1620,0.0028734326770270277,0.010489226588357155
1621,0.0030332283270497118,0.007006762141740116
1622,0.002657537718037646,0.00346902744218683
1623,0.002418885108104339,0.006519283109308404
1624,0.0018542201526841279,0.008189832937109233
1625,0.002531859740154937,0.003946943591301398
1626,0.0029231189083620615,-0.00039452246652058943
1627,0.0017184813811867913,0.004958674287030673
1628,0.003213985216311735,0.0014707734700093638
1629,0.0024623795066143032,0.010735998147768776
1630,0.0026835301754367462,-0.0021100148468381715
1631,0.0029505163692992455,0.009256466154119071
1632,0.0034039910593881137,0.015034246773965624
1633,0.00244975920710215,0.0023210764130855805
1634,0.0025849333409350955,0.004674119917451624
1635,0.0027623549121664794,0.008691412126061159
1636,0.0021986041733923377,0.0072695125009951634
1637,0.0023500675262828697,0.004677061782013063
1638,0.0030411664185029277,0.007123568185476512
1639,0.0026794424871953797,0.0044990093852280135
1640,0.00309763291702531,0.0021778126222535645
1641,0.002971591267226833,0.008342649313753862
1642,0.0031204015922059597,0.003778918344336392
1643,0.0034171567179291564,0.0025150072997676054
1644,0.0026063470266326125,0.011261022017796989
1645,0.002864485726555126,0.004319315886192121
1646,0.0019547141326455558,0.00781293140800023
1647,0.0026107657406408058,-0.001852123196855682
1648,0.0025884484912888977,0.0048074704284466925
1649,0.0025402208848161953,0.009924111937894777
1650,0.0027322387492082732,0.009525896963130607
1651,0.0022469049912684966,0.006718066056288339
1652,0.0031647528482462535,0.009645401769636752
1653,0.0025169358475715317,-9.511376413344581e-4
1654,0.0018465092157419094,0.007968534124062333
1655,0.002230939208917095,0.001872980861029256
1656,0.003956881364494378,0.004718061734315101
1657,0.0031394205327222387,0.004090715109940276
1658,0.0026018540904953003,0.011225113630529937
1659,0.003519523396903481,0.00452768154005713
1660,0.002540870342758981,0.012800114008582324
1661,0.0027155349977022944,0.012610099682503121
1662,0.002457226775764355,0.007570259732669541
1663,0.0018432792417341468,0.008059953004028736
1664,0.0014889325405780243,0.00757557009009616
1665,0.003244584475925978,0.014114997526743056
1666,0.0018399964764568026,0.0035170919921549133
1667,0.003066554865347854,1.6473730939254444e-4
1668,0.0029432191622088674,0.010272425781135717
1669,0.004022617418671333,0.0042036128493865
1670,0.0027016118532630965,0.013564937082874342
1671,0.003297603992493821,0.0021681888718850005
1672,8.946054778416681e-4,0.007725332688242699
1673,0.004017493271022226,0.00944441178767652
1674,0.0023495737107949066,0.009226200846375817
1675,0.0033930725063366527,0.007067274347293961
1676,0.002524928082293382,0.00674896665249265
1677,0.003606997170137039,0.005448222907507567
1678,0.0026471763597576093,0.007667027605212042
1679,0.00308928170761962,0.00625688601919388
1680,0.001962759204020079,0.005922850984194521
1681,0.002511224022302997,8.374534066751711e-4
1682,0.002910693040855873,0.009983473292796044
1683,0.0025964976949296244,0.007413096452083739
1684,0.003456589812748211,-0.0012842305114319497
1685,0.0024974128055559254,7.44150457505725e-4
1686,0.002813917893163453,0.0013278890227087373
1687,0.0032028256177059336,5.602090447600766e-4
1688,0.0025992024813981814,0.008050613572575402
1689,0.003210877841547056,0.007174579064635114
1690,0.00313496383077356,-2.642249042590514e-4
1691,0.0031669834474078156,9.903887422974564e-4
1692,0.0034650620890252846,0.006230371105728478
1693,0.0026770197960853327,0.007342064323581896
1694,0.002848196890502899,0.0052455458236454755
1695,0.0028901143995591215,-0.0027117572626508364
1696,0.003578422973704627,-8.792849697788442e-4
1697,0.0033770023167062975,0.009186354671777353
1698,0.002830288813154746,0.009132596598218032
1699,0.00369996473546694,-0.0010831846821098795
1700,0.0033084753097694353,0.004664072557839667
1701,0.0034331298725010654,0.006966458556532101
1702,0.0032541768398377195,0.015788953981432697
1703,0.002750807477979682,0.009269367113063996
1704,0.002912294184517231,0.007820058317075369
1705,0.002492600408699093,0.0017030219643595522
1706,0.0031707352326864487,0.013980386031223596
1707,0.0025688811555271145,0.005390851199849766
1708,0.0018219426621188823,0.0038491236010358273
1709,0.0030624721663866012,8.270016103844374e-4
1710,0.002700300343121406,0.00653456170901858
1711,0.0031948442714470437,0.007080944410800823
1712,0.0026139506440798323,0.0018820989258288776
1713,0.0038046997069112187,0.014635053898481208
1714,0.0022985983574996148,0.007144464337202458
1715,0.0031963717759559405,-0.0018745273447068854
1716,0.0031334262725105705,0.00734147847524293
1717,0.003345160034472395,-4.3988284999918383e-4
1718,0.003436448141503517,0.012310764905084003
1719,0.0030421521850109287,0.007308826989448206
1720,0.0033395614650173185,4.521158782936942e-4
1721,0.0030731044622581078,0.0024830632127287857
1722,0.0025185349588261624,0.0018945605666911194
1723,0.0019938657074276772,-0.006789243176828864
1724,0.002854284920150823,0.001103612135148683
1725,0.0021778341908695945,0.010695030434769347
1726,0.002352338976052021,0.008153310692908748
1727,0.003543387944999572,-0.0021530559659230187
1728,0.0035736421666979707,0.008950406271503047
1729,0.0036393137993599696,0.0076289442317645124
1730,0.00261770873811507,6.757429395730027e-4
1731,0.0025633187290946126,0.0037519487225923234
1732,0.00198040704686581,0.011196647471611766
1733,0.0027749297678214676,0.001564213874901548
1734,0.00234419594377035,0.014205386273106631
1735,0.0031051004575472995,9.797112625601224e-4
1736,0.0039736997655816855,0.0013822270236409314
1737,0.002747889756117805,0.005406100670332194
1738,0.0030979636050899634,0.004030910691341338
1739,0.0030221779859608143,-0.0018806504173196174
1740,0.0028377744826033587,0.0057628433685831225
1741,0.0028427036867317962,0.0013456733204497235
1742,0.0029475096913273886,0.006459351338272067
1743,0.0022523666124759363,0.015098936523682367
1744,0.0023958332271953385,0.001219307666221795
1745,0.002643857158875578,0.007375270082517999
1746,0.0032250658628252236,0.01344157531548009
1747,0.0025522367490507336,0.005776412272413265
1748,0.0024185415724901774,0.0065954795413131154
1749,0.0020846453594645866,0.01212672090292674
1750,0.0032607286059072077,5.880910678216084e-4
1751,0.002200412240453865,-4.3899532390542263e-4
1752,0.003152076943414714,-1.124737649018312e-4
1753,0.002954656801090058,-0.0051982091059139
1754,0.0031775307994450935,0.005481480651983927
1755,0.00272335470924488,0.008598897543835835
1756,0.0031261140123243266,-0.0012819231284104948
1757,0.0026530414944680846,-6.447225108227369e-4
1758,0.0031095667101353917,0.011609536138696365
1759,0.0035187785111751337,0.0038614308290431595
1760,0.0034204020225948126,0.0029813577021756046
1761,0.00257432175663602,0.00981328562117113
1762,0.002445778018422895,0.007757356659237301
1763,0.0026305553963505623,0.004236533690480772
1764,0.002463804662068941,0.013122468101718509
1765,0.002300148127326739,-0.00516635298505622
1766,0.002804920675555511,-0.002115325506694526
1767,0.002546501875857093,0.010353306189089535
1768,0.0032818641318740215,0.0022816062544388387
1769,0.0028861943923975063,0.0048433215876798425
1770,0.004142953492480427,3.290324774066406e-5
1771,0.00272019059130723,0.002558761482237399
1772,0.003164849427601614,0.00526685173991417
1773,0.003407594821476211,0.0036976522438283677
1774,0.00244923133559417,0.009641572152726869
1775,0.0025993127602161807,0.006839927106082765
1776,0.00303857364755544,0.007037364666909834
1777,0.0030377199352687153,0.0010843637009617423
1778,0.0028428237828427723,0.009986579222680049
1779,0.0028802309209413637,0.008522008508648916
1780,0.0016805631616257119,-3.031096335545909e-4
1781,0.0028080344183300347,0.003132734639527659
1782,0.0030012074831043817,0.011993527545421791
1783,0.00384272702892428,0.0046336660640464685
1784,0.0034256310084980015,0.006687286410404709
1785,0.0026805449647651926,4.801511229517051e-4
1786,0.002888675981125747,0.004029280440296069
1787,0.002013447903673718,-0.005402776745004303
1788,0.003469522226597828,0.004793878067025111
1789,0.0035847301670671413,0.006476480856557516
1790,0.0030641591296451214,0.00191803846701059
1791,0.0029699267064670853,0.008251296562588592
1792,0.002865138994765377,0.004942806085959955
1793,0.0028968947249177826,0.0018973560030794857
1794,0.0031499904064561535,0.010956608356366308
1795,0.003272097459995504,0.012898950136891404
1796,0.0024512560363954923,0.003587789300820544
1797,0.00297403595474871,0.005261890462643008
1798,0.0017865214604488228,0.009052321101179362
1799,0.002195467537559999,1.407895532644643e-4
1800,0.0034745209415660418,0.004729999418518491
1801,0.0036839705117433586,0.0057562574641002295
1802,0.003456385439149891,0.008515856349316162
1803,0.003392430107580311,0.009901900127952291
1804,0.002655186104958687,0.001143614497581315
1805,0.00305797645887843,0.001632662159063907
1806,0.0027851181074838773,0.0061001095066815
1807,0.0029865814125299745,0.005417569448528409
1808,0.003009712683710632,0.008902299188383603
1809,0.0027577981769608137,0.0070090301406057634
1810,0.00240049243050686,0.010208785764518976
1811,0.00279772597209102,0.00929665259537867
1812,0.0023922121874987534,0.007034468475610107
1813,0.0032593868879096,5.4651388024924e-4
1814,0.002374150768948258,0.008667145388082793
1815,0.0030276655341703908,0.011371284068718238
1816,0.0024567999125717625,0.0034367398324525004
1817,0.003275933654693499,0.0032712789608213984
1818,0.0022673978042557458,-0.0025653440059461613
1819,0.0026152677761453963,0.004754409726421005
1820,0.001214176272170359,0.009334513955450983
1821,0.0033707642979327666,0.00755465278812111
1822,0.0022399830677680733,0.005318547323469011
1823,6.943787913570758e-4,0.003149291998121423
1824,0.0033941985275905604,0.006222623913324657
1825,0.0034277734566188806,-0.00812121515527614
1826,0.0029784592085723483,0.005419895183222103
1827,0.003367745533109291,6.804790054429793e-4
1828,0.0027102370054549675,0.004221876015666303
1829,0.003330954119169348,0.0057769962768740605
1830,0.003855266199983774,0.0013945406053662087
1831,0.0026646470874071293,0.005288785868523629
1832,0.0035876321158995503,0.005011692915659019
1833,0.002670105409089183,0.008813542804946726
1834,0.002492472501721036,0.004922544796912202
1835,0.0032347683291684176,0.0022604932632754784
1836,0.002424858529577417,0.005873876466230677
1837,0.002633100564567842,0.002664105651553307
1838,0.003084905729195326,0.0018537401256645673
1839,0.0030291714559090048,0.007753148614815008
1840,0.0020366004977349665,0.010579953845940314
1841,0.003595806933907024,0.004298479665648685
1842,0.0026008320035600524,0.009845864963442676
1843,0.0036434731674556604,0.004154990964065369
1844,0.002869289876102071,0.005671893697214499
1845,0.0030275451109942567,0.011748388179477234
1846,0.0025433006912758266,0.0036576728965316786
1847,0.002801444821049072,0.008931871306411897
1848,0.0025165204792755476,0.0064674655175451685
1849,0.001953453590761111,0.004675391144416695
1850,0.0026323232304684397,0.010323056060634835
1851,0.0027193524161619642,0.0021640998240167663
1852,0.0029906258631855285,0.008682379605532147
1853,0.002123558506019849,0.013398090315236677
1854,0.0024479823486951288,0.005884996665937585
1855,0.002698935882288888,0.006539504498023107
1856,0.0036421907732608763,0.008969357732156832
1857,0.003201116237630217,0.006792275888753946
1858,0.0024784645440441627,0.008848277345656545
1859,0.0021083513672373955,-0.0010014782314852607
1860,0.0024166158815442837,0.008780932054533189
1861,0.003120487074325878,0.0042492613365476845
1862,0.003339171002181193,0.0015085137971051284
1863,0.0030290238836299943,0.006917850074543246
1864,0.002668790548015559,0.014826822554818108
1865,0.0030851535175786277,0.005554695166309297
1866,0.0027651148475335355,0.009477892875165272
1867,0.003296666899216509,0.0010877755958011801
1868,0.002883288233205953,7.127070695019406e-4
1869,0.0027579764296573666,0.013075576087818975
1870,0.0023068789315151077,0.006048797647841685
1871,0.0029903315947319136,-0.002483977193871917
1872,0.0034261773381839495,7.846097876962584e-4
1873,0.0037347004740717355,0.0020911448818134505
1874,0.0024220885582643325,-8.295800752387405e-5
1875,0.0026735006242998966,0.009079929376013419
1876,0.0031588065805680013,5.771119900749126e-4
1877,0.001583682442871835,0.005919620043063663
1878,0.003054533611281441,0.008896782307354278
1879,0.0030137824821215614,-0.0017445567766854707
1880,0.0030756393513992905,-0.0018856115051446012
1881,0.0024902179791784457,7.316716506561693e-4
1882,0.0029956391159017405,0.0025160455409942595
1883,0.0027635075959844702,0.00638786065963323
1884,0.0032211760011602855,0.004094810276007374
1885,0.002724836385453143,-0.0019247295428328984
1886,0.002721635752818788,-0.0037754121190719005
1887,0.00266342555986918,0.012956563075192756
1888,0.003072674624173948,-0.0017076674788276758
1889,0.001911140833230383,0.011827956272550727
1890,0.0024550872308231574,0.015167172249475714
1891,0.0025100055451598947,0.00892778298430084
1892,0.002873489302729519,0.004198054719110965
1893,0.0023955899946693443,0.010424809179546092
1894,0.0038203669713638214,0.008628758379205115
1895,0.0031718441174589,0.006813826976552899
1896,0.002671862512135285,-3.535557484103495e-5
1897,0.003770884729742169,0.006331266486362318
1898,0.0017148701792973444,0.010189250067985161
1899,0.003252887328227567,0.002299068375973068
1900,0.0025847208386126173,0.008709994803988465
1901,0.003118749540986276,0.010995266919329371
1902,0.00355192922990775,0.00505705067224221
1903,0.0028453936068973317,0.0111324206908845
1904,0.0029716100011359186,0.001301644930693715
1905,0.0035017426205886265,0.007560456948599712
1906,0.0030218574430955717,0.005675410049339706
1907,0.0027722930781959006,2.8281185182071336e-4
1908,0.002123642022186447,0.005029502477973499
1909,0.0031241101324637767,0.013065391926395822
1910,0.0028737504358146357,0.006178015890707498
1911,0.0025445036650376955,0.009683839924189513
1912,0.00195452579571106,0.01749596978911861
1913,0.0028577435820558326,-0.0014441710579201116
1914,0.0031944295239065817,0.004907524748551077
1915,0.003728698471177562,0.002449702892823654
1916,0.0031061499678897765,0.007470740298788866
1917,0.0027220975174334313,0.004195866617476809
1918,0.0029042833642336473,0.009118469656577947
1919,0.002747285510818987,0.0024457923223227553
1920,0.002706097746538872,-5.082475106496368e-4
1921,0.0025027759212588848,0.0054838291398795844
1922,0.003020595525056367,0.012225659291869962
1923,0.002877122435309562,0.008283406229812749
1924,0.0030206212350789895,0.0023363319779288972
1925,0.002701296426826043,0.001823455220341663
1926,0.003439178178583704,0.005096093923573642
1927,0.003537117927325668,0.0056179624660671005
1928,0.003291832321797157,0.00976653086976188
1929,0.002220185166631625,0.008564718848250127
1930,0.003115489332525684,0.0094385773782816
1931,0.0027855828315764566,0.008257634159290445
1932,0.003006200356309209,0.0010449240050693165
1933,0.002432629719548269,0.0038985100743862736
1934,0.0036761062017327687,-0.0015687205435518216
1935,0.003342149297956229,-0.0014541549013679098
1936,0.0025742087099630802,0.0020938698079543865
1937,0.002421533347372949,0.005032997899092254
1938,0.0014959843245738664,0.010590067245348112
1939,0.003334313198592217,-0.0092327212041282691
1940,0.002641668716786089,-7.55308713277493e-4
1941,0.0017836232542428276,0.007072099827722662
1942,0.0026870544547835757,0.009245782509303462
1943,0.0025714389585637957,0.013404394947930649
1944,0.003342874133613637,0.011034103593525775
1945,0.0031152704970527694,0.010154497526092383
1946,0.002594438075973342,-0.0030149230305854873
1947,0.002076692549107147,0.008078413116887258
1948,0.0021051835787306737,5.786496817505554e-4
1949,0.002816087313258329,0.00907249072493503
1950,0.003053730650111013,0.008990721213630995
1951,0.0027159543287018206,0.009517972370205116
1952,0.0018394469263651445,0.0076804049057701464
1953,0.002520440572593936,0.008724113536737977
1954,0.002743711644878865,0.005713507956521147
1955,0.002753997762785462,0.002200461159885674
1956,0.002445842838909592,5.267366335692525e-4
1957,0.0029498236267774124,0.017099760329895228
1958,0.0028992202237186865,-0.003850235650602051
1959,0.003506588763938238,4.984391201198219e-4
1960,0.0027493671005808136,9.619228757549554e-4
1961,0.0031830443989224752,0.009755155545486846
1962,0.0022286530690804945,0.010356607048044182
1963,0.0028147044281763823,0.00811736824847638
1964,0.002900887315200343,0.00268969609045353
1965,0.002710845933817969,0.007535006273266878
1966,0.003202405148130584,-1.5911632541945077e-4
1967,0.0017280827897480288,0.005269894018590584
1968,0.0029217548175713686,0.0033692301701274043
1969,0.002893254730344477,0.01075814909284139
1970,0.0023749952842655538,0.00323177108109557
1971,0.002236532539431488,0.004760749433502066
1972,0.003448395040878878,-0.0022985895934220747
1973,0.0029282186244809377,0.01135365915030036
1974,0.003288658084079975,0.015753450386700032
1975,0.002534279193799918,0.009111791940770848
1976,0.002630622004013759,0.00930847109693968
1977,0.0024127276433465474,0.0016701347424488042
1978,0.0022445035662087137,0.004719099670644119
1979,0.0032540177501543107,0.002918602794733542
1980,0.0034363696692782833,0.003569471440950096
1981,0.003533081482786108,0.010930467873343305
1982,0.002643229731991876,0.0015120098999567991
1983,0.0034229129009377825,0.004637468075774022
1984,0.0036722477425279398,0.008835687707919093
1985,0.0036189758641991194,-0.0021265790623776616
1986,0.00255984600377027,0.004714481269084024
1987,0.00287848050977874,0.0017779870177904791
1988,0.003588288816195536,0.010542713371985524
1989,0.003397649528047692,-0.003196059039052384
1990,0.0015916435821137407,0.0058352747140260055
1991,0.002272935319281421,0.00920678344269184
1992,0.0034252616634009854,0.012092234122678323
1993,0.002800829094298461,0.006454410615715467
1994,0.0012617420989057709,5.823041801901506e-4
1995,0.0029922640667002748,0.0070785917624851084
1996,0.003087545175954152,0.01337319054346463
1997,0.0027515528331976463,0.0016131445515229878
1998,0.002730466340688008,0.011109332155392568
1999,0.0019916436008044222,0.008537198800444975
2000,0.0022500459255852395,0.004769155850239096
2001,0.0018599545389537853,0.005514894527887899
2002,0.0023799022472719526,0.010622754838431865
2003,0.0031657463679447507,0.0017878148686473949
2004,0.002850920102798348,0.0018575732151634753
2005,0.0028594261743762573,0.0038788992405261666
2006,0.0026769992464463956,0.013123664609656877
2007,0.0030323664395478303,0.00893288506796825
2008,0.002567340468802756,0.010054612505274285
2009,0.0032459131501134057,-2.1222290092353865e-4
2010,0.002565139033488103,0.014126002337600203
2011,0.0026762281279761914,0.007353307740179131
2012,0.0026850304105448274,0.010043897880451458
2013,0.0032604775445474973,0.0033788781988404633
2014,0.0027115540277831787,0.011212846145280345
2015,0.0023693338358713924,0.0058056631149486166
2016,0.003310536211204463,-0.0039236601216351905
2017,0.0033732209390983352,0.004415626909883938
2018,0.003214049922053692,0.0086371371414413
2019,0.002718933637687702,-0.0030506117097708987
2020,0.002843860309757543,-8.573573959006029e-4
2021,0.0024923914327284096,-5.732802403236202e-4
2022,0.00209527627538623,0.005714648529555808
2023,0.00358691596092911,-0.003566894680045938
2024,0.0030734249335030114,0.01151547640437179
2025,0.0014047893820686593,0.010108674329155468
2026,0.0024731776448743015,0.00565182142550776
2027,0.0026020268339060314,0.0032555227861738355
2028,0.0025017122903891516,0.00959541086135663
2029,0.003185948394457681,0.003987310755189354
2030,0.0037034223276859114,-0.001806677467141948
2031,0.002803935895625944,0.006264557109732596
2032,0.0029193412084586117,0.0025023151450533996
2033,0.0028222019702495165,-0.011293612095760793
2034,0.0028903322934336418,0.011825370926192574
2035,0.0029389693959139367,0.004337172472034441
2036,0.0018129040592505003,0.009468385735341584
2037,0.00265877821745068,0.0015861667420978467
2038,0.0030607721577417296,-0.0011336989792691135
2039,0.002507987664092319,-0.0021117290420865635
2040,0.003559816879047093,0.0034590052901237083
2041,0.002936840682096437,0.005308011549978643
2042,0.002420801679598963,0.007578061438666422
2043,0.002141805834832243,0.0034677991478196312
2044,0.0025019576866689725,0.006944809743276179
2045,0.0036374094275213585,0.004092227682988871
2046,0.003095098383809867,0.002388035569049371
2047,0.003318815149909905,0.009508190296176748
2048,0.0033044962979007155,0.0037829528743325183
2049,0.003237026785745954,9.751550943431766e-4
2050,0.003202953559770135,0.002406080721226861
2051,0.0030028692942840134,-0.004473981320552028
2052,0.0031353404212051484,0.005304402087152826
2053,0.0028594618525621986,0.0043132632972821
2054,0.002759087239128668,-0.0013055669031791749
2055,0.001933536516816421,-0.004933699196762696
2056,0.0029381677571869214,-0.0022271075904713427
2057,0.0038746543134267684,0.0022943183014921937
2058,0.002619774527473458,0.0032717155297776693
2059,0.0024441441885405357,0.016140224703793074
2060,0.003486788203044141,0.003841488427524674
2061,0.002897054852065345,0.0017844272281859396
2062,0.002250364038787703,0.002648965854785866
2063,0.0033749080551907025,0.003237084842765003
2064,0.0033871271881659487,0.005208309113588142
2065,0.001998246716417617,0.007084086230626878
2066,0.0030110287186720197,0.00755811834687106
2067,0.0029613141656311282,0.009423835558159633
2068,0.0028767292341943702,0.003473350087354417
2069,0.0031265721087597393,0.004004454900757422
2070,0.0026670087232545936,0.007821960090164408
2071,0.0036384409179641697,0.010603260499553346
2072,0.004195180769958241,0.006360842554353352
2073,0.0025866165519501496,0.0032174293890219114
2074,0.0030225057225435623,-0.0015719952391466687
2075,0.0028720150200272575,0.001382108604868302
2076,0.002190647696260892,0.004364398256410716
2077,0.003546667124586968,0.008192083472588273
2078,0.003191518543784885,8.488051156642516e-4
2079,0.003212478726624751,0.0069473913629247985
2080,0.0024442575880009782,-0.0038424268202261747
2081,0.003885193592007423,0.011031104574377915
2082,0.002749765629396457,0.0023562324835134
2083,0.0035476437258154976,0.0028490036817682782
2084,0.0024075407848455042,0.004976492947591057
2085,0.002507667331233171,0.0018065890319385845
2086,0.0024063201856793165,0.012382253352054335
2087,0.003167983824487841,0.0015496253657069044
2088,0.002966636107132462,0.004088479327424648
2089,0.002371172579320684,0.006757259303719762
2090,0.0026795892699927404,-0.0035520518051441407
2091,0.0031115774099627295,0.016801321540791003
2092,0.002704527042197745,0.005427385154465739
2093,0.0031039635444959357,0.008509053550250712
2094,0.001996343795582922,0.012777018373809724
2095,0.003312069334644942,0.007613264638898399
2096,0.0031277949582507432,0.01213323697305679
2097,0.002615654272735297,0.0032851979130027187
2098,0.001647733754709139,0.005384533810609068
2099,0.003743068904745398,0.0034342913133503803
2100,0.002871172726361641,0.005880381306870384
2101,0.003558715634644576,0.004023813580544714
2102,0.0025139888065273484,0.001305350566974174
2103,0.0036366922171360513,0.010734434279905416
2104,0.00275845670601839,0.0016100210576334305
2105,0.002206358611082319,0.01045202347197744
2106,0.003111699852548677,0.006691463697473461
2107,0.0035631006094060383,0.011165564853327458
2108,0.0028727896586916296,0.005869523445416932
2109,0.0030001948406794127,0.002211306521234453
2110,0.0038251221067919323,0.005713534005550663
2111,0.0032900572544053903,0.012383186421719351
2112,0.0030498505425435264,0.004300244246302022
2113,0.002965426855607957,0.005281774650674383
2114,0.002156889999663008,0.010469136028532132
2115,0.0032486543027980225,0.005613336679994944
2116,0.003083827492712246,0.011797992472945797
2117,0.0019448248996613007,0.00711743579000165
2118,0.0023985811279298927,0.005887646666285055
2119,0.003268861408553857,0.0028214284747280407
2120,0.0026353431392161005,0.002578965750155182
2121,0.0033117030455295927,0.011372952599614943
2122,0.002689843823704542,0.00783484138898141
2123,0.0027841390088502475,0.008420258883395534
2124,0.002517273755730963,0.004680905366414265
2125,0.0026843300464869328,0.0025647295705118044
2126,0.003260914527997889,0.001509405943003415
2127,0.0034329476831576958,0.006969111230723147
2128,0.0029277944268252926,0.007044674654955468
2129,0.0032672221278611255,6.467311559247473e-4
2130,0.0029394051854691066,-0.002168205410851092
2131,0.0030542646331670285,0.001389137549419594
2132,0.0036797581887863624,0.009817688963234875
2133,0.0026421034743698783,0.009326272129343994
2134,0.0021694848533328377,0.0013580175072858969
2135,0.0030694784166309993,-0.0046838475773980405
2136,0.002547452454553502,0.014173361293469165
2137,0.0029254973491283586,0.003233420903751412
2138,0.002329401856747732,0.0032840161553372004
2139,0.0037516661422406037,-0.0015708420284362772
2140,0.003209332629718421,0.005665118285471605
2141,0.003138712844864215,0.008353263211989157
2142,0.0022961756709739536,0.007921877624922859
2143,0.0029515801841411725,0.009221323375232918
2144,0.002914659942191346,0.002622649978617517
2145,0.003615383486374867,-2.6661911493594146e-4
2146,0.0030934326367058665,0.014466619557933724
2147,0.0018664742882499113,0.010964983206666083
2148,0.0030331287391468092,0.008599717297344078
2149,0.003101780612235168,0.0012224494410800202
2150,0.00187271196271268,0.007296956993192025
2151,0.002469412940062735,-0.0015301980388717443
2152,0.0029555750029149125,0.011183109368758281
2153,0.0011501084779682366,0.002533962232791343
2154,0.0022501299273085563,0.00408628435071827
2155,0.003160338548089513,0.0032144966499684955
2156,0.0033000106054198995,0.013987530414443835
2157,0.0022519742986296665,0.004542812848351466
2158,0.0028904661604993156,0.0019363414808475803
2159,0.00300553547509175,0.008072063167723497
2160,0.003238844747504086,0.002384918108184823
2161,0.0030628271704575107,0.0012645206113889645
2162,0.003553860741994513,0.004280516413303943
2163,0.0020685785998469652,0.008153915014424886
2164,0.0024374542299539894,0.005910871119761317
2165,0.002823374933289542,3.5046268146604435e-4
2166,0.002461570014350549,0.0062103203580203365
2167,0.001868195568120803,0.007894132648537566
2168,0.002895547846383733,6.61438663316972e-4
2169,0.002748216488225062,0.004679221399774058
2170,0.0030880657776126814,0.008023344365416202
2171,0.0027843995181380293,0.0034568273745808325
2172,0.003066295426458715,0.0053425628805238295
2173,0.0024001436653928844,2.628683548200556e-4
2174,0.0034866961393402096,0.003984810434644772
2175,0.0028683634184943946,0.00977248336428109
2176,0.0035458400678108604,-0.0036484494310235274
2177,0.0025183679930499982,0.009589697182106106
2178,0.00260467240941709,7.036153386803475e-4
2179,0.0024255031996182133,-0.0018602068594519008
2180,0.0020972859735350112,0.011671509549215562
2181,0.0030803137117559583,0.00698854804119001
2182,0.0028792315502743884,0.011007418897576043
2183,0.002729492894741537,-0.0016914485242451654
2184,0.0023439418784110735,0.01335602032089036
2185,0.003360737363541477,0.008258037389186242
2186,0.002127566035604477,-0.003115947547221219
2187,0.0025502789193290443,0.002086397134394264
2188,0.0022889005172075237,-0.0022107199529385778
2189,0.002678625546505667,0.005623777163530583
2190,0.0029008718241835658,0.004254111046518596
2191,0.002046297062210328,0.0059245847382119006
2192,0.0025264868916178933,0.0028865485611896387
2193,0.003762720915996689,3.4153139957242675e-4
2194,0.002784359611770056,0.006184084556851598
2195,0.0030384916164132567,-0.007236146258289293
2196,0.0033695519078550517,0.01094929324546207
2197,0.002823116373454025,0.010910786500022373
2198,0.002772891290962001,0.006437435210541775
2199,0.0034428070697828366,0.011977990729162037
2200,0.0027614445681385965,-0.002057944628737888
2201,0.0030393989031221886,0.008713492409803897
2202,0.0034195805784504292,-1.7693093846102553e-4
2203,0.003852884216717752,0.008212488611485935
2204,0.0021861403806677374,0.00563448352159749
2205,0.0027133615527709064,0.006090839433044044
2206,0.0023400888998489507,0.013020123119018687
2207,0.002535403576084394,0.008918328480060005
2208,0.002936564107261313,0.004408800457692775
2209,0.0034864084324195566,0.008974906275755432
2210,0.0028283828805304645,0.006302401308487091
2211,0.003580392804577052,0.005432054518638402
2212,0.0024466244365561702,0.005793343570972808
2213,0.002438692128194505,0.0074798497205826615
2214,0.0027552152185115397,0.00509448578891696
2215,0.0021780835622291885,-4.2620660404264906e-4
2216,0.0030399273196435525,0.0010844755177818605
2217,0.0023099374775103474,2.0665649532092614e-4
2218,0.002707441067166609,0.010419024479033803
2219,0.002557660357344271,-0.004405445234937547
2220,0.0022507300311869188,0.012382457517858693
2221,0.003041682450585138,0.006867084896249195
2222,0.002789543956326761,0.012204843278482655
2223,0.003358490038459647,0.007432905878183555
2224,0.0035179651047875546,0.009706000643171658
2225,0.003524437467243137,0.008518713814747572
2226,0.003344780109427739,-6.319245599087208e-4
2227,0.002693338886118072,-0.0025406902980133427
2228,0.0021084912742830595,0.004851659718107779
2229,0.003058469395210969,0.009137648142184804
2230,0.003109964154323699,0.013593253072997318
2231,0.002778278198476061,0.0071935124577561065
2232,0.0032247385213585488,0.0036139312238771437
2233,0.0023310798245149682,0.006781997264465578
2234,0.0032534114980892867,-0.0025001791684577885
2235,0.002532287453968599,-0.0022058006597615257
2236,0.003109055266650552,0.005809527950618971
2237,0.003628535834057073,0.007738668638970105
2238,0.002828113889424076,0.0023461960837133167
2239,0.0030701669157326985,0.00844474358524318
2240,0.0028434826347858606,0.016824843972892016
2241,0.0030660588094635487,0.006436155895475141
2242,0.00200580719338093,0.007883836426439911
2243,0.002253147393357326,0.003955694416361216
2244,0.0024767251363489195,0.011390681722030817
2245,0.002102706693413373,-0.00256711101490611
2246,0.0030481241419290104,-4.694310652230008e-4
2247,0.0026201122535662123,0.004993569332484289
2248,0.002682330431318677,0.0022475803900201133
2249,0.002370327524786913,0.006441087505760635
2250,0.0030836992174406246,0.004732603182756795
2251,0.002701562566170725,0.006164306794197839
2252,0.0028328696639649672,0.0070668703445721254
2253,0.003637209843778263,-0.001048807412833675
2254,0.002380150518445993,0.013627229609776286
2255,0.0018131525887336093,0.009577543168644936
2256,0.0028516811730423908,0.009912777567385822
2257,0.003266205731135168,0.008773057382988197
2258,0.002509630742563196,0.0069932239356540835
2259,0.0021166570828314666,0.0029530933890523185
2260,0.0028010927669498372,0.009591106187317143
2261,0.0031593319735738704,0.003959343846888753
2262,0.003489402778133762,0.009070126935143178
2263,0.002831081712505385,0.01529652942746376
2264,0.002684573297145768,0.0036072943556632532
2265,0.003006315586852693,0.008637124022310217
2266,0.0023381767693694076,-0.007998199036085658
2267,0.0030848319202123092,0.005844494592219008
2268,0.002856936258594116,0.011096307662876784
2269,0.0023662623267275045,0.012375738805874167
2270,0.0032949973944527127,0.0028938511488773616
2271,0.0035930016046478224,-0.007639681920178311
2272,0.002376562368746938,0.00204849764920253
2273,0.0028612964208278267,0.01603652815921899
2274,0.002939256252253987,0.00598798996637674
2275,0.0026973163479886114,0.00685787192190104
2276,0.0029689274373718303,0.0031307932310169
2277,0.0029120215402066154,0.009210979526300943
2278,0.003004837564741574,0.009498444846709
2279,0.003627875442709035,0.010787948217548589
2280,0.002688983457985243,0.009835371903417702
2281,0.002933068595560829,0.00845132203291728
2282,0.0028847740925613003,0.006053510200963469
2283,0.0027553683693009264,0.00940572855919709
2284,0.0027590076909800895,0.001736096566832972
2285,0.0026326597186814276,0.006526713091674141
2286,0.003348589316198765,0.013046756648961436
2287,0.0027601105806509484,0.014149149536066713
2288,0.0036390984956092397,-0.005318631407694116
2289,0.0037361640033814,0.00782642347307946
2290,0.00382890246984521,9.874326584021597e-4
2291,0.0018174666229318493,0.005481956729569302
2292,0.003048191452591463,0.007230074969228271
2293,0.002844923099787121,-0.007803511803807658
2294,0.0029331211693405085,6.82980501193203e-4
2295,0.002620922897795291,-0.0011094784969640375
2296,0.0024729291764045485,-3.1432468787713106e-4
2297,0.003355800360037906,0.004604040334407878
2298,0.002372941423224315,0.008151797515896755
2299,0.003019929872151891,0.007570874772172283
2300,0.0026461457744907132,0.0034834831353140463
2301,0.003308601562226057,-0.0014039250179692783
2302,0.0027909074149586226,0.007498413310830848
2303,0.0032284872449128417,-0.0020303763181014553
2304,0.0020184315946810572,0.004957717799575047
2305,0.002789605346779249,0.011143191794783854
2306,0.0035144090509270313,0.005240078868263911
2307,0.0026234685353210894,0.013184011940562273
2308,0.0029945800991104505,-0.003190004688048879
2309,0.0028380103922561657,0.006074030985590749
2310,0.002886078505614777,0.005025303163416718
2311,0.002885449069300164,0.0038783381823699285
2312,0.002419536746913226,0.002863282109640228
2313,0.0029788206864208924,0.005416087253978918
2314,0.0024350912996249667,-0.006293567897055024
2315,0.0030624370747432948,0.011976280792666239
2316,0.0025347802370490505,0.0020099693881713058
2317,0.001996742300523722,0.004952542242355379
2318,0.003278510516052005,0.0018184630074427888
2319,0.002291561412162164,0.007970959268200973
2320,0.002509570564711787,0.011782956001988034
2321,0.0032029681067223792,0.008654955371142775
2322,0.002257334656624195,0.016431552192300934
2323,0.0029394688575037848,0.0062255020766375044
2324,0.0029621758714653067,-0.002205405384646122
2325,0.0023520411003335076,4.428573097181483e-4
2326,0.0029310803622407816,0.013117104719344602
2327,0.0035469470530559697,0.011494449126452937
2328,0.002896955276989973,0.01229736036427426
2329,0.003144562032391661,0.01172085959739761
2330,0.0026159266081880856,0.0033075384778920754
2331,0.0022160903013766654,0.006275611827077332
2332,0.003220651230075695,-7.657260677628001e-4
2333,0.0023219708333245084,-0.006521439951631942
2334,0.0031198240762954003,-0.0032084242147663155
2335,0.0032178715169400495,0.011384346766707614
2336,0.0034543501674554485,0.008585158795058244
2337,0.0022600848528144413,0.013141675391904205
2338,0.0034813983435812083,0.0040492156971882525
2339,0.003344108161633797,0.006992072069667601
2340,0.00411684530224281,0.012691092973048244
2341,0.00280794077433438,0.011956675813165481
2342,0.002781178107794149,0.0033683967553409795
2343,0.002043935701791843,0.001672795839691956
2344,0.0028607527498901884,4.18541767104346e-4
2345,0.003074061477883795,0.010120094253266737
2346,0.003523164077495948,0.013006149644784113
2347,0.0026019857318731977,0.004941228291391453
2348,0.003813782178935735,-0.0030726904004743003
2349,0.0036416991738709497,0.001966551512110481
2350,0.003216453387303923,0.005484169553073232
2351,0.0028251225279038615,-5.240858506170478e-4
2352,0.0030542203689935352,0.008790379265496433
2353,0.0033391970918097537,0.009003791325438396
2354,0.0027386349733851093,-0.0042594229015849245
2355,0.003004071122959136,0.010505109119524438
2356,0.0032354647012034633,-9.987012712496506e-4
2357,0.0026274877043059126,6.791014940849115e-4
2358,0.0026856880054679667,0.003550845087844887
2359,0.0021650131832644946,0.0030827633765048634
2360,0.0034915709495171444,0.014139779924536175
2361,0.0037481013581648318,0.004525816929306306
2362,0.001812796998171962,0.009067661846110776
2363,0.0028049604070782145,0.006220763013736923
2364,0.002786186168092938,0.004439813385132406
2365,0.003203928831162114,0.010377624194019098
2366,0.0025944962090111525,-0.004230912667192382
2367,0.003359314290492182,0.006045864464358075
2368,0.0022034497843876066,0.0036478075646904137
2369,0.0037493331024999995,7.543242375770542e-6
2370,0.0022837538619643887,0.012975355422953739
2371,0.0024782863728760353,0.0035350254540502174
2372,0.0034176161278306853,0.005063166048121337
2373,0.003274700949910248,-0.001782000580277025
2374,0.002088214425831686,0.010128451900276862
2375,0.002980290149965377,0.008588149494324111
2376,0.002565076419665628,0.004590555439264303
2377,0.003142975788999332,0.003114775874788008
2378,0.0024576031238904457,0.006694068810408675
2379,0.0025828572794178773,0.01359766590549415
2380,0.0016756075700747352,0.00970490422528308
2381,0.0032132734484501086,0.006970794160573289
2382,0.00298526371946556,0.014825067052966654
2383,0.0030511833027954973,0.006818662025930089
2384,0.0026418279350407248,0.009109080776993385
2385,0.0034444388010066436,0.012156509616687806
2386,0.0024451220528143498,0.010437625917290357
2387,0.0025854698343073376,0.00268235603006931
2388,0.0029607046176513287,0.0038194878550334792
2389,0.0014643292552170705,0.007132212101390678
2390,0.0030164494180149673,0.004939749311848445
2391,0.00406721648062496,0.001227433513352319
2392,0.0029670531638390178,-0.010736260334319628
2393,0.0022173812391140103,0.003540091125052221
2394,0.0033706721316563827,0.0049006547990037485
2395,0.002823851138338172,1.7096211800007432e-4
2396,0.0031840904255999655,0.0057479573035261996
2397,0.002701992585574733,0.012408454156098132
2398,0.0028059914463531566,-0.003381747605999901
2399,0.002694385908505676,0.006698996609745574
2400,0.003022153825967476,0.007275964105181384
2401,0.003482061741629099,0.009524364932201514
2402,0.0034491531891452888,0.009457769375822777
2403,0.002357921263486734,0.011799638613109998
2404,0.0028393430600828044,0.007990932855750395
2405,0.003137052029619225,0.0013283192170564263
2406,0.0031455398072269226,0.008053995131543815
2407,0.002681453119629103,-4.6459569374751684e-4
2408,0.0025169211848262768,0.013956762703960303
2409,0.0024947018507523095,0.009652821483700199
2410,0.0026681711885509275,0.00531579672603653
2411,0.0017555398624240564,0.004082668007483789
2412,0.0031002949612521113,0.006347641225242594
2413,0.0030402190793357184,1.470314389837987e-4
2414,0.0032192310598837064,0.005293110478479059
2415,0.0028033336299496648,0.004338647584493441
2416,0.003041559955669646,0.008953131778119829
2417,0.002984876563679978,0.011366985742754077
2418,0.0024192124570917204,-0.0023066597324522273
2419,0.002176725999757401,0.010566558340197563
2420,0.00274461702436778,0.008718089771325897
2421,0.0032059680780154053,0.01760870519607796
2422,0.002651857500937397,0.0033265064014983796
2423,0.0021901426711301367,0.003453531580027629
2424,0.003302870837506652,0.009069948714933638
2425,0.002873532717758988,0.005390900574622537
2426,0.002907773363678684,0.0062211855101196875
2427,0.0026742960111005142,0.004113653924324071
2428,0.0027049403986670537,0.005719354219075965
2429,0.00323428081177391,0.00509418672679815
2430,0.0024055609698415328,0.007798150730498835
2431,0.003170286734232136,0.006088030471290045
2432,0.0024456051811128504,0.010487589777483783
2433,0.003308678889546627,0.001639454874857338
2434,0.0021898535531800897,1.4747992200295733e-5
2435,0.0029976985607233476,0.004103379475695589
2436,0.0018290066225453727,0.009414992500261073
2437,0.0026973621397404957,0.009519391878864324
2438,0.003071668186471359,0.008185175941692966
2439,0.0032003578596781,0.007139889254443273
2440,0.003407123002634219,0.007993754920331542
2441,0.003189891109538064,0.0028271192148277948
2442,0.002544762483189707,0.004369057625743838
2443,0.00305663060911498,0.007442531262590563
2444,0.002371802208581093,4.865685020229689e-4
2445,0.002840756298645956,-0.002218252208710969
2446,0.002432540360064474,0.0025822789930410113
2447,0.0032872629792929523,0.005825539255861496
2448,0.0033593369309447597,0.009005354456864838
2449,0.002509465939227151,-0.0028765918381669334
2450,0.0026713176393341285,-0.003486449231203566
2451,0.0035070804141651736,0.012095817391093406
2452,0.003186553433162622,-0.002277928228176
2453,0.003114993952383838,0.006083637729580173
2454,0.002021637822697675,-0.0017721668760941603
2455,0.003139332859092597,0.005707729360671895
2456,0.003724777378960919,0.004329069118808688
2457,0.002369953550059088,0.007943970385146949
2458,0.002870330672306182,0.004234968139578492
2459,0.0030526470422130732,0.005057377736982712
2460,0.0034444400430317227,0.006518458808362328
2461,0.0021422796189473174,0.010492099361956378
2462,0.002782002280182795,0.0032410228437614163
2463,0.00309165313911357,0.003861068587517136
2464,0.0033441982348004053,0.010197653277447325
2465,0.002045963204829605,-0.003075246373787776
2466,0.0036152956659307343,-0.0036036519995844766
2467,0.001980322776831683,0.005788500305844202
2468,0.003030242227226924,0.004474223980238838
2469,0.0028805916866276706,0.010489133401109216
2470,0.0036401514047416958,0.007109962425175633
2471,0.0029860612688606056,0.015428629282519604
2472,0.0028761951643331905,0.009984024136967104
2473,0.0033431116391499168,8.013770893897012e-5
2474,0.002270904755721048,0.013720752328163707
2475,0.0032731988903284817,-6.739244115540992e-4
2476,0.002582786795966302,0.0012767532629708866
2477,0.0028452629620215023,0.007645606573302487
2478,0.002746615200109844,0.005095288946696207
2479,0.0035381857156252085,0.00479958173068301
2480,0.0021458226780700813,-0.0010450421348885842
2481,0.002342127406274979,0.006384392539706391
2482,0.003270298080954795,0.004922068750413632
2483,0.0032921925979660224,4.234892900166643e-4
2484,0.0022791128433881556,-3.691579519542361e-5
2485,0.00281864644326623,0.0061516599277694995
2486,0.0019893507219411743,0.010860859184441015
2487,0.0027096304488839315,0.006153544036158953
2488,0.002934068766313433,-0.008677116592960447
2489,0.0026774197010819628,0.009467914453715379
2490,0.003714134969350792,0.0015734178593114654
2491,0.0025033579662646446,0.005728566464974369
2492,0.0031580075182909098,0.007271357553188109
2493,0.0026419244081191014,0.00861883214583083
2494,0.003028984707275254,0.0019337735829422472
2495,0.0029328838584615218,0.009837396831396282
2496,0.003030374903818824,-0.002044314372371683
2497,0.002302248461542148,0.0064945811042489395
2498,0.003193703441678712,-5.573482349136684e-4
2499,0.0024846698032822997,0.007923782716387046
2500,0.002524587159444018,0.0036802703540529964
2501,0.0026326433598288248,1.22352845768065e-4
2502,0.0023423978903591874,0.00947409410142919
2503,0.002964596671970365,0.00736054194556371
2504,0.0019397335991852874,0.010209685802049768
2505,0.0024135760171282296,0.00527598923729207
2506,0.0021752789136809444,0.0025912723682349364
2507,0.0032487820275163585,-0.0010298195135832414
2508,0.0034545748605559583,0.001111263855803046
2509,0.0028670415127971896,0.01224050984835395
2510,0.003226793139227063,0.003117659480022835
2511,0.002560130431471023,0.00473884714662002
2512,0.0025944964134338097,0.011109609821010717
2513,0.002205813086497355,-0.002930415019348441
2514,0.0030742665957125236,0.00181199276024514
2515,0.0025684328659924547,0.011505961806808945
2516,0.003434392493302681,0.0014360737162472737
2517,0.002564153024901421,0.0017192462580862835
2518,0.002797796473804967,-0.0012221793792039368
2519,0.002672129379165082,0.00926355571817003
2520,0.0030213953757722086,0.009609080793100577
2521,0.002116946502877442,0.006064736823103737
2522,0.002649634008968388,0.014224740868105192
2523,0.002392985220283365,-4.921699615909507e-4
2524,0.0033733721038860472,0.0034985355727907893
2525,0.0026530895878378383,0.008001617061276743
2526,0.0019699790320508847,0.011989000712902195
2527,0.003177496405787642,0.004452023022506213
2528,0.0034455233263595854,0.008538180784667778
2529,0.0037495707652124336,0.0032120978802031045
2530,0.002405620697835264,0.003582795412723325
2531,0.0027657153676062156,0.009031081908532705
2532,0.0030736277894859035,0.01084145190775958
2533,0.0025971644024956,0.007710974533092545
2534,0.003422664049026133,-0.004373349261949417
2535,0.002491503103879279,0.0037662862808549476
2536,0.0027731971121203783,0.004522492918932162
2537,0.0035169380602221383,0.00662922356961171
2538,0.0036045934393976863,0.005164777583758358
2539,0.00217452906185769,0.004640236758615004
2540,0.002282227563057355,-0.005436165401737373
2541,0.0026520517881628547,0.0035224785317400364
2542,0.0034674242526597683,0.009217216364104622
2543,0.0030436389825938865,-0.0036373871535073255
2544,0.002544827341348931,0.014422778064000307
2545,0.0032759850117669554,0.004067788059984095
2546,0.0020030208053749233,0.005864437918664948
2547,0.003633724266935422,0.006357969628537902
2548,0.002930010152285344,0.010627277235084814
2549,0.00337362280770357,0.0064528082035227655
2550,0.0028074392775947437,0.009401177322685032
2551,0.0023226932319105544,0.006007426809993766
2552,0.0039393976408422775,-0.004352165965467712
2553,0.003587832120320075,0.010717147617111202
2554,0.0030530531292621912,0.0032960347965774435
2555,0.0023258851792271108,0.011089108190005682
2556,0.0028188434375122948,-0.00854967195854506
2557,0.0031907330908272323,0.008879571894468204
2558,0.0030583397832287555,0.014456131457875606
2559,0.0031383257060414852,0.0049013861185614105
2560,0.002821839367188227,0.001240379185964664
2561,0.0022493644866966147,0.004738986763568624
2562,0.0014374744130356812,0.012906638955849276
2563,0.0033035931398319794,0.008774932672234977
2564,0.0028410189797884876,8.43480005452809e-4
2565,0.00326471259751739,-0.0011382754012741682
2566,0.00316133280416425,0.008784924199547187
2567,0.0031351751987486335,0.004917095510080337
2568,0.002874602998405887,0.017301289004289077
2569,0.002922872058841763,0.016651160079726713
2570,0.0026115470084268513,0.00881469647493342
2571,0.00253085145582794,0.02010888264512112
2572,0.002586971025922707,0.007117342201295505
2573,0.0031901149450981933,0.013687732729342785
2574,0.0027800204842741757,0.010319567462004416
2575,0.0022399680705431895,0.0048357466285530015
2576,0.0030725371263069525,-0.003999489848629545
2577,0.002717950864917729,5.69657026838288e-4
2578,0.0021532811566874225,0.01111089393462989
2579,0.002706261837478432,7.979968025506831e-4
2580,0.0015909087797664663,0.008859152128343036
2581,0.0020837693214949327,0.009104360302096227
2582,0.0028016786712027858,0.004995633997849823
2583,0.0032263900719768056,0.00553495195818603
2584,0.002815522654478117,0.00907156641171908
2585,0.0036894390854488803,0.0052992249883224716
2586,0.0032395688497342603,0.0010672888685273382
2587,0.003158732406296446,-0.001802656810360456
2588,0.002445831276873174,0.003044978448213583
2589,0.001800503478954781,0.009467588471118797
2590,0.0029416405958761723,0.014090781055954427
2591,0.00326251501851266,-0.0035753780397251283
2592,0.0032464601475918936,0.007030388289489105
2593,0.0031080224261849734,0.008265810960477965
2594,0.0026735318714586967,0.011205698178559955
2595,0.0026290148349233018,0.005592707638240928
2596,0.002995281362514323,0.003942999233315514
2597,0.0026960707919422215,0.011191773724341563
2598,0.0027913828976846027,0.010383590996829688
2599,0.00274978168426826,0.006081789405917325
2600,0.002368029115257326,4.889476789303121e-4
2601,0.003136169367005491,0.0018802138874733244
2602,0.0024588320146748093,0.009464654970521126
2603,0.003127301183371422,0.015016309321178752
2604,0.0028743494801736153,0.013225088086973943
2605,0.0031592944018481338,2.496273855873343e-4
2606,0.003043214976058672,2.99280348465443e-5
2607,0.001427552665802764,0.009234289963631228
2608,0.0031262543928993612,0.008374426750491312
2609,0.003044320189534575,0.008429348526001716
2610,0.003459352961098325,0.004743238692885574
2611,0.002359919382370721,-8.683918663311132e-5
2612,0.0029541161722851346,0.009330239942239745
2613,0.0026837279957817846,-0.004742018412425381
2614,0.0022750877477105066,0.015896942923258134
2615,0.0027132077975022587,0.0059941280577413296
2616,0.002560277821992785,0.011122042015342629
2617,0.0021831082470820137,0.003049024347359321
2618,0.003276876332135558,0.007102155619592907
2619,0.0035789975546178326,0.004078170017187837
2620,0.0032557143703955942,4.852997508546543e-4
2621,0.001661687745539678,0.009675781865234042
2622,0.0023846971646711143,0.002038943144496935
2623,0.0029051772420759787,2.7774682398323987e-5
2624,0.0028063992311259884,0.014244750247164994
2625,0.0035766868325895268,0.002759743914795834
2626,0.0031007033855688405,0.008395981164606636
2627,0.003439644557630053,0.01058643673854932
2628,0.0028534490171588417,0.0020458075420342137
2629,0.0028323096125168626,0.008554327476568722
2630,0.002723998386304245,0.011364007923877997
2631,0.0030402933690115885,0.012238748067639749
2632,0.003294639746838161,0.006082105375909514
2633,0.002625321947297591,0.008546796462974902
2634,0.0030625378339254427,0.014979585676517086
2635,0.0030796799298694485,0.013599698873425832
2636,0.0030250326851709365,-0.0018023737135344896
2637,0.002905663065874059,0.0026734629237540005
2638,0.003430364793270542,-2.9480185931884343e-4
2639,0.001988642611024076,0.010375241840569585
2640,0.0031363379490943607,-0.003183154459741216
2641,0.003014536956083175,-0.001490027018380309
2642,0.0022186120795996177,0.0040517343608088285
2643,0.002496498856158417,0.005762832334394054
2644,0.002210988520270543,0.001651235704204643
2645,0.0022958660416256913,0.018806931340468448
2646,0.0027393189730978477,-0.003366797567823287
2647,0.004006715549642374,-0.00667716280601236
2648,0.002812589011566884,0.006413001546824979
2649,0.0015268966600650263,0.004783023415356797
2650,0.002345324073045976,0.007239186103956987
2651,0.0029689050588751166,0.011849404904564775
2652,0.004068699189567673,0.0011386713541060352
2653,0.0023357339909237857,-0.0013270314516198554
2654,0.002499298798381014,0.0046442063134351725
2655,0.0022392731962819178,-0.006071334510232932
2656,0.0033888708347161096,0.010321997788142823
2657,0.002129843274862981,0.010518870098194293
2658,0.003836871942926513,0.01197020095083351
2659,0.0034196934360003184,-4.601519409536221e-4
2660,0.003211925636567178,0.006247595822857036
2661,0.0033414275653048677,0.007206630632871741
2662,0.0032045253913828998,0.012431996438126248
2663,0.0036699144987145113,0.005129885010153841
2664,0.003646990081105991,0.006825132625534308
2665,0.0025082466139666787,0.0071749101749366455
2666,0.0030171422086478538,0.004223770541990244
2667,0.0028212222991790504,0.007802991985593915
2668,0.0010419825010972855,0.006088673095304633
2669,0.0032809291331509487,0.0038502983029119206
2670,0.0030881447456027633,-4.0187681253976357e-4
2671,0.0032128928842124617,0.01729312101440308
2672,0.0032205427263056613,0.006453576282266151
2673,0.0027542059841831764,0.014208005881022643
2674,0.0026159526435520814,-1.589338093667559e-4
2675,0.0031587990661878663,0.00626029938715263
2676,0.0030974412177149427,0.005192696411638949
2677,0.003183729927913102,0.005410285446418577
2678,0.003003578228335352,-0.002398881869169465
2679,0.0022934976333323256,0.005193092037941626
2680,0.002156462543113865,0.010945554939788016
2681,0.00407581714899716,-0.004443324670945173
2682,0.002835537403803525,0.0021056107605970766
2683,0.0033427395377428597,0.004910217810178903
2684,0.0033445849918140396,0.0032862871703873394
2685,0.0029382630841432904,-0.0019101788724331381
2686,0.0033743001344522044,0.011849690750430592
2687,0.0031462902548108195,0.004294878433718896
2688,0.0040149192551069265,-0.0024623108502411038
2689,0.002864974146238815,0.004220436802790113
2690,0.0017364222716672898,0.011328580867855494
2691,0.002396628014709123,0.011330946200274503
2692,0.002732775875151788,0.011888478666826074
2693,0.002675398725142891,0.006944822348444018
2694,0.0028444769080261186,6.168021690976062e-4
2695,0.0025381325204013746,0.0019399432785790179
2696,0.0030805228966681152,0.019722233447853222
2697,0.0022248960691034895,0.008240809918363772
2698,0.003880292695062818,0.002967093214840717
2699,0.0027609753903211722,0.006724379789979931
2700,0.0032002740949298378,0.008077471548446612
2701,0.003242095378407617,0.0065583777084437635
2702,0.002223256741447526,0.007976307766935616
2703,0.002484440755915706,0.0037956180438236285
2704,0.0033139269096205074,0.010389114252788446
2705,0.003249575391863163,0.00856339434359989
2706,0.0021684547916436155,0.006580658543504514
2707,0.002459094734037855,0.0085912619941815
2708,0.003153074148728761,-0.0011451732045467287
2709,0.0025104038153790247,0.001284237126017467
2710,0.0031545337302552362,0.001047003225125896
2711,0.00305571517812567,0.007209563963060467
2712,0.002896001877506327,0.005618157799046278
2713,0.0026918546284085956,0.006158375232977138
2714,0.001802114898144254,0.00219126571840521
2715,0.002378918137754411,0.014329531957247033
2716,0.002975829186260987,0.002938975113384785
2717,0.002907189484419775,0.004355439630775105
2718,0.002544002707103491,0.009638259357215549
2719,0.003359815653167321,0.009534925226839767
2720,0.002818919037736231,0.008396289679952956
2721,0.0032371492244015142,0.008743425603848005
2722,0.0022365001063821303,-4.198490645819508e-4
2723,0.0026551590884249647,0.0027344600070587206
2724,0.0028320319835740617,0.0023048661342915944
2725,0.0030723142025182266,0.0013478056726749302
2726,0.0024422666984680865,2.1297960142787307e-4
2727,0.0025043162716386833,0.006275534623058494
2728,0.0023347699323491324,-0.004817725270119645
2729,0.002725585977569856,0.001695274555672842
2730,0.002842059160443502,0.013125653955818951
2731,0.0030277689064120593,0.003998712310173585
2732,0.00268456627326052,0.001754397246889554
2733,0.0023274182285072447,-0.0031384039976815902
2734,0.0027996446299089523,0.0014270656384884617
2735,0.0020169246367556016,0.0031987669917343353
2736,0.0029127521798756,-0.007432493414974056
2737,0.003206489297333151,0.004849188776131738
2738,0.003450477664407932,0.007458732733071965
2739,0.0018718787402570328,0.0072935092137042315
2740,0.0030878418114920797,0.002913914013585141
2741,0.0029503498427942555,0.009061088626335288
2742,0.0031958008876012732,0.004274954059361564
2743,0.001661578479011141,0.013659712918999761
2744,0.0030570620288418965,0.010311505032226276
2745,0.0031583838741872884,-0.0021335908112581
2746,0.003147917773324298,0.0015962370201708241
2747,0.0025127679459677273,6.170624563766221e-4
2748,0.0031366622588178705,0.008620102652208972
2749,0.002823491705208677,0.015192424441025863
2750,0.0024248633480498227,-0.005183894136458846
2751,0.0029384499338982357,-6.573026337226917e-4
2752,0.002806303505297079,0.014818091676624096
2753,0.0028779146515559234,0.009697134336696823
2754,0.0027334193322201728,0.01743739916693035
2755,0.0033965317584463252,0.006401342571534772
2756,0.0034379509719976733,0.0041936772741547135
2757,0.001920687752303338,0.01680380648402656
2758,0.002881015229134042,0.005676198271670686
2759,0.0029117924457208373,0.0034321036771216974
2760,0.002450261585699334,0.004697942859274856
2761,0.002247544453735938,0.0030496154623625236
2762,0.0036828496213054864,0.005694432964436559
2763,0.003265429049008727,0.00819573191876738
2764,0.002482874320437145,0.003093435941075667
2765,0.002425531313271852,0.009661790524765197
2766,0.0036581185479594392,0.011176616718012245
2767,0.003186616338927307,0.0071199276283905625
2768,0.0028543490837279455,0.007123173306662403
2769,0.002441954872176713,0.00852593973558264
2770,0.0031255008795658223,0.006747850396413466
2771,0.003382726967755763,0.006357744858879586
2772,0.0021476038360371177,0.003676063798970064
2773,0.002186544422593788,0.005536118511561996
2774,0.003414209033176733,-0.0025225411130178742
2775,0.0028659021278257726,0.006089291578069056
2776,0.0032162234160825988,0.0025573980435877382
2777,0.0037639355072378645,0.002655048157924024
2778,0.002856842884032213,0.0045111810732112526
2779,0.002674445517534057,0.008534649617344998
2780,0.0018364878559506289,0.006079031283742336
2781,0.0025939046311091937,0.005155573629449734
2782,0.0030023970791145174,-0.0019308099424986493
2783,0.001922540308852238,5.193545391654402e-4
2784,0.0033984069461383925,5.227934693079286e-4
2785,0.0028430300207913798,0.003951677359893774
2786,0.003064536932397611,1.5009625692797776e-5
2787,0.002784112786859569,0.014655577267468021
2788,0.0031748686343359526,0.011564230288114237
2789,0.0018285816149218237,0.00273921488296215
2790,0.0036092963461398513,0.009889349220876208
2791,0.003418775404245131,0.0033826023001988833
2792,0.0027154331345384548,0.008283123675471385
2793,0.0032629066675498755,0.005728098831949448
2794,0.002420054197818357,0.002044368066381566
2795,0.0026839018123384004,0.004619578115190162
2796,0.0032422282231719555,0.00901379097449699
2797,0.0029009230250013,0.001377885155668778
2798,0.0031399456113909686,0.005313221527841738
2799,0.0031052696072652814,0.00576588998812075
2800,0.0020826748537564796,0.00975045666321411
2801,0.002579569027549329,0.006707300703505822
2802,0.003580106344265909,0.0018890958399374125
2803,0.0022589100978384234,0.0082961945300486
2804,0.003600837074793785,0.005687696598510755
2805,0.002690284028888379,0.007451386618181851
2806,0.003181752673665804,0.007407038704974474
2807,0.0028726138425055722,0.010840980042815494
2808,0.002396989604917461,0.0171847129416665
2809,0.0025939196500435325,0.006062973120689892
2810,0.002829485690187645,0.004381343849689115
2811,0.003167396110590437,0.004571185885133734
2812,0.00266051351173993,0.01309518753763816
2813,0.0027829146044698067,0.0012807804604405004
2814,0.0037323408678647677,0.0026686459534271435
2815,0.0029241089360136823,0.008869681226416565
2816,0.0024711974295483306,0.007360248313368052
2817,0.0025458981852864164,0.008844704075073186
2818,0.0037890695696414837,0.012852366058631173
2819,0.0029384078818754634,0.00427872305785704
2820,0.0031920996129197743,0.002283067897671507
2821,0.0031586295410687758,-2.8253480538156404e-4
2822,0.003400440502680023,0.006873064802690638
2823,0.003612139966759622,0.010676077032066104
2824,0.002712133721699647,0.01643990179704567
2825,0.003578936339849164,-0.004289098126987866
2826,0.002173744282515394,0.0029018030169704794
2827,0.0015635737296704226,2.894745230459652e-4
2828,0.0029929218392426736,0.009695754066501899
2829,0.0028270415631950416,0.0067202543222458985
2830,0.0030554061418942733,0.0037516190811673388
2831,0.002632729145900808,0.010221749228218465
2832,0.0026986985866803426,0.005185904541667534
2833,0.0024170396241251493,0.005557912732032256
2834,0.0031303676311009937,0.006843788587863529
2835,0.00281284654312723,0.004828165901066267
2836,0.0031082467937532765,0.004342278631794618
2837,0.0024505817441498844,5.259408896736567e-4
2838,0.003657879648584731,0.008853045265446599
2839,0.0025400139295628558,0.012277442166509276
2840,0.003101351267654809,0.006406039630269509
2841,0.002401365050154979,0.0013842272554274154
2842,0.003248967483742256,-1.7377374028237826e-4
2843,0.003163278153089549,-3.562371396390778e-5
2844,0.0025031364624483444,-0.004159491164277593
2845,0.0028633657381088536,0.006793200222857778
2846,0.003390857387387,-0.002465736175318944
2847,0.0027433279798920562,0.012805990478030882
2848,0.0031599605946905883,0.0076050647778942
2849,0.002713760516533227,0.0016996570626957343
2850,0.003606713677229638,0.0074023069417695556
2851,0.003774124967508524,0.004325580464273905
2852,0.003009222419809359,0.012312715934176648
2853,0.002652584041435172,0.00557027551105002
2854,0.003223967658024437,0.0029859519486758815
2855,0.0036644496876648857,0.005903222497822351
2856,0.002838873892124798,0.00691171854431877
2857,0.0033072412308816296,7.280574775087858e-4
2858,0.003061008268613343,0.0064755305499745505
2859,0.002687476690340239,0.006872363089923814
2860,0.003206024999588974,-0.003102105902923722
2861,0.002780561653958846,0.0036768586274399193
2862,0.002770653031849228,0.004508779120015546
2863,0.002854343422862169,0.008732686423182714
2864,0.0034137174026741615,0.010907723283102308
2865,0.0035122231291093656,0.002978623923749835
2866,0.002409101094354001,0.005166546047059251
2867,0.003506026248367677,0.010521853006857535
2868,0.0028805502016385925,0.012826843057114436
2869,0.002697216144664359,0.005251412420431541
2870,0.003202402044708847,0.007307541641001527
2871,0.002734138914874983,0.0013464347711778968
2872,0.0021475751522857384,0.010451529691527609
2873,0.002969458656053748,0.004086240124723726
2874,0.0030809215508254234,0.01147717553962044
2875,0.0030767503960398243,0.01023563106283087
2876,0.002320027378428854,0.002596088380353384
2877,0.0033284620633634836,0.004138100585545091
2878,0.003059653265041661,0.012743796371268226
2879,0.003120592758210125,0.010431292221850892
2880,0.0028053140759649944,0.0031562150072797683
2881,0.0025117548656078638,0.005607989095187214
2882,0.0028256056893340075,0.010290319752809878
2883,0.0038997143409247948,-0.0015311151863577203
2884,0.0030407916026868576,-0.004115450008539507
2885,0.0020911836815944614,0.007907216254910967
2886,0.0024613167541292767,0.009953938090596588
2887,0.003736175956199396,0.0017131768875716814
2888,0.002692607047228072,0.006466156434027976
2889,0.0028509438404560996,0.007306101626358358
2890,0.0033829658775861313,0.011517112936534582
2891,0.0028646322686102332,0.0023072579442801507
2892,0.003065487349610577,0.006684523784897227
2893,0.0028226559840564725,0.009552574566891568
2894,0.00281484150074582,0.008236879256900623
2895,0.0032244678140961784,0.0027141700023205267
2896,0.002696497743756846,0.01011794657155213
2897,0.001107536209558104,0.0042119133716665615
2898,0.0027109331714517937,0.0011662440139319301
2899,0.0029359965097729398,-6.19902853941175e-4
2900,0.002499224091359431,0.00981518301890338
2901,0.002223520667105079,0.007849667093451921
2902,0.0022886530847146067,0.006234065796471704
2903,0.0022525689086688168,0.010080553547329247
2904,0.0025675507676082053,-0.00664048391994495
2905,0.0030233943311120002,0.007374111825776605
2906,0.002104655145845965,0.008426589550774579
2907,0.003161041518838552,0.015114318957472176
2908,0.002916651086267286,0.012171917139768864
2909,0.0022458915152527782,0.009612277547932873
2910,0.003593148745390997,0.006484674973993161
2911,0.00262481991488712,0.006096240817891516
2912,0.003581330227729416,0.0036047098273071544
2913,0.0027513597227051354,-0.007811944710536225
2914,0.002551919478605925,0.00293161764125815
2915,0.0030546341837960835,0.011500024171614408
2916,0.002065134548639216,0.007878966472058567
2917,0.0020402928243530407,0.0050320613700216964
2918,0.0028180802166504334,-0.002293118481880795
2919,0.0021153560837996466,0.012635248520948524
2920,0.0026120578383253433,0.006042707825733823
2921,0.002378330550015505,0.006598142950488498
2922,0.0022333055740295267,0.0033869125820518153
2923,0.003184824984524188,0.008744514292767047
2924,0.0029882032019279805,0.004477215672548159
2925,0.0025864560333737734,0.00917527546261965
2926,0.002811597011477116,0.011929183000768647
2927,0.0022558584238248254,0.011226273134912128
2928,0.0029548716813380645,8.196822458683144e-4
2929,0.0027619612685958568,0.006100896125498689
2930,0.0025716762289188684,0.00883887016047739
2931,0.0022644245696345623,0.010588026204664966
2932,0.0032477834755293314,-1.513012192195743e-4
2933,0.003014871862997413,-8.209377238246798e-5
2934,0.0029097749363929406,0.003077127223305686
2935,0.0024679865253785537,-0.0020880238702065384
2936,0.002616915150553502,-0.010705942958481181
2937,0.0027416330925757555,0.00167444806468441
2938,0.002978755942343082,0.007449273296907165
2939,0.00280212605651966,0.011023418762339334
2940,0.002384049248810325,0.017101970812850753
2941,0.002927995212248371,0.006458823502914826
2942,0.0031739512269734985,0.0057357819636677885
2943,0.0034959918464329814,0.005818285184066266
2944,0.002820246237054641,-0.004563294455341271
2945,0.0030472588237589176,0.011456643413595972
2946,0.0022981861635634013,-0.001960813121931978
2947,0.003298824069011345,0.008150868096678737
2948,0.0027051127406564784,0.01018155625908526
2949,0.0028468937416720056,0.008180122731565105
2950,0.0024613268639947076,0.006000033879123435
2951,0.0028541088430458603,0.0036233875129630163
2952,0.0032417121965832747,0.0022238040697443
2953,0.003111886268065344,0.004532944427932418
2954,0.0024563064250416626,-0.002650915026281222
2955,0.0025802135811134365,0.010472635679929584
2956,0.0037202277275930284,3.5338695582269337e-4
2957,0.00266452289330783,0.004259174063702733
2958,0.0024834310668044026,0.015885456866445977
2959,0.003890377722473746,-0.003350602141779718
2960,0.00322665423010234,0.005765914506758863
2961,0.0031069510989418948,0.00604448301971537
2962,0.0038340756370573146,0.005482555786490669
2963,0.003498137644445707,0.001887615277771172
2964,0.0026525851402369534,0.0010537810968704354
2965,0.003513439671842532,0.004335388080714703
2966,0.0025249135236233467,0.008079577348171718
2967,0.0031634952375199747,0.007162093038216765
2968,0.0030306725605489305,0.01153858956085467
2969,0.0020751669967088403,0.0032905448504237387
2970,0.003351097561626598,0.007837660711476799
2971,0.0035542609822364225,-0.0015202640483820238
2972,0.0029199945869994508,0.007629495902772657
2973,0.003632474554447324,7.483615103560451e-4
2974,0.00306162130663635,0.009851008858546286
2975,0.0034494820386461508,0.003622132008075143
2976,0.0042162867830642416,0.014156238547089734
2977,0.0020938224275142848,0.005790145773897422
2978,0.0027805658257973567,0.0109915851194668
2979,0.002598544675044637,0.003446897690455048
2980,0.0023176552142166666,-0.0016669618952721652
2981,0.003011809298239085,8.097884332054111e-4
2982,0.0027119175442201697,0.007932394921877878
2983,0.0035863839940588893,0.010721029664893968
2984,0.0031242418859138295,0.013610823552633535
2985,0.0025856208279266837,0.012604816072774746
2986,0.0016699224927283394,0.007065789949259783
2987,0.0022849666264896534,0.009071712965595299
2988,0.0022909105513812186,0.0025822337060072927
2989,0.0033311019289010324,0.006219799696437623
2990,0.002617483344058576,0.008576027497647618
2991,0.00306689435946995,0.0015081290286859984
2992,0.002901749615037431,0.005652961619920915
2993,0.0032741230763014065,0.008653716739697004
2994,0.0035500312143274164,0.009405049388802789
2995,0.002895083113626873,0.01282874643117112
2996,0.0025977113046796486,-0.0012363414193082255
2997,0.002124970927907159,-0.001125802770124168
2998,0.0015280768127474047,0.009443738638652428
2999,0.0031071596553918527,0.0011909807196911282
3000,0.0025782010371166813,-0.0011150876269498907
3001,0.0032733188521091314,0.008643637664601685
3002,0.00242994890840873,-0.0024373497417711767
3003,0.002095363324395554,0.011569718111008894
3004,0.0023057184558907037,0.002525203120548214
3005,0.0031868992115112638,-0.008667837988039405
3006,0.0034818473747584887,0.00595116855148883
3007,0.0027918380009813878,0.0019229082525730086
3008,0.0021815259436691516,-0.003571890844874911
3009,0.0028608568294531656,0.0030050596614375857
3010,0.003514289888931904,0.011086580590300963
3011,0.002862562956583612,-0.0025939661938035796
3012,0.0029837140508426714,0.011396166661337708
3013,0.0029770723518479664,0.006991451858400324
3014,0.0012177522964729305,0.010278668502116355
3015,0.0019826775894997003,0.0038813649725794337
3016,0.004226702923874555,0.0034581848139414073
3017,0.003679632695636014,0.006634455102769803
3018,0.0014436458625582413,0.0074468696290988625
3019,0.003301489377349832,0.008507802461933393
3020,0.0032907197064572396,0.008062760598902197
3021,0.003171250584954489,0.01563414549674297
3022,0.0032028603825474543,0.012460520529642345
3023,0.0027008219648668973,0.010825033018274813
3024,0.003023258770044887,0.003650668336776226
3025,0.0033374551539564865,-0.0014019353113196567
3026,0.003486612621516647,0.005962029634212818
3027,0.002536926298460509,0.012241044410815916
3028,0.0024195877806517255,0.014784957860583096
3029,0.0026668921983100877,0.007757411312468892
3030,0.0023977709183914727,0.0066998015755887815
3031,0.002702759871781085,0.009966037264729543
3032,0.003246952579252681,0.0067479473496417
3033,0.002706708323650779,0.014657420022984603
3034,0.0029359530890592568,0.005296170906766463
3035,0.0027135678335527894,0.008709155849307431
3036,0.004881900081168249,0.006728255506201383
3037,0.002966848091222634,0.00783100807334203
3038,0.003340512612268847,0.008234666872707633
3039,0.003182344188616577,0.010013286367165926
3040,0.0026663590536815224,0.00209550621330319
3041,0.002995988527961368,0.006899916722151231
3042,0.003054826319091214,0.006788531345805632
3043,0.0035266488530777385,0.0017741867079948343
3044,0.002970831762616685,9.895888561122909e-4
3045,0.0029966794883701285,0.005671533241622355
3046,0.0031240224796538546,5.085947278817178e-4
3047,0.0035382175305546182,0.005513864698788764
3048,0.0028382317371378803,0.010364352396937494
3049,0.002837915107236612,0.00276635356673094
3050,0.002119393273219455,-9.013289597968963e-4
3051,0.0022410762174731227,0.01823067069811238
3052,0.0027394240141446276,0.010899727577747504
3053,0.0019887367810223454,0.019989633958165182
3054,0.0026002744363370425,0.010347316806945938
3055,0.003624608920865473,0.007987819383263655
3056,0.0033612498554695847,0.002062961477828699
3057,0.002535969233363059,0.003436463381465531
3058,0.0032631425558747452,-0.0024018632047448176
3059,0.002265476568011084,0.008486094236513732
3060,0.0020882392764625707,-0.00302180404897324
3061,0.003020633162565086,0.007444525982097702
3062,0.0019111618333800405,0.00790435429051621
3063,0.0033658545030495896,0.006446463465282987
3064,0.002793726273100385,0.007880984582843345
3065,0.0029024272189687207,0.004443114401766271
3066,0.0022876722874334092,0.004993537388173302
3067,0.003455220700295405,0.0038477540795675306
3068,0.0037552222534872563,0.004561061595690702
3069,0.0038857308469336825,0.007663766378419159
3070,0.003133314531177862,-0.003665643390569334
3071,0.0030124401306450537,0.004048421075984384
3072,0.0027994932613185286,-0.0015630855747242847
3073,0.003505937178156682,9.825535767434379e-4
3074,0.002748853496721584,0.004454396305294208
3075,0.002883371791263288,0.0033362793975299492
3076,0.002828243288522192,0.0012119670979077535
3077,0.0025222841889840806,0.012041043273820972
3078,0.0023354144646292427,0.0033744025141593777
3079,0.002734279745458367,9.123888652514392e-4
3080,0.0028873163425359944,0.005036380597568392
3081,0.002302658126997245,0.012199644863371453
3082,0.0031583650442712306,0.007831709665954213
3083,0.0029928883767703514,0.0022302056986101305
3084,0.003173572873413488,0.005353554649725557
3085,0.0032829435579117302,-0.005720383414595103
3086,0.0033097906348256607,5.871910795467554e-4
3087,0.002538042676210806,0.006655633544076658
3088,0.0028290408406353358,-0.0012001930218753093
3089,0.003142584898849547,0.003222880963915744
3090,0.002323616277719847,0.006019295418225542
3091,0.003228865549617704,0.006756202729322101
3092,0.0024526465936407994,0.01096788400484106
3093,0.003258808963443625,0.0069769049643531025
3094,0.0029962549385855472,0.0053170438472435865
3095,0.003397098084610712,0.009669687686021985
3096,0.003137255677256753,0.012458836379535407
3097,0.002814128717950618,0.006454912301514613
3098,0.0026633021717217802,0.00940911902616181
3099,0.001963539800394279,0.00651912667627611
3100,0.0019693928841715827,9.150812867009996e-4
3101,0.002988386662363954,0.008135434131617022
3102,0.0035929714347674247,0.006183831824819812
3103,0.0022311971775571568,0.0011293921110744794
3104,0.001771988810166927,0.004728478084119001
3105,0.0037000705405844593,0.00803001817777126
3106,0.0021677694824356157,0.003227108613708772
3107,0.003239458184526711,0.008876623566540866
3108,0.002913814236004249,0.005047301357185752
3109,0.0027752031486141366,0.009095813702058387
3110,0.00211560772838959,0.004050271740928815
3111,0.001615981282730734,0.01066180263369806
3112,0.0027253272881693504,0.003541802832129614
3113,0.0018647425793622756,0.0037338199374918938
3114,0.0024156599229661828,0.008523533872340385
3115,0.00291737098218023,0.00857703525428465
3116,0.0028183225247798327,-0.002049721135852678
3117,0.0020032224280253134,0.002293682739388166
3118,0.002699990229217292,0.012388992232999002
3119,0.002332045727934327,0.010934465888150854
3120,0.003019856261936182,0.011744955483343275
3121,0.0026496482072959292,0.006774996846744816
3122,0.00227047206768342,0.006376776177808201
3123,0.0019433597189760436,0.0033470892929421264
3124,0.0026748548114799917,0.005774666867309024
3125,0.003091629250799937,0.0015293081662513556
3126,0.003142640806516605,0.010334106843440346
3127,0.0026599945641733436,1.7160170107058235e-4
3128,0.0022554658419377386,0.005195952943562255
3129,0.0026907177064517227,0.006270771777886539
3130,0.00304828659002736,0.0042816519773425585
3131,0.0027753084161513328,0.008134189680678494
3132,0.0028641698511440985,0.018313728921495805
3133,0.0024437494923427307,0.009275284330431928
3134,0.0022684375583839475,0.012362293124434296
3135,0.0018697967970413955,0.01827809837328495
3136,0.002149074350640225,0.0034856819217495777
3137,0.0027102038591768868,0.00609833447263223
3138,0.0034436392878125343,0.008406218266033825
3139,0.002582018494305499,0.0043987231771736805
3140,0.0030800212437816906,0.005897845812105815
3141,0.003122708245884714,0.011757755827455727
3142,0.0029440313890884595,-0.001887618757860901
3143,0.0030097019499962063,0.009776426135356418
3144,0.002734892867297176,0.007924629697141127
3145,0.002547276248671938,0.007693852860197859
3146,0.002450673963887877,1.560365978452074e-4
3147,0.0035048279003681102,-0.0019387128728060215
3148,0.0035492339332738945,0.011334700141178083
3149,0.0027457061632545176,0.007196948682225231
3150,0.003958611418785825,0.012821084546836831
3151,0.0029618653795552238,0.010052838295832159
3152,0.0019079562156193793,-0.0028636790168567452
3153,0.003018782893398631,0.009189219265702393
3154,0.002575108966653061,0.008494137479177481
3155,0.003330869789921343,0.0024895918910681704
3156,0.0029478446763402597,0.01716337858505573
3157,0.00281211687567386,3.806500423952225e-5
3158,0.0031195447338788003,0.014710688650319353
3159,0.0027512326328521263,0.009015341403896766
3160,0.0028548571461375206,7.539183245899774e-4
3161,0.0031463655296297332,0.006596267417954572
3162,0.0031552265337392482,-0.0015918149358434136
3163,0.002706907897513198,0.01408271233538798
3164,0.003150331826405843,0.0018877462633551773
3165,0.0031388850373257607,9.639662715879092e-4
3166,0.0033400144364231317,0.005555164118586835
3167,0.002175298275451291,0.008270061583625126
3168,0.0021050774983070166,0.005994836788977172
3169,0.002560808308750974,0.00946377719619043
3170,0.002986606696467526,0.0043607302123036705
3171,0.0029497903731052627,0.007491666043261288
3172,0.0032948464789062954,0.008679180086319587
3173,0.002818063935184237,0.009887844547227867
3174,0.0024069859506420654,0.0038362658461414964
3175,0.003161147851515437,0.008068694471465476
3176,0.0033573704253092532,0.005128412140755842
3177,0.0033052868613533105,0.003139951992180972
3178,0.0028822342771119658,0.009029619151731127
3179,0.0035486850024339434,0.006221970890755873
3180,0.0024354172634426874,0.005679998079523468
3181,0.0019469500624423944,0.008087173619756569
3182,0.0029190020401979578,0.008639617076883406
3183,0.0032078745147266024,2.3409879056267725e-4
3184,0.0031173815776636147,0.003986377198068238
3185,0.002859773146765863,0.003648635371235379
3186,0.002700636129360225,-4.4078450454077423e-4
3187,0.003003260054021833,-0.0023875403297830946
3188,0.002835066995483265,0.013945979434995998
3189,0.0026413453314984453,0.01446673533703275
3190,0.0030120004591170984,9.721921540581553e-4
3191,0.0026008149840638377,0.0032930220946361588
3192,0.002538122732123152,0.006750681828920331
3193,0.0033450137225673085,-0.007955122763293186
3194,0.0027438733718850613,0.009151987939021465
3195,0.0023733275557873486,0.016196057995011105
3196,0.00325558836621241,-6.593519243691258e-5
3197,0.0028498403027574894,0.0060352290390692735
3198,0.002258336836423809,0.010106335009183362
3199,0.0023511312449070597,0.008844848196081728
3200,0.003851147146007757,4.2364966016472314e-4
3201,0.00273507513042545,0.0030366357294262947
3202,0.0033166758359691076,0.002558366660494418
3203,0.003117330315742847,-0.001150905505739111
3204,0.0018655510701218263,-0.007172214808624294
3205,0.0030031713896984703,-1.7962252304396225e-4
3206,0.002919112167717748,0.0060249608764243985
3207,0.003900641715370732,0.0028473888432734083
3208,0.002694043534117558,0.01518101355021298
3209,0.0032902394931778947,0.01296054912959148
3210,0.0034848456906483843,0.008220062581656317
3211,0.0034078897772678372,0.0016772579572272867
3212,0.002822648846282447,0.0052199070033836685
3213,0.003191340748846566,0.006735070570647941
3214,0.0026887295677358067,0.01124676072019183
3215,0.00317753871299283,0.011024694129479162
3216,0.0028111823064195024,0.009612421194499888
3217,0.0019456955407571208,0.003489380868219767
3218,0.0025576135671412205,0.0014694081140470966
3219,0.0025747629616590896,1.7590540973074636e-4
3220,0.003085793843462901,-0.0014966817413046632
3221,0.0030823913650546283,-0.006637432822619853
3222,0.0027683286027041787,0.006167341956057961
3223,0.002992268509931214,-0.003911084180657743
3224,0.0027630496006435406,-0.0071354613622955174
3225,0.002246092079349173,-0.00178912807833467
3226,0.0028842935135341566,0.009886344549482872
3227,0.002901169045009146,4.174381963950591e-5
3228,0.0036834434857816994,0.0022402741763256403
3229,0.003542147178476876,0.0031420283667233165
3230,0.003697976066278025,0.011399332911734176
3231,0.0029309912432943057,0.003049717372147198
3232,0.0020132359970674633,0.007783704227019569
3233,0.0035038711220640012,-0.005430235469576437
3234,0.0020489688224950772,0.004724084131876961
3235,0.0019125276454443271,0.009728409044635478
3236,0.0032880363402338648,0.010723115078784047
3237,0.003077022455687426,0.009118742866009787
3238,0.003565701666667624,0.005720544599065972
3239,0.0029937103373800875,0.015354933442421686
3240,0.0022716877926072685,0.0019393203662040007
3241,0.003403066443220974,0.006972645853211538
3242,0.0026467663067817667,0.00308020363720362
3243,0.002786405856622714,0.00935496708202333
3244,0.003442666640649787,0.006960998366189094
3245,0.0033925299784533357,0.007066486030849979
3246,0.0032006587686247015,0.0021909445989919925
3247,0.002145316578022627,0.010136950398832141
3248,0.0026194851317362638,0.011760530337491169
3249,0.00403497411405351,0.004690949256197104
3250,0.0033459117606832642,0.005125229915630336
3251,0.002814940183218516,3.683043205114185e-4
3252,0.0020887648224365424,0.011093870197384201
3253,0.0038724066889417844,0.009353706030876317
3254,0.0035294071535925124,0.0032500460430068545
3255,0.002907199886831159,0.0017277662118526478
3256,0.0031455260265740802,0.0032308401545273167
3257,0.003281531013159422,-7.722586019787469e-4
3258,0.002363094724005249,-0.010528637375103974
3259,0.00282252212706972,0.006252679633873539
3260,0.0030314554363806796,0.012777784323780421
3261,0.0028871632955627304,-0.0010184069739626622
3262,0.002978996994805497,0.00366998167057109
3263,0.0020388828377529873,-0.0043611837426438945
3264,0.0022098374476708133,0.01045845639492521
3265,0.0026978253840652484,0.016363076178373244
3266,0.002647660712122531,-6.218427302296407e-4
3267,0.002281603963570636,0.00653750478064088
3268,0.003296296834359744,0.011088686340041731
3269,0.0031042721858726362,0.009841284412173667
3270,0.002000428937398589,0.009842554693713028
3271,0.0013993026829433005,0.010073089860326803
3272,0.0030465263453618116,-0.0016440668804861337
3273,0.002300004790703468,0.013951206018230385
3274,0.003245073174601574,0.007541672054416142
3275,0.002576665991956162,0.013686648934370785
3276,0.001944527458450192,0.011984582046860082
3277,0.0020702616897003575,0.006756909701512116
3278,0.0021812579653725963,0.01369022558014274
3279,0.0032866919026208197,0.007368216967917389
3280,0.0024442418465944965,0.017258498809538104
3281,0.002931290989104555,0.010303683731132031
3282,0.0030166254285087465,0.0066271348063916425
3283,0.0028192091007140244,0.011108104030003577
3284,0.0029079421405341123,0.013366844951420702
3285,0.0021140253602068707,0.00555078815978876
3286,0.0028798468859751922,0.010681176279488686
3287,0.0031033294021916083,0.0029349461315767798
3288,0.0029648146910865544,0.007124621160327995
3289,0.002644269418929235,0.011490483159526266
3290,0.003525069708389892,0.00903298856315227
3291,0.0022628579599756346,0.005751169613321364
3292,0.0020439496114367838,0.009894694211253895
3293,0.0020511169480734682,0.006416685321098894
3294,0.0033006976211727057,0.006820038245918171
3295,0.0026991648552069907,0.011416874984688668
3296,0.003880544739735325,0.008067210257186541
3297,0.002942944926560516,-4.836597092719441e-5
3298,0.0033089816552356404,-6.350921603118535e-4
3299,0.002683706022171865,0.00856721461215031
3300,0.002738770107783568,0.0058117098410571146
3301,0.0019293481829114468,-0.002414076827723457
3302,0.0031753548505053515,0.006533483128790718
3303,0.00212872023060327,0.02114702799720108
3304,0.003187576572951116,0.012243352424130638
3305,0.0033181483144080186,0.00890597330458361
3306,0.0035864740662783323,0.005356335646250676
3307,0.0037626825128271417,0.0051707045611509616
3308,0.0033205965948240506,0.012932918515081345
3309,0.0027023535476406566,0.00481540656812179
3310,0.0021697735411533798,0.004830781028437546
3311,0.0027963296225457642,0.009418597824087754
3312,0.0035302629447997065,0.003396999845726066
3313,0.002602179447888139,-2.66176701281904e-5
3314,0.0025101387985132302,0.0073589179627527885
3315,0.0025150472481744656,0.0058116683784087365
3316,0.002884226603736264,-0.001593025883778943
3317,0.0026270339817553658,0.01447443551563431
3318,0.0030323001427565136,0.011653750349298804
3319,0.0035662334440235747,0.005073618431323651
3320,0.0026889430414528946,0.008631454466179092
3321,0.0026699699856023726,0.006482878718773882
3322,0.0025487390337788737,0.008885092103971292
3323,0.0026733993007039144,0.001055191145113472
3324,0.0029746441781749833,0.005732716232044487
3325,0.0029265481120781065,0.010385170171259842
3326,0.002517622106618051,0.010154211323098235
3327,0.0024009793215638846,-2.2930784364338886e-6
3328,0.002656283830926449,0.0010238594625903673
3329,0.0028757140482075765,-0.006889454827946974
3330,0.0022759366812977804,-1.292360032178249e-4
3331,0.0032569691607028262,0.017191081489194394
3332,0.003749978887578397,-0.007190528712055391
3333,0.0031228603955555058,0.009403504449850502
3334,0.001772303049390612,0.0013426223352070322
3335,0.0022929396288817916,0.004908513731864378
3336,0.002496893184431273,0.00952151815478326
3337,0.0025733116618906066,0.006933339932371228
3338,0.002105915822733485,0.015800109815745755
3339,0.00260816665961446,0.00801243468180688
3340,0.003065882086448389,0.003733056880233889
3341,0.002653189068868154,0.0034666140103850763
3342,0.003004693409430595,0.0018899277948886623
3343,0.0024737295597896123,0.007910544404175568
3344,0.002490953570941433,0.007272494675567943
3345,0.0035358379690100298,-0.004127013166615049
3346,0.002858376081761233,0.013108974069814974
3347,0.002897122726502198,0.00614223427273692
3348,0.0033784415264070966,-0.0025715488027080145
3349,0.0036947180041629023,0.00862619893809186
3350,0.0026479219565411273,0.004071721747252089
3351,0.0029962361255341623,0.007358247086579642
3352,0.001966817656750889,0.004208189574648771
3353,0.0023070620735435115,0.0033308493742165357
3354,0.0031766783803206236,0.011828653069324421
3355,0.0028128378613183963,-1.2823175715528197e-4
3356,0.0023425437465058865,0.005971942810733501
3357,0.0025277168712566156,0.00117141619165218
3358,0.0026619739894318236,0.006893617036669898
3359,0.002833998121682011,-0.004335341452228848
3360,0.0022156324195333316,0.002169905071898747
3361,0.002989001575457946,0.0024231696189299145
3362,0.0030737736084678435,-0.004816869278337971
3363,0.003600258392263495,-0.006411117316820169
3364,0.003949845119505966,-0.003350036507784602
3365,0.0036507360450690864,0.009519655039640723
3366,0.0027501309733903565,0.011711315235444983
3367,0.00204138862427711,0.010395884711790695
3368,0.0021200509995070362,0.007159994038013194
3369,0.0029229201613182178,0.0019561945948685005
3370,0.0033207881128765227,0.004223280453654351
3371,0.003099197961018102,0.001412393696629135
3372,0.0022468550210610278,-0.0011840150669810959
3373,0.0033691734516300147,0.005791277337896477
3374,0.002193693642813687,0.0016469235321676162
3375,0.0025024179841096495,0.003108215195202383
3376,0.0026666657712587152,0.00594600400310514
3377,0.0036423602376387688,0.0018836360425595901
3378,0.0026221258820100335,0.0027186480959435905
3379,0.0028886495710241217,0.003782056947918966
3380,0.0029453583113683464,-0.010407366674151416
3381,0.0027471041874776083,0.005329122544709306
3382,0.0027210064858969093,0.005263483715914358
3383,0.00316906054990535,-0.00345229715730932
3384,0.0027334109394753212,0.005933524791288683
3385,0.0019640468804953894,6.597991296093115e-4
3386,0.0033760136984433337,0.017498594768855128
3387,0.00200343733867297,0.0018354328569957772
3388,0.0028912949792985125,0.008651741716081069
3389,0.004091198246426743,0.003049053064733625
3390,0.0029782533684621915,5.2644635233333945e-5
3391,0.0020810632655127105,0.010759920224948389
3392,0.002706125266707361,0.009854957300176298
3393,0.002522120708995815,0.014883629459384781
3394,0.003094320546437523,0.011583583518396653
3395,0.0038134065395442106,0.004092718869093544
3396,0.00250107327796353,-0.0010257212392320069
3397,0.003195595825455538,0.0018956555729658167
3398,0.0011481088542976332,0.010725947836332017
3399,0.0026468356407115578,-0.0031654496682464953
3400,0.0024373911867160286,0.010403496591427346
3401,0.002840368315121902,-0.008922593552777991
3402,0.002700283688076333,0.0038626349514407953
3403,0.002688202721111112,-0.00570398487441478
3404,0.0030405954420896445,0.010707783646959434
3405,0.0027463033885251607,0.006786651900072972
3406,0.003407912604783427,-0.0025955614011512525
3407,0.003056599651069938,0.0034414693524839456
3408,0.0030847648916628523,0.001384265125214089
3409,0.0026705073625382333,0.005654902257310588
3410,0.0032029183741519754,0.002798716912835277
3411,0.0020706242876452376,0.01765867327262965
3412,0.001833332006734909,0.0052264565798913355
3413,0.0026054952680728415,0.0023141739734646918
3414,0.0032196123443530436,0.008014855586957168
3415,0.002707094965560131,0.007047895275218818
3416,0.0030920054796271393,0.007689254681900938
3417,0.002635822522259279,0.006151287975010813
3418,0.003188866863506808,0.004833229433551794
3419,0.0031663119937947507,0.009482964050524605
3420,0.0029770369289910943,0.010513867938529355
3421,0.0036892044435323183,0.005860340522258535
3422,0.003418231644983065,-0.0016111062679723702
3423,0.0019768051543199543,0.007277196136399798
3424,0.0026904599288797514,0.005201514981681209
3425,0.001611936181662464,0.015910978719289152
3426,0.0034146214704357304,0.008552629661769073
3427,0.0031474045545904746,-0.004501077427679318
3428,0.0026267092272484276,0.0016152894085805407
3429,0.003248323844745247,0.012373233732778764
3430,0.0032916772047604757,0.00209210656930711
3431,0.0029232019975918445,0.004294457391321842
3432,0.0019283947817714318,-0.003112562728732713
3433,0.0030697360136361126,-0.002074928446303463
3434,0.0033162698627749124,0.003041943427353381
3435,0.002577887190202822,0.010532607099493916
3436,0.0033790249638457853,0.006841306175045624
3437,0.002763430519689248,0.0060690045150893785
3438,0.002896851751383756,0.004756502954257115
3439,0.0030436410881652465,0.0015389531429587894
3440,0.0021288050761074763,0.004210965288176834
3441,0.002738281646699211,0.014984359457451447
3442,0.002008731890365342,0.009219607191221425
3443,0.0027634915006283377,-2.1646646185224244e-4
3444,0.0017075372881167694,-0.004764110287073666
3445,0.0029091259377840794,0.004561582531298548
3446,0.0033220635463213116,0.00429280710062555
3447,0.002820778382473076,-0.0010822098218470008
3448,0.0029260832770249606,0.010199025646747753
3449,0.002944323995761202,0.0066336047133342966
3450,0.002424396848720387,0.005029566422528349
3451,0.0029485484750558268,0.00896257757105276
3452,0.0027889742602546543,0.003382810960877317
3453,0.0028902377933815882,0.01393605268008952
3454,0.002792953624488672,0.00665946452797334
3455,0.003070008141456777,0.002919054389750761
3456,0.0017133373044929065,0.007407042629641735
3457,0.0027512472765705087,-0.00647756750552373
3458,0.003255840254230199,0.005134554091439958
3459,0.003588536804405364,0.005842441482740608
3460,0.002832300035363354,0.009883286714406376
3461,0.003356160547195672,0.008058850019003963
3462,0.003503385086207752,0.0057031407934789585
3463,0.002292214190133639,0.014380035591136228
3464,0.002786495182190021,-0.001176118562179407
3465,0.0025654769096982895,0.004437741098239099
3466,0.003516079809065482,0.0013374765331722784
3467,0.00323812930853833,-1.500894402275514e-4
3468,0.0020135325278429267,-0.0031123108145002746
3469,0.0029176136720399887,0.005125773654541233
3470,0.0030048527428313977,0.0043185909014295705
3471,0.0031928444358055603,-0.0020837838926763544
3472,0.002940946892023937,0.008612370121334919
3473,0.0028574516819805103,0.016041909186942375
3474,0.0030484235807281654,0.005638980005721566
3475,0.0028364839568039485,-0.003278361207731351
3476,0.0033673883349556633,0.005004300791498454
3477,0.0027685881734341292,-0.0034369236387730663
3478,0.0024678987414910487,0.0010379150796677224
3479,0.002666065951875398,0.0028186743549938583
3480,0.0025568322442795373,-0.0015455379493330488
3481,0.0025628677658767352,0.012729916160901933
3482,9.798199954208645e-4,0.007384959440753371
3483,0.003159035666198354,0.009596985145439683
3484,0.0030266119082722693,0.009035118943709088
3485,0.003286923233586922,0.0033916867662242144
3486,0.0038434182032611886,0.007835406782198375
3487,0.0027632315670495285,0.010315522878581366
3488,0.0015999145587173862,0.01170452473287294
3489,0.0029752308184780875,0.012145453773198686
3490,0.0029009704257277015,0.009333628614858872
3491,0.003462970367872826,0.0026752516593135014
3492,0.0032455186809783737,0.01624214353341782
3493,0.0029349156022374307,0.01664475991271482
3494,0.0023240864097246565,0.015795760177323665
3495,0.0021626019873049415,-2.0691637649802516e-6
3496,0.0022389489705877423,4.2542805309943137e-4
3497,0.0033631737925797485,0.010057104148984749
3498,0.0027849532432965224,0.00304386519143318
3499,0.003592038287758431,0.008212321939036187
3500,0.0031141060785761262,0.004599597678373212
3501,0.002961912676478917,0.013188268481958823
3502,0.0026276429220067473,0.010644800512306178
3503,0.0027198850969035056,0.001462338699032329
3504,0.003637712136442661,0.01257321054675069
3505,0.003537595475839491,0.0020951773693381414
3506,0.0025223018924450153,0.00992382147187365
3507,0.0028152081546189795,0.007190651259812563
3508,0.0029431513543826267,0.0049652894386791975
3509,0.002542131309393712,0.003993873643722385
3510,0.002889472102623257,0.004095595595470049
3511,0.002605337757177294,0.00577807079859796
3512,0.0026270247143937216,0.0049072367902153295
3513,0.002726305581956458,0.005332775372693465
3514,0.0018903869430075347,0.006881359043596165
3515,0.0013588892335975019,0.0031117715286575276
3516,0.003145611608739984,0.005874615682845056
3517,0.0032135149546939417,-0.001677421379110441
3518,0.0025168958900034237,0.008663704490528204
3519,0.003108235569326872,0.010508757207012078
3520,0.0026814948284716263,-0.0031431204398321188
3521,0.0023614618867602794,-0.008307829424800342
3522,0.002867717546675368,0.007490561549817574
3523,0.002281692395002523,0.014839137916324957
3524,0.0030076774767111595,0.0023906283768300135
3525,0.0030024226578712304,0.0050921568639677225
3526,0.0030141274018866517,8.584372206819251e-4
3527,0.003183969286114427,0.011351911208706555
3528,0.0034710068568925253,0.005403115556615715
3529,0.00357740320811807,0.009625121711768127
3530,0.0028538923457252386,0.0010385543688701433
3531,0.0034070023471683628,0.005467433676410907
3532,0.003128909142288599,0.011875169065726925
3533,0.0024851473134168607,0.011309823284958232
3534,0.0028784888344982546,8.33694939433686e-4
3535,0.0027598839542133957,0.002413107352748879
3536,0.003082907094546298,0.004685511010074342
3537,0.0029327666426208765,0.0022481692774498118
3538,0.0033684524745564597,0.005173560296734266
3539,0.0033535325304133974,0.0048812564662767954
3540,0.0022344500155596593,0.004718534784444197
3541,0.0030178487986373525,0.008405294302844741
3542,0.002220218466930002,0.017257859987746555
3543,0.0022604045011973164,0.0030567667234843447
3544,0.003282340438950243,0.011327543488379227
3545,0.0025245425282350224,0.011010393267874518
3546,0.0031644477239478695,0.010929166311083609
3547,0.003073109233966095,0.005794071762823375
3548,0.0028314268522544564,-0.0025587471855657387
3549,0.0029698700940053,0.01237405643202372
3550,0.002588664306158773,0.007333300102380704
3551,0.0029563323492500498,0.0024281071530489725
3552,0.0026218054383583566,0.0015062431938192324
3553,0.0036461325557840575,0.0065711958884396415
3554,0.002687648142344838,0.010987764152634803
3555,0.0032979861961226578,0.007532741980420017
3556,0.002405898124767047,0.00462684443819181
3557,0.001964329873393956,-0.0030609849531379302
3558,0.002496705117005474,0.002689900930538929
3559,0.0028330679604294854,0.0037756820399889573
3560,0.003166601086099517,0.009971819760561221
3561,0.0035292368070890625,1.7654312959399518e-4
3562,0.0031360166789026122,0.011138989576464487
3563,0.0033317449205529665,0.002027679090835642
3564,0.00284793437030814,0.006563665414082248
3565,0.003108927399755172,0.002630403240932562
3566,0.0031935353484810877,0.0039739382541956894
3567,0.0037343963988701913,0.0038120622804307582
3568,0.002353410917581522,0.011546521329150378
3569,0.0029910508484517874,0.010412121985476749
3570,0.002860903541989705,0.01337955329255298
3571,0.003782904469052213,0.009267792539804793
3572,0.0030968147034176148,0.01408840455610328
3573,0.0024558438975390753,0.010045685863999034
3574,0.0022868572050353743,0.009238556013216983
3575,0.0020244288376622985,0.004562720079692266
3576,0.0032198169677697033,-2.1251157200245872e-4
3577,0.0028219282737754897,0.006980473645242255
3578,0.002094393488548698,0.009940380241982126
3579,0.002841817056348097,0.00481072773999337
3580,0.002418091587202213,0.011175163319588257
3581,0.0018936276917981437,0.010672344599432986
3582,0.0034225361661532547,0.0014720012647148506
3583,0.003103951104631411,0.0016070407559032737
3584,0.002903446541468074,0.003232356811423114
3585,0.0029808406482399715,0.006649410085450896
3586,0.002593029396775341,-0.0031766227009048676
3587,0.0024132999459662275,0.003800898182166227
3588,0.0028675755032055777,0.01115099569371376
3589,0.003250762047738238,-0.0033624691970686716
3590,0.002517472280206588,0.0034781946614532294
3591,0.0030096964591783603,0.002133281879233292
3592,0.002731249971500528,0.008981251014663082
3593,0.0026322747863611537,-3.02652207175671e-4
3594,0.002459334966760178,0.017072113388903864
3595,0.0022512552916623017,0.005317261834651342
3596,0.0030333521130533735,0.007638140280525462
3597,0.0024436443332942195,0.007254133866345468
3598,0.0032612947978999537,0.015361200708153713
3599,0.003168733488974416,0.005311905367127135
3600,0.003243941491250607,-0.00611521130682607
3601,0.0032550518722685978,0.008189744819361768
3602,0.0037598304394211228,0.007158100515262096
3603,0.0031901396700435582,0.01518099814277108
3604,0.00262296225358711,0.006231607787145692
3605,0.002875000579454943,0.005753003755303558
3606,0.0021693346676277623,0.009376750720681169
3607,0.0018805707304617295,-3.0325992266684804e-4
3608,0.003086356955202817,0.006018314587187318
3609,0.0036851391133093272,9.656682214371302e-4
3610,0.0031081228148699077,0.012145551669518303
3611,0.0034780386151938487,0.0028132752316843445
3612,0.0025201000068960323,0.015353074202890251
3613,0.0025578152461405404,0.0053398860991990945
3614,0.0026735981964802853,0.015456677793375843
3615,0.0023658285110505915,0.01081094892968225
3616,0.00299478612603942,4.8198691788522985e-4
3617,0.0036699760765905717,-0.007808406930149338
3618,0.003227929863606884,-0.0021172792965755633
3619,0.0028121751586773335,0.004151596498361951
3620,0.0029763955387802524,0.003751476059626484
3621,0.002911441002596451,0.016287591542866794
3622,0.002646035570086876,0.014388788129159176
3623,0.0034803286408059807,0.008582794096313025
3624,0.003017628678362099,-0.0016407492416907693
3625,0.00267102632810519,0.0010384821241919795
3626,0.003033162951255159,0.00303658609709459
3627,0.002538754298969689,0.008719791679960072
3628,0.0028562236920540475,0.01213408977893839
3629,0.0021942667290201514,0.0014317440883220654
3630,0.002861789682289269,0.0017498359329991059
3631,0.002475120283240898,-0.002528905869320995
3632,0.0038781091841638823,0.01201268125238008
3633,0.0025206114236677084,0.0016016411005169906
3634,0.0023460924604102634,0.004418008995988586
3635,0.002924733905761466,0.004428898860892771
3636,0.003236807905633558,0.00823572046666277
3637,0.003452847435456709,0.004059378374294433
3638,0.003094516993933033,0.002399372185789836
3639,0.0038137481364798375,-0.0013136235724235182
3640,0.0030001495109199736,0.0025663261757117623
3641,0.0026509872396773444,-0.004162804771904565
3642,0.002857774474145899,0.00697563301932022
3643,0.0032247070899235806,5.63208782575278e-4
3644,0.002727776571901651,-0.002303936582798259
3645,0.0027313604161065563,0.0068643162239438085
3646,0.003110797395890208,0.005821723885013887
3647,0.0033142336272911996,0.0031133737493324316
3648,0.0034116322858679855,0.005362436387534987
3649,0.003186754131942612,0.00832435330344036
3650,0.0034177389430275706,-1.3497945515748193e-4
3651,0.00232471481822455,0.0014221932943337158
3652,0.0032264857692499774,0.00516358371651644
3653,0.003126484734757546,-0.008233283638811838
3654,0.0026745915632737796,-9.44913006284475e-4
3655,0.0027772388855294007,0.0028773906061721785
3656,0.0027923937949278837,0.0029183843611510158
3657,0.0025520997887100577,0.002113324880417192
3658,0.0032928024257045177,0.0055668094522304595
3659,0.0031317747209534943,0.00483755548904668
3660,0.0034115345384901708,0.00505967786259374
3661,0.0030461610791165036,0.006948172104975158
3662,0.00211245796021333,8.282497708206587e-4
3663,0.0037624677285949815,0.012579401391230935
3664,0.003421511667146203,0.003915631155787356
3665,0.0027813100311046067,0.0024445579874776135
3666,0.00198767558704816,0.0062174874573980975
3667,0.0030526478592769572,0.01467133970828811
3668,0.003200869503644912,0.008672537281945109
3669,0.0029426615596188396,0.006318403271579263
3670,0.002805321045852467,0.00961999645141533
3671,0.003185188482046135,0.00932544591336619
3672,0.002457129669995756,0.003598179900554833
3673,0.0028644356185891454,0.0034629901694343624
3674,0.002628247744729268,0.004575702340255385
3675,0.00318176499331157,0.009351875513606885
3676,0.0030596443489300297,-0.001572215926051142
3677,0.002492872000201681,0.0055753852928752245
3678,0.0031418427578319913,0.006439471541116309
3679,0.003204708501693979,-0.0024860354085276767
3680,0.002193175261975559,0.012931538802147285
3681,0.002449749741392077,0.0035038795471799967
3682,0.0021214787285808914,0.009419612578979374
3683,0.002008123798243604,0.003557733602005198
3684,0.0031792145616959186,0.001982549577517311
3685,0.0035018145190622205,-9.560443207522508e-4
3686,0.003287565048789285,0.014023782006816804
3687,0.003408568538757802,0.006290778862398721
3688,0.00322735159857375,0.0037265152201522355
3689,0.0017713205222560605,0.005110908869396247
3690,0.0020268594131853377,0.007345439175021466
3691,0.0025814223751529893,0.014768322653670302
3692,0.003070567625184489,9.254835944940802e-4
3693,0.00244275621976753,0.007448752252139775
3694,0.0026483509452300182,0.01362811049642864
3695,0.0024566464411710735,-0.0017400826539315539
3696,0.0038162923034415343,0.004143543836856622
3697,0.00350680196351745,0.0010244992351634034
3698,0.0033752394645173234,0.0066077937693285425
3699,0.0029263779037561805,0.0031652400461896144
3700,0.002900543564753869,0.007311506992331818
3701,0.0021028288637625374,0.007237898511984401
3702,0.002991080466970645,0.006518198392310381
3703,0.002207117771912125,-0.003435777003186188
3704,0.0029029858113879064,0.009939383870120777
3705,0.002076223281755908,0.0037995020717341995
3706,0.0032515957864491323,0.0069177555956681696
3707,0.0027574271745325783,0.0027395235986839
3708,0.0023192951703308665,0.0075811954041965
3709,0.003240727139405757,-4.3911724987736375e-4
3710,0.002793945416573609,0.0027873900063140216
3711,0.0037773820052213625,0.007640972672995239
3712,0.0032306958954904192,0.008309192146948974
3713,0.0029888313315037792,0.005101313029302057
3714,0.002887508432888269,0.006721966070797747
3715,0.0031077419400323872,0.004857006280894397
3716,0.0024748596718437974,0.002916759927396275
3717,0.002312781993305379,-9.129752534544179e-4
3718,0.0023027702484229983,0.006785762240100217
3719,0.002396585634340105,0.007156037895321541
3720,0.003782134198524037,-0.002038586903328743
3721,0.002151694594935358,0.009128635963677582
3722,0.0021101931462257834,0.0054376481491780655
3723,0.0026495779879952427,0.010847753134017337
3724,0.0026869171413190216,0.01017573897107468
3725,0.0016729440661543856,0.0047544333853823464
3726,0.0021879152694948088,0.0011934314864753878
3727,0.003611946333592314,-0.0054540052699941265
3728,0.00257324579998312,0.0031358728032962967
3729,0.001536948117680236,0.0035922081495379666
3730,0.0031426324813706597,0.004294393623008763
3731,0.0017666308195070104,0.010577015813464541
3732,0.00290493861841236,0.002841979442014854
3733,0.003364803136228447,0.005668042113391169
3734,0.0019468017188703766,0.007834795566108709
3735,0.002789155305477547,0.01282141735779666
3736,0.002789638656143354,0.003926560381264951
3737,0.0028769349486522603,0.0041052023880917545
3738,0.0026507148501169705,9.652446976627176e-4
3739,0.002651677153309161,0.00919992651866247
3740,0.003252515768756127,0.008552868509064726
3741,0.0018804518368003196,0.007002432020209088
3742,0.003070220394297934,0.004602309077291597
3743,0.0031680794297260584,0.006339618177907155
3744,0.0030762948256108633,-0.0015273540761295565
3745,0.0036789574445347975,0.004879038165930763
3746,0.002931712075144821,0.002807057254777824
3747,0.0021168153918276304,0.012754323341418202
3748,0.0024136705364110897,0.007704679045110214
3749,0.0030674088557993444,0.0012163861586084483
3750,0.00270951792112509,0.0032146233774899644
3751,0.0032030078524295253,0.009542259820265821
3752,0.002764580012340044,0.004965124758813409
3753,0.002300819794639743,0.008548488864242455
3754,0.0036507164817747915,9.814863264760183e-4
3755,0.0030278198563715338,0.0055706400107937174
3756,0.0028071388051871386,3.4021108139663074e-4
3757,0.0033488679484685382,0.010088839094131892
3758,0.0031049899544023274,0.008895659164894152
3759,0.003313626992097951,0.008644468012922787
3760,0.003097896781462075,0.010477526308362725
3761,0.0027813124056762424,0.005610104210751127
3762,0.0014730712208241847,-0.0019685127846283132
3763,0.002936888044070228,0.005896720673023947
3764,0.0023264116629379845,0.0046749902234043735
3765,0.0014164455614524044,0.0040923492986856425
3766,0.0028180139412807767,0.007012961379194102
3767,0.0028396105378268085,0.0042288586875961634
3768,0.0022385051853341708,-0.009571429803297817
3769,0.002743146271769488,0.007849101908631263
3770,0.0030404110736735736,0.003211194297432148
3771,0.0028964233293142854,0.014901435602320871
3772,0.002623836520888474,0.0029606800307402496
3773,0.0030781199455557815,-1.7636357255657823e-4
3774,0.003348053291065684,0.004911318105235661
3775,0.0034677942417308547,0.0073257761125476205
3776,0.0025968135166562554,0.0015061157115026143
3777,0.0019905259472514708,-0.0032630228400717096
3778,0.0033136134795682037,0.01145320595178762
3779,0.0035952836722354144,0.002888442981294063
3780,0.003298615196288167,0.006216180087375652
3781,0.0021039917783842554,0.0020787330532194928
3782,0.002535716448496528,0.005585075577929364
3783,0.002329794670468503,-0.00223421181136194
3784,0.002411226418679836,0.0047016676053013694
3785,0.002807680583095083,0.007136767418190191
3786,0.0024741292185834255,0.0024741283385103993
3787,0.0020457314637035828,0.010095896034224292
3788,0.0034996172411253705,0.0038012794329758998
3789,0.0015950562034586504,0.0028754191814764005
3790,0.0028310223358530492,0.0020840621920521973
3791,0.003426677863941607,0.007038597452313465
3792,0.0028057620009038736,0.0035445167453277684
3793,0.003075084398512373,0.0056872084691063085
3794,0.002973917701404611,0.0059737555385893405
3795,0.0031631641216482765,0.007550099138656266
3796,0.0020223866399914706,0.0062247007221334725
3797,0.0025342181849870135,0.005119016188073155
3798,0.0021858849211844797,0.001982396260138051
3799,0.0025417330756199417,0.007071184155493987
3800,0.003934682752817733,-1.2692579502850132e-5
3801,0.0032358425905110993,0.004243176060129114
3802,0.0034749485013922674,0.001347393297886192
3803,0.002931236279198849,0.011478063513349263
3804,0.0029402909964898302,-0.0015839151850673755
3805,0.00248769839708584,0.0021285314738660275
3806,0.0022918684548572594,0.01169726698951939
3807,0.002491918449841816,0.009927754501324425
3808,0.003043956255450138,0.008768986057319614
3809,0.0023995954665780874,-0.0031470459017875927
3810,0.003035633076297532,9.668495620761604e-4
3811,0.002596282074902292,-0.0015300674105301368
3812,0.002287031389268456,0.006002290910319073
3813,0.002278384891694767,0.00539326775768308
3814,0.0038506692128661224,0.011873681416087826
3815,0.0029476456545196516,0.012346842481803162
3816,0.003911085015215684,0.0016914494320495986
3817,0.0034904800399142206,0.009101694263961634
3818,0.0031927309605751138,-0.0021204579635412113
3819,0.0024920269345803437,0.0032276388259454615
3820,0.0029535750014584358,-0.002730759192469675
3821,0.002674861693627361,0.002453245136275459
3822,0.003221268055426756,-0.0035844542162712795
3823,0.002755649601521206,0.007739107333781866
3824,0.002508768133395601,1.0576467565294456e-4
3825,0.003316810578872044,0.008716038589846063
3826,0.003165605988476867,0.003592247478145912
3827,0.0031936185280111193,0.010790195881418541
3828,0.003841161027512162,0.005414443029622872
3829,0.0027554248967445083,0.007837332948222775
3830,0.003352686962336636,0.0036165779243927066
3831,0.0023780593010065245,0.005056013906797004
3832,0.002797197580664287,0.0135509950928245
3833,0.0023598903931856437,0.0028666085536382356
3834,0.004276133063608563,0.012250971609601
3835,0.0015309647995512996,0.009688480763892005
3836,0.0030636515718640935,0.009225566482774571
3837,0.003223224482304557,0.005055597396801598
3838,0.003549028234825292,-0.006143771758052594
3839,0.0029902814045284663,-8.492485760469295e-4
3840,0.0033556688259480994,0.006979252249300569
3841,0.0033341791214911132,0.006229543874766473
3842,0.0033411913084866914,0.013589047482503051
3843,0.0025765620068116703,0.002105986995117331
3844,0.0029981415135784707,0.005274635640045538
3845,0.002063164149537131,0.010365332335567403
3846,0.00272610427003182,0.010441648584717855
3847,0.0031948329525345763,0.006735315057913314
3848,0.0033458302653071345,0.005129400801611389
3849,0.0030647591947310774,0.011656042245617091
3850,0.002537937849358101,0.009009664855035873
3851,0.0031297219014511024,-0.0050492358762183245
3852,0.0027260753441207034,0.01147126478925653
3853,0.002657584954221119,0.007583592869355446
3854,0.00259756738725141,6.036603983669547e-4
3855,0.0034829416131742633,-0.007384991369458349
3856,0.0036891923734493864,-0.00231449934043252
3857,0.002191432823817448,0.010226969207758306
3858,0.0017126513111312784,0.008537075752205423
3859,0.003251362125647927,0.010128860815329472
3860,0.0027042840907914555,0.005661145493519717
3861,0.002821305465631646,-6.854648592970573e-4
3862,0.003226480302885792,0.006017165044512907
3863,0.002682738396540314,0.004628063654815781
3864,0.003235204848676389,0.008475691420089766
3865,0.0019368344712264196,0.00476096696706975
3866,0.0029055431025171745,-3.6474802860518834e-4
3867,0.0034818031831979263,0.006419908964155095
3868,0.0033905104482206965,-0.0010594273931752492
3869,0.002518910273806157,-0.0014368443115255237
3870,0.002605002017343009,0.007061368678525019
3871,0.003104361954446168,0.005738408395511511
3872,0.0033859326795418134,6.823469561683575e-4
3873,0.002987900541254651,-0.0035837801321203684
3874,0.0023019209574263472,0.0023711784751327012
3875,0.0031661479356574363,0.008960462757402062
3876,0.00276785146797971,0.006947204003974757
3877,0.0031409357209249197,0.009327213215580832
3878,0.0030733501350154657,0.003146174217346259
3879,0.003363773457777297,-0.005330771420630916
3880,0.003047555585396918,0.008722154558133516
3881,0.003164505577639895,0.0046561770575435125
3882,0.00359614128580838,0.008574491410703617
3883,0.0029881643499454717,0.005499103999964105
3884,0.0028133411509483337,0.004054559988864742
3885,0.003006433733107122,0.0016587954621689648
3886,0.0029300976713414247,0.01212603001861013
3887,0.0022836409289084753,0.0035927398603152853
3888,0.0033658624043392447,0.007371341256108913
3889,0.0028987597560036675,0.011710758310829197
3890,0.0027053729460279063,0.01031013195690659
3891,0.002837875752816247,0.006876122235009045
3892,0.002298284555400742,-1.8796908567002713e-4
3893,0.0026222659297599144,0.0057847550293466665
3894,0.003137069695281643,0.010003041190628939
3895,0.003244836480343893,-0.004442433715764652
3896,0.003080034033215462,-0.007836061385821394
3897,0.0032202609318998663,-0.0013556709044953434
3898,0.0028040421431813067,0.00771323835676072
3899,0.002032562779383038,0.015608742843772812
3900,0.003498673108028634,0.004715954333437872
3901,0.0028143688942568303,0.004886644595735376
3902,0.0032277371068630176,0.012843042359918944
3903,0.002426641304277359,0.006337060911293274
3904,0.003003558749885902,0.009814217854922746
3905,0.0025190486500781895,0.003735378416480405
3906,0.003749966827347346,0.00551065444064921
3907,0.002770573143786116,0.006151365484870496
3908,0.002680168905514813,-0.0030092384218133377
3909,0.0022973160856940315,0.012288358086104411
3910,0.0029624326779005123,0.008056382230071251
3911,0.002986423639237098,-0.002585583604178829
3912,0.002043145163168581,0.004525378274565956
3913,0.0029469259245301824,1.8108127016208415e-4
3914,0.0030017274670015113,0.01183877250805862
3915,0.0026676117883595884,0.004424002885619869
3916,0.0033819624790058104,0.0015841850774205813
3917,0.00206754679726286,0.0038725163485798545
3918,0.0016335332565756307,0.0019534592375107076
3919,0.0031605859767460474,0.007462795924726696
3920,0.003437940794911113,0.011971930738956957
3921,0.0018961862317835184,-8.890115669872023e-4
3922,0.0030513526954094876,0.007284217309565253
3923,0.0015314391769924488,0.004221952656000084
3924,0.0037961601576445734,0.0065928130328190985
3925,0.0018697120774888447,0.014360783153969381
3926,0.0016152921470775007,0.004318757408628976
3927,0.0025706394199895223,0.006181160797030643
3928,0.003148440794951487,0.008713006761924
3929,0.0022961029795117954,0.009755824933944968
3930,0.002552126022287192,-0.002052771333094762
3931,0.003102173482640619,-0.008473690508822114
3932,0.0034771768211250545,-9.713277626979106e-5
3933,0.003460723958714949,0.017041296626176882
3934,0.002924475082796574,0.008085940962987698
3935,0.002642274686082811,0.008507932116890968
3936,0.002688970056892638,8.926624250486393e-4
3937,0.00248668448985658,-0.005105028149132831
3938,0.0028078359981583683,0.008004877078083908
3939,0.0028354706087750365,0.006919271144818605
3940,0.001972024924451807,0.0052448630443038225
3941,0.0031407187470899422,0.004924249263090125
3942,0.0036411141445789087,0.004821134212809348
3943,0.0022964935301319853,0.005437547301361088
3944,0.0022964300740973033,0.005626776799910751
3945,0.002360790603519231,0.004479463614754257
3946,0.0027815368035408396,0.01211393091132918
3947,0.003124376109716566,0.002463384952564011
3948,0.002992744301610526,0.002610594874950664
3949,0.002422641401112138,0.0077622848211788085
3950,0.0026239154561350244,0.010116808386689772
3951,0.002625020338600043,0.008372611441616596
3952,0.00279506363943766,0.006776709618386128
3953,0.0032702471949662307,0.010421133800736601
3954,0.0025825953952679755,0.006708818597497065
3955,0.002989710474549748,0.004914517095705809
3956,0.0025320706215931897,0.003303137994132497
3957,0.003272844710058636,-0.0037502654950727315
3958,0.002757786063612852,0.009605369226329527
3959,0.0031567357279202062,0.007684482198894518
3960,0.003397200218431807,0.00921723969380772
3961,0.003580897481446081,0.0025157348331234387
3962,0.0030995038289412667,0.003598640317694449
3963,0.003277823207961441,0.007060777487345368
3964,0.0032502606794063927,0.009505976299780446
3965,0.0027108579436343904,0.0025253826394042358
3966,0.0032753642885083867,0.010677164802745066
3967,0.0026036284994532264,-0.0018040495524980528
3968,0.0026725790676347173,-0.005097593069148313
3969,0.004278147288580241,-0.002465495300467822
3970,0.002948402705814375,0.0048636959353554774
3971,0.0020287244805944787,0.01108649574124945
3972,0.0026815039959828097,0.014104970187472124
3973,0.003757337259859289,-0.0031988030288546522
3974,0.003125101969968125,0.008540059349064627
3975,0.0020683790947510776,0.008616132680513238
3976,0.002860160976413039,0.00428800386536323
3977,0.0023057032410141167,0.004871144562126259
3978,0.0035234779747361244,0.007468782768049579
3979,0.0031545724043538525,0.002419438501671774
3980,0.003612848692755931,0.008978746768980323
3981,0.002374735262352188,-0.0014827433179872124
3982,0.0037116644068086605,3.314751126220427e-4
3983,0.002580527124706086,0.00427204136280624
3984,0.0027492777594834475,0.0036389821387876236
3985,0.00251453357317766,-0.0019665689652168207
3986,0.0030210707987271108,0.011950523600873432
3987,0.003260910206821709,0.012547112834695949
3988,0.0025566757677893373,0.0016576594610166104
3989,0.0024126771829801803,-0.0032373010365189785
3990,0.0028384086041860633,0.006364454020078953
3991,0.002487709605499293,0.0019426529369745722
3992,0.0035198545701463596,0.001978877035337302
3993,0.0034513442612868653,0.01197026323937783
3994,0.0032638055523435123,4.979312857795602e-4
3995,0.003972740333429214,0.009906480838349776
3996,0.00352652463114666,0.011835442822033228
3997,0.0037186148028742387,0.00924740482883361
3998,0.0030954176531089246,0.003061031818052439
3999,0.0031902062776482287,0.005290535292061707
4000,0.003263542120288623,-0.0034661469704625027
4001,0.0032034086881126147,0.005596237599006863
4002,0.003089292193881691,0.015338260165366907
4003,0.0033750574787111388,0.011530032910636636
4004,0.0034629297905202708,0.010589970828966074
4005,0.00205234078585208,0.0037845919400232454
4006,0.0026591853591223353,-6.124564569137884e-4
4007,0.0023341276798314386,7.650683776907041e-4
4008,0.002837287124984963,0.007491047811752751
4009,0.002826499091115961,0.004313111152153053
4010,0.0029457812898717626,-3.927276963796933e-4
4011,0.0025851065024683037,0.014526089270056464
4012,0.002918303968237081,0.014904760898295233
4013,0.0025959042407757227,0.011735210816666284
4014,0.0024870534001739616,6.136158567909204e-5
4015,0.0031382210530891946,0.010794744734049126
4016,0.0023611989866314086,0.007360511128735718
4017,0.0024607876113837794,0.012894584905781787
4018,0.002989730704384598,0.008943940284097831
4019,0.003481517739342713,0.007588748712682262
4020,0.0028540235888830762,0.010784326583515
4021,0.002267656898900642,0.007936956640115553
4022,0.0028425002888846983,0.010175236959383903
4023,0.0026481792600381794,0.009891036881887819
4024,0.0031136123417037525,0.007559711808669034
4025,0.003383009709006011,0.010536880664781392
4026,0.002215741232497995,0.008945400128733443
4027,0.0029143153769442937,0.0030351894919285185
4028,0.002422549404466799,1.6414367269445423e-4
4029,0.002408236769278455,0.008711423922212493
4030,0.0030556520125452347,0.005556457774621754
4031,0.0032931311501394117,0.004939053108674175
4032,0.0030355988620093363,-0.0028232672554481864
4033,0.0025582510484132774,-0.001544440968429872
4034,0.0022489193070983995,-0.009069724186176933
4035,0.0024645673732872388,-0.0012828768006019984
4036,0.0034303816298921755,0.00486511682364796
4037,0.002403462691706428,0.0028141369841153075
4038,0.0025622722267024563,0.007141095515958739
4039,0.002818770063835836,0.010291888346856272
4040,0.003182512255362693,0.003383322424750446
4041,0.0034452392088823195,0.002668990054194696
4042,0.002831535024660087,0.008526348413098067
4043,0.001464213583238185,0.009083093145962463
4044,0.0029326163828311837,0.0059951711450215136
4045,0.002915877820198374,0.007298006201882257
4046,0.0031566084655010353,0.004421648233268974
4047,0.0030706507949158986,0.013080523415728301
4048,0.0029291179786809884,0.016162328740429485
4049,0.002037227141078655,0.011179377767680401
4050,0.002841439221706733,-0.0026538058007878748
4051,0.00331583121649792,0.010581688777216845
4052,0.003071393065092454,0.0035882551268714325
4053,0.002040545403010721,-0.0037258440710034105
4054,0.0030127572832747643,0.0046846515548820125
4055,0.0027191588512517155,0.009196500592788932
4056,0.0019893581256606803,0.008477343496527687
4057,0.0029019942378337685,-0.002167208277887035
4058,0.002306765223545178,0.011720472097637847
4059,0.0021949179092510926,0.01625665901840901
4060,0.0017606698003721916,0.0038945143878997765
4061,0.0033312870022943948,0.0024318242327760215
4062,0.0033008995490579796,-0.003993537545536321
4063,0.0018539070113919851,0.005427915949710534
4064,0.0027377230846705697,0.003929772765192222
4065,0.001823138655488426,0.011637519577091601
4066,0.003518211146430524,0.0024722052192465305
4067,0.002543345263341023,0.008775699258539396
4068,0.002965017820360847,-5.609898313081417e-4
4069,0.0019212569318241422,0.003478430062783237
4070,0.001975501938294705,0.004181066628428744
4071,0.00254375810103473,-0.0013334936957147081
4072,0.0027279785436716947,0.011092619581295444
4073,0.0021605001369265887,0.007736165416536187
4074,0.0026736160509449533,0.011091321488094687
4075,0.0029298139113825387,0.01130413647002941
4076,0.003947949518668684,0.005402928541377414
4077,0.0018541310577422543,0.0027790800633093636
4078,0.0038419493361183886,0.011404216134338122
4079,0.0026490058448705,0.012191036344556115
4080,0.0026448932625855637,-0.004606133236038602
4081,0.0033146151641555667,0.007159734383695462
4082,0.002478864597011836,8.75680295534307e-4
4083,0.0026469860161414307,0.0015297632320352555
4084,0.003593325190108318,0.004395581254952648
4085,0.002514335241438068,-5.905367757905403e-4
4086,0.002864385361961556,0.0029612019091341817
4087,0.002384890408110511,0.01572717762524824
4088,0.0029858138410026745,6.999656803757586e-5
4089,0.0030405440910937416,0.007817089880718685
4090,0.002307014516469279,-1.094570761163774e-4
4091,0.0016469703822824203,0.010799899172660457
4092,0.002181022685858772,0.0031226989006992085
4093,0.002508806645825569,-2.237330376219657e-4
4094,0.0028173415594748294,0.008302771755735123
4095,0.0025616462664762476,0.011049243636950368
4096,0.0029099885778051454,0.0019862985977836724
4097,0.003119261792238627,0.008060619854740063
4098,0.0039046928155635568,-0.004853143222661344
4099,0.0028614579928763484,0.008009573731450201
4100,0.002551887969736525,0.0067398053945001155
4101,0.0030935254994009,0.01092452133226644
4102,0.0034474387906361934,0.001267755738926209
4103,0.003390300761808066,7.972802975487745e-4
4104,0.00245309310973239,0.010024812025820548
4105,0.002464505130451191,-0.005361212686042687
4106,0.002133451443793777,0.0018099312891483206
4107,0.002960941240660027,0.006936862958682089
4108,0.0027562862025937453,0.00909686886917087
4109,0.0030495881222186026,0.004817449510341739
4110,0.002987913306880693,0.004644201130678597
4111,0.0030110943491743775,0.004403419883346901
4112,0.003593625776277601,0.003211234924702466
4113,0.0026481611131965324,0.0032893322528597304
4114,0.002734772274533447,0.00678792246729473
4115,0.003089740275709003,0.005256211411257001
4116,0.0028266809857675906,0.00603202247687718
4117,0.002778446839408123,0.003106106151419932
4118,0.00328222250268419,0.003968492796407858
4119,0.0024946845492457652,0.007869012056701014
4120,0.0030396418988632564,0.012269993869082084
4121,0.0034866428299474015,0.007950166714236843
4122,0.002537773605997852,0.009744040756167794
4123,0.003278817282704161,0.006057037466660912
4124,0.0026843966815159135,7.926613852983972e-4
4125,0.0027808358586029792,0.00390443487417394
4126,0.003224943641073492,0.004846522194456881
4127,0.0032356003354506334,0.002922629907029211
4128,0.0035172608136188393,-0.005575576807716036
4129,0.003306707062804388,0.003891557957315081
4130,0.0031055247729294454,0.007215256015309596
4131,0.002709597219205896,0.005797323139122883
4132,0.0021568747181512854,0.0044538417231388735
4133,0.0016013610137183259,0.006447564543912646
4134,0.0030444407321546917,-5.177584759770929e-4
4135,0.003603967718877516,1.4153229299558936e-4
4136,0.0033735469839287265,0.002415081931251036
4137,0.0026744101686321056,0.0024588615622384838
4138,0.00242876955464052,0.0027909956129135377
4139,0.0025997201175624934,3.150572635101292e-4
4140,0.0029288835865617924,0.014439570752833666
4141,0.002614519197844806,0.004349955137396156
4142,0.0024992584244439018,0.0072660344468675284
4143,0.003347145724913969,0.007194388798932817
4144,0.0026665362847581395,0.0054374889671958485
4145,0.002969158258079183,0.010896314576162244
4146,0.003337675072153672,8.179091145159899e-4
4147,0.002027319258187593,0.0039345164950632516
4148,0.0026576676821748664,0.0047817528027355866
4149,0.002643780964412171,4.88310797901903e-4
4150,0.00294888009566854,0.008978276620415013
4151,0.0034907225429710352,0.007058800534522674
4152,0.0038705288814657205,0.0046058710912469944
4153,0.0024410384129258215,0.005100642177102221
4154,0.002686186606430766,0.00830690446866562
4155,0.003240709821471403,-5.316455580456738e-4
4156,0.0024837750724583463,0.010658058190966409
4157,0.0023139257571280674,0.011376875364229802
4158,0.002623836184293887,0.0013954590455788787
4159,0.0015415278414054575,0.00286033306970827
4160,0.0032930303364838345,0.0026806900309825736
4161,0.0030048528102617892,0.0042174540866960295
4162,0.0027991986544467625,0.003163371862939476
4163,0.002860616331920842,0.010154622117975885
4164,0.0024574916693750983,0.002796597163000633
4165,0.002869053806356648,-0.004723720944026347
4166,0.0029686495682332914,9.711769027059012e-4
4167,0.0033612117447779956,3.4580445961415176e-4
4168,0.0023865868759781438,0.008016897867774677
4169,0.002856396372603707,-2.3677027429822896e-4
4170,0.0026449763194253866,0.005897358148486469
4171,0.002122141442116639,0.003946671464196904
4172,0.0028562799809037764,-0.005806798170644138
4173,0.002494066925715731,0.007345532810778775
4174,0.002520756911236721,0.008511464602978155
4175,0.002490296825532425,-0.008454003199525132
4176,0.003009132839622149,0.009391924180157118
4177,0.0030053851009583022,0.006828666351506516
4178,0.002619815209840956,0.011252995665767374
4179,0.002736563949350898,0.0017617414095198393
4180,0.0032348522310359797,0.003609403213730199
4181,0.0017915772983872198,0.005911388898495921
4182,0.002122694665683599,0.01184164804105457
4183,0.002049293358630078,0.01032277405310744
4184,0.0022649990468626095,0.006323054824281105
4185,0.002306753291717996,0.003973939651621158
4186,0.002715537192015242,0.00277233455135052
4187,0.003137989085649203,0.003810761730750318
4188,0.002737374408452231,0.0031828718887166605
4189,0.0026928646042287114,0.008738208202484369
4190,0.0023708485994720623,-7.322753187045672e-4
4191,0.003262481410297115,0.005894709208114489
4192,0.002570120154559279,2.1461353171223566e-4
4193,0.0033619810071698177,0.003735817859449485
4194,0.002610524263540138,0.003912994902812768
4195,0.0020468533266668754,0.005372966855226305
4196,0.0036661116007295066,0.009398379609826037
4197,0.002432139094488751,0.004251556801951224
4198,0.002757928309625809,-0.0013242296336472958
4199,0.0019683709073267603,0.00509787126627753
4200,0.0030514414053855812,4.2302611678695767e-4
4201,0.002067671896497701,0.007488621178290333
4202,0.002833753990665996,-0.00520029374044087
4203,0.0031392869582115616,0.007925657335426235
4204,0.0019450243973129619,0.0067030852938888
4205,0.002090700842424101,2.5498852880568353e-4
4206,0.002975246187349002,0.004561748408678729
4207,0.002963449663900698,0.0095000296882292775
4208,0.002900123876920264,-0.0012462481927680647
4209,0.002311806437712124,0.00783707048604404
4210,0.0021285834286117623,0.005673814517057457
4211,0.002369275340680324,0.008051588869900005
4212,0.003183591597558322,0.0039021586360776838
4213,0.003144146000116618,0.0037639564158880832
4214,0.0036630631834034732,0.008988549959206614
4215,0.002977122123121211,0.004206572525346045
4216,0.003467715158244462,0.010287765451131007
4217,0.0030159103155330473,-0.003583090051969544
4218,0.0036547996201009847,0.0020079951743243916
4219,0.003084930329085994,0.004592103009439846
4220,0.0028238029609055737,0.007933855521134795
4221,0.002216038542166607,-0.0011383537762965023
4222,0.0033959669501605573,0.005542726102039843
4223,0.0020825724366874054,0.004427041520730425
4224,0.0014924248305887837,-0.002439116897753919
4225,0.002834788758331987,0.006766039467609101
4226,0.0028246657177887894,9.639151837334894e-5
4227,0.00216225097585803,0.0017991381011101659
4228,0.0035993337535409706,0.010119301167763424
4229,0.002375769273964227,0.008819500665177817
4230,0.0026520297498807666,-0.0014221926277478295
4231,0.002602399099795559,-0.008733286506571946
4232,0.002375917770687098,0.0027643303237658056
4233,0.003160147806398222,0.010179823250944253
4234,0.0026530294257636304,0.007490130362441948
4235,0.0032295240384616983,-7.999691594990877e-4
4236,0.0027777607757359653,0.011154204222053413
4237,0.0022426009227518393,0.0022754602544706563
4238,0.003182599156953283,0.015875043293320786
4239,0.0032346871610997225,0.002455240695741691
4240,0.0029093672134581357,-0.0016513051801952039
4241,0.002519205571611365,0.007472881584896614
4242,0.0028674316091043097,-0.0068696642395538205
4243,0.0025136402908418564,7.30138962837835e-4
4244,0.002915689133992514,-0.0017626434422679223
4245,0.003690913670301132,0.012840295421828409
4246,0.0020716461783099227,0.003839593298306441
4247,0.0030825102770653218,0.0029303931013449306
4248,0.0023516680891837003,0.01578356835574951
4249,0.0034338467575344067,0.005723989799448811
4250,0.003317623558107217,0.007778881251907581
4251,0.0031743335008556244,0.007645228050682133
4252,0.0026311567847495227,0.001434601872289937
4253,0.002936257099838517,0.013787238571715715
4254,0.0030347355726160798,0.0035668328156022075
4255,0.0027641024788624814,0.0076304972617640375
4256,0.002350132806879664,0.005010463630140901
4257,0.002656721410682647,0.004948343912939945
4258,0.0032810510919237972,0.003604533534435534
4259,0.0030211250826733807,0.008412110108069373
4260,0.002720594259928975,0.0031947606117796777
4261,0.0026613204306722526,0.014927838373162495
4262,0.0027396406294217177,0.0019284173541693136
4263,0.0028997169517357138,0.008829100941053707
4264,0.0033773431457410287,0.006118381761116009
4265,0.0020916273603360878,0.007315737084009989
4266,0.002297008379445056,-2.9608874139692336e-4
4267,0.002762480049644533,0.002269256639967663
4268,0.0029500066249822017,0.012859043639751367
4269,0.0030307406659406317,4.588192576072377e-4
4270,0.0029424537958945038,0.0012985047127249386
4271,0.0023366603757708,0.00933535356004118
4272,0.0028713912408361558,0.01574838480988171
4273,0.003518857940554005,0.00617596005762861
4274,0.0021201127862000377,0.0014002064838917923
4275,0.0027824856435705488,0.0033614352067371962
4276,0.003575007594477709,0.016600392200036344
4277,0.0029053429966496122,0.010244635557754444
4278,0.002916499759249688,0.008812602546149129
4279,0.0023592751128842845,0.010397874433822962
4280,0.0032309290917961813,0.014267864113280357
4281,0.0031006579105345078,0.0063647527487042995
4282,0.0032734821719485542,0.010549345710171316
4283,0.002419574334948801,0.0045616932775618315
4284,0.0029114276484320943,0.002813308922919521
4285,0.002653252634641526,0.012700235110805015
4286,0.002185349243592447,0.009956555639987945
4287,0.003848780196563554,0.006775853738916528
4288,0.0031951705472474615,-0.00582265872541588
4289,0.003802857187740028,0.0015776160824712568
4290,0.002777055965883077,0.0029049302544840562
4291,0.002900494818853284,0.004726693808669742
4292,0.0024225249944427926,0.004302706017267855
4293,0.002622777849772263,0.0063113668600294414
4294,0.0025152330127714076,0.002224211284819612
4295,0.003566539099853293,0.0015379485066231175
4296,0.002925089846997541,0.0020039607491016687
4297,0.002675022450584603,0.0032956665308880896
4298,0.002820293358565681,0.00202827600236926
4299,0.00251978666525937,0.006535875865251217
4300,0.0032054124417272697,0.010713147398317116
4301,0.0018182432461964354,0.001862426650115971
4302,0.003377875533216355,0.005841506590573645
4303,0.0027305825305272294,0.004310414780730299
4304,0.002787098346780658,-0.0012817965732532092
4305,0.003320612916710174,0.0050762166028777735
4306,0.002938222499416339,0.0029392655565002616
4307,0.0032959056500386067,0.002629146728255819
4308,0.0032595584190288833,-5.611538151571041e-4
4309,0.00284549730414523,0.0076677762005416365
4310,0.002945371601120594,0.012120898220120805
4311,0.0032342985597792486,0.008456840655354434
4312,0.0036956622926320342,0.005165861347194576
4313,0.0028267018569817534,0.010088865203056626
4314,0.0032342833787270464,0.0033855092753825138
4315,0.0027979598792463923,0.01217672675699107
4316,0.001767554417910204,0.012120925724946817
4317,0.0029894134800995545,-0.007498635389113056
4318,0.0031583956546391875,0.0010885103971093758
4319,0.0031903937341505617,0.0065112620540590995
4320,0.0035764985113483417,0.01281827629751961
4321,0.002726513386652591,3.838068986825159e-4
4322,0.0025113213667743817,0.013183190149061445
4323,0.0031809810996043884,0.007646451557080854
4324,0.003413498465463999,-6.127250171575167e-4
4325,0.0017679827117255086,0.009347232871823305
4326,0.0027457308750479604,0.010282170054472734
4327,0.0029088908405384395,0.0074337403150782425
4328,0.0034168855515391543,0.005148259929566434
4329,0.0018199095474578037,0.006594110229821199
4330,0.0026686318531335775,0.004812240446914598
4331,0.0022272674788112283,0.014154558201947153
4332,0.0022994530156491165,0.008156711966990842
4333,0.0031659706338510074,0.0014430987039213501
4334,0.002854560052846941,0.011977066141887696
4335,0.0032366622252857262,0.007557444285538506
4336,0.0021309531170678594,0.009589738902924876
4337,0.0030337067317997854,9.680043030177842e-4
4338,0.0017144037952789655,0.013530848602525848
4339,0.002681920668998404,0.006254225167438854
4340,0.002878209970687675,0.004973283316657346
4341,0.004114637626817923,0.004055647327407756
4342,0.003024244656755077,0.005516678506858801
4343,0.0029798022693375043,0.009340947334253363
4344,0.002178047268126158,0.005376172886596532
4345,0.00211830946381244,-9.100833418348797e-4
4346,0.0029407599167675653,0.009197776427493896
4347,0.0031800050213982014,0.008340429142219455
4348,0.0017443212876376464,0.0025655676405995677
4349,0.0030914140717484234,-0.0019663345813462837
4350,0.003503583669918702,0.005985303390823929
4351,0.002898535068483811,0.009868432502355038
4352,0.003320823879494176,0.004905430319151468
4353,0.002942062138909382,0.011403498194941956
4354,0.0030558388141713635,5.47329313116858e-5
4355,0.002340217821562276,0.011518167146236246
4356,0.0020755204813020698,-3.2783071664563117e-4
4357,0.0026260570175551516,0.008063429339384521
4358,0.002265690411296147,0.010875155059160693
4359,0.0029141474158430065,0.016056763778612353
4360,0.0022060248287574065,0.0040856457091389695
4361,0.0031906354116248026,0.0073833418294670435
4362,0.003891264373083053,6.389090878255784e-4
4363,0.0026142167858856325,0.0084283242370639
4364,0.00340475779261748,-0.0017830284477506108
4365,0.003530226211010655,0.004628053526595432
4366,0.0037232329250776633,0.004210800785414694
4367,0.002626813339914132,0.009678400711924806
4368,0.0027979990492857736,0.009696701544900451
4369,0.0034050582952437594,-0.0029798755597806622
4370,0.003290977887844533,0.009195469019689862
4371,0.002659485956673406,0.010655898768391472
4372,0.0034034364797589887,0.004819187182529031
4373,0.0019503608557547734,0.006809790157170899
4374,0.0025263024439956465,0.006208867770484537
4375,0.0028768452279823403,0.007971307650319143
4376,0.0033564380763006422,0.004230874834777203
4377,0.002642398245137171,-0.001823515851992757
4378,0.0023812584960455183,0.004263343860276666
4379,0.0031051915453827604,-3.1232797237996934e-5
4380,0.0032227348394190405,0.0021781974951327904
4381,0.0038000572048319334,0.004138297147025225
4382,0.0021407552417224943,0.006631647159887099
4383,0.002413731940689239,0.007752771217868379
4384,0.0031280196970804976,6.052256097782557e-4
4385,0.0026556529062349934,0.00754984376640014
4386,0.0032265693183761465,0.007604886443853842
4387,0.0030451494676588856,0.006226104849713986
4388,0.002495853557842968,0.010846295681156847
4389,0.002259702456855737,0.004004755346079225
4390,0.0022956871628688723,0.005011814299402775
4391,0.0024118873799095285,-8.936085918264038e-4
4392,0.002834326192338507,0.010573421687648955
4393,0.0035747498646864773,0.009235325695075434
4394,0.0027536046062198883,0.0013397592033800448
4395,0.002534313434347009,0.0032381396985471976
4396,0.003179056331870357,0.005988172727798455
4397,0.002089466847179416,0.007257071611119893
4398,0.0027985810918619964,0.00875683835567121
4399,0.0028314826378990545,0.002728326474976148
4400,0.002979141677961453,0.0023571217609386083
4401,0.0027952158248451676,-0.0035433568720746357
4402,0.0026242617941973846,0.011240547853965865
4403,0.0039060826942215266,0.01688925812548831
4404,0.00232327925063001,0.005602091889183061
4405,0.003922191254400388,0.008264817363805022
4406,0.002674491347467712,0.007974880763712333
4407,0.0024479529924530227,0.01110701760694095
4408,0.002988935652570084,0.001570622095354416
4409,0.0030992346537775783,-0.009099571704091185
4410,0.0026030181307129226,-0.0060412906510110215
4411,0.0030079126389506014,0.005767985901327636
4412,0.0021630474647147133,0.006972857958246955
4413,0.002643380720659101,0.010194646455234633
4414,0.0032805536658704493,0.011141157016823722
4415,0.0033486556483737703,1.2843095201890958e-4
4416,0.0025705203397096807,0.005031379302506803
4417,0.003244621193790382,0.006507054951567266
4418,0.002914595980961614,0.004298318670867063
4419,0.003752046526549323,-1.8676685425052068e-4
4420,0.00204155406292449,0.002897726683255802
4421,0.002155839579419197,0.011448984635989014
4422,0.0033043522312274495,0.007627688054188708
4423,0.0020656764488836705,0.005207380469246851
4424,0.002944919667579555,0.006842969071919688
4425,0.003190445360711056,-0.004359916698279747
4426,0.002382157222746277,0.006403525478548058
4427,0.003082073690324317,0.005019471605981347
4428,0.0023502944669153685,0.008666123423665257
4429,0.0029678265129557423,-8.913143966308287e-4
4430,0.0033509652295207804,0.002463553686403365
4431,0.0033273444103738255,0.00937010061340415
4432,0.003233833434248519,0.00807783577864902
4433,0.0028156977670960896,0.0015386718562591696
4434,0.0024836007866714904,-2.884091990895685e-4
4435,0.0037169839981244174,0.002117653085707681
4436,0.0022063794770548475,0.00678522321120597
4437,0.0026032190198877593,0.005189878189807713
4438,0.002601060248422735,-0.0025432375390719306
4439,0.0023228269582772124,0.0029797601710405954
4440,0.003550984182904145,0.002885201278303836
4441,0.002671896812403383,5.49168539134965e-4
4442,0.0023739405735857533,0.0021048855798056106
4443,0.0030460756362135225,0.012639393172497952
4444,0.0021526377771939782,0.016605892971237796
4445,0.0027012611434928313,0.0086547097151689
4446,0.002798930931622457,-0.002342351779750687
4447,0.003567453383373129,2.7561649647202084e-4
4448,0.003217278441248448,-2.6957940321587284e-5
4449,0.0020639457666532177,0.01848538010522393
4450,0.0019552885998961565,0.01480037010475488
4451,0.002754561355419575,-0.002507093619319752
4452,0.003918798391013513,-9.659849338368969e-4
4453,0.002759265222628191,1.7232667361206933e-4
4454,0.0024519406098480736,0.008028381964686917
4455,0.0024254122761616925,0.0029641701118147713
4456,0.003173372001482277,0.007949200103943888
4457,0.0032640170777882174,0.00910878193857002
4458,0.002548803928941947,0.0035595715498542143
4459,0.003118162625350139,0.007715649174148646
4460,0.0025296262051932574,0.002147724959193013
4461,0.0037196790030428247,0.006258929976422549
4462,0.0029201199379832793,0.011490405611437897
4463,0.0034574273124939664,-0.001540605582304187
4464,0.00291730313038702,0.0034353609071204553
4465,0.002809350377482603,0.0021012028417894627
4466,0.0038802172194993332,-0.0033728928126520383
4467,0.0027124942618748614,0.012974821044734495
4468,0.0031976131632479397,0.0011921150472393332
4469,0.0031686817682032944,0.0082586375128750715
4470,0.002806801559404385,0.006976474419129606
4471,0.003046054631318804,0.007650515507355297
4472,0.0035278166274233984,4.6476455358385204e-4
4473,0.0031436585189884465,0.007037944226365373
4474,0.002539682310230881,0.014349590872545307
4475,0.0031216323168591457,0.0015125144393461675
4476,0.002576411715923053,0.00804888901355724
4477,0.001837574201764851,0.006659418819578702
4478,0.003175427105684424,-0.0067561312692034905
4479,0.0034289399913260007,-0.0010731715721944493
4480,0.0028757417234140372,0.004067546003916625
4481,0.0027889088665686854,0.006942704161967178
4482,0.001948645487235258,0.012892770279010264
4483,0.003012786204279439,0.013710321888525822
4484,0.003231179269205338,-0.0010766153332782986
4485,0.0017121446673289899,0.004068986646946706
4486,0.0026107321267231746,4.2029350764418707e-4
4487,0.0025537400827758184,0.0036246888113619603
4488,0.003350060134144661,0.007902906025019576
4489,0.003007893155149311,0.004647392947644673
4490,0.001808022978287254,0.006292120852604874
4491,0.0026507560709078826,0.012031574334247534
4492,0.0031883528698121817,0.008454846424226496
4493,0.00224115441451855,0.01563832039704954
4494,0.0020958086318833852,0.006725807479391425
4495,0.0022770189608368983,-0.005213359065331883
4496,0.002433208546106171,0.008693236961849737
4497,0.0017295657247608529,0.01019633136509986
4498,0.0031040959181972633,0.0019314372211554742
4499,0.002584323480535157,0.002912846101992009
4500,0.002460973549009505,0.0043487892936106606
4501,0.002379439283079664,0.00621431097130566
4502,0.0025755985662028274,0.001168842986116781
4503,0.0024092719164156384,0.006029800017751679
4504,0.0026580393592189264,0.0024744667672652026
4505,0.002737586595402206,0.008619293396639631
4506,0.0030247238249672724,0.005329488521312393
4507,0.002792170146571624,-0.005397442731402107
4508,0.0020038320964235676,0.0073255023718465095
4509,0.0029368904869352796,0.005108785930339258
4510,0.003319436923255551,0.009379193801620469
4511,0.002603815040370833,0.010497477811884499
4512,0.0035650260093010467,0.004698031019940549
4513,0.0029298761328489607,0.007631186636758676
4514,0.002837304901289082,0.008480734077244752
4515,0.0028518458993173246,0.013950938930184993
4516,0.0029890621906186296,0.010432012198724172
4517,0.0030849678608055567,0.002472985501038503
4518,0.0032353575829851267,6.856155563950859e-4
4519,0.003441232225518441,0.00743226752560947
4520,0.001980559133497094,-0.0012491340112679144
4521,0.003132859129823543,-7.995449071954326e-4
4522,0.002714194576711213,0.007479689707114343
4523,0.0034042913390207414,0.01523988056559416
4524,0.003059858007018395,-4.748229382123899e-4
4525,0.0029361141727613435,0.0034888427960507937
4526,0.0025907375808340684,0.01117026594370767
4527,0.002607427435343879,0.008588567324018482
4528,0.002932181846487303,0.006558603036440364
4529,0.0023946179385579314,0.008347526620673128
4530,0.0022359954324065873,-0.006110306917531482
4531,0.0031642556945796685,0.006429891002835036
4532,0.0018067765368664417,0.004940702491358732
4533,0.0030981316204252212,0.005723626231036811
4534,0.0020036387475245265,0.007576448081942423
4535,0.003189876253795409,-0.007712495843365094
4536,0.0030717872350993635,0.0063575189009144285
4537,0.0024812819837873486,0.012241834152377716
4538,0.0037596641519894486,0.005702104367833729
4539,0.003370156873663658,-9.591276288277396e-4
4540,0.0025842981146294366,0.00861906241265226
4541,0.003391340076050596,0.006926195814250772
4542,0.0030011525540435276,0.002600877331439147
4543,0.0019340884886032653,0.004955069383849185
4544,0.001856967526305429,0.007391656558167175
4545,0.0031274057442325937,0.013506911118036749
4546,0.0025317984735107055,0.005773182481519738
4547,0.0031022424120362943,0.009043618539844206
4548,0.0025394116839979157,0.011279696095747083
4549,0.0024386356917753056,0.009152435045934323
4550,0.002337231500794979,0.006946583301239085
4551,0.0031341618004482037,0.010269585217189032
4552,0.0023405149235767478,8.631431988447907e-4
4553,0.002098451258114076,0.004426567407218716
4554,0.0024104062371361357,0.0017964505770565308
4555,0.0030994991913052094,0.006056808638516134
4556,0.0033198106763376745,0.0037533093736155662
4557,0.003091402685433957,0.0060406686625316995
4558,0.001825226494163965,0.00315416163677577
4559,0.0024846676397041354,0.008541725100203833
4560,0.002248567331186635,0.012080729527490466
4561,0.002566193869885684,0.0011543920123965896
4562,0.0029137053566954856,0.004292358135266155
4563,0.002495729905020056,0.007274184210858983
4564,0.0027983952588472864,0.0021678373988490082
4565,0.0028853603886815943,-0.003354579553787181
4566,0.0023827096456129643,0.002558563989710554
4567,0.0032051274776153807,0.010218589166601401
4568,0.002871860543802557,0.005087938988356349
4569,0.003088957894361318,0.003995224587260855
4570,0.0028775739039070022,6.175177550295039e-4
4571,0.0023642803375262295,0.003389738587559376
4572,0.002882012059533739,0.004144486254007836
4573,0.0024811875484156147,-2.825797294626446e-4
4574,0.001475689891121597,-0.001987282750379327
4575,0.003422173411115497,0.015615965489805652
4576,0.0034056136467485658,0.008353902358674094
4577,0.0015868052766831735,0.0043063435886378535
4578,0.0027130225993199286,5.185260768075845e-4
4579,0.002546633365695871,0.010034655576132152
4580,0.003256715144934646,0.005394613459817638
4581,0.002446391472916047,0.0036359494379281125
4582,0.0027947007554407514,0.0066969376499729
4583,0.0025396616243014555,0.005179101377777417
4584,0.002573926463831232,0.0021558733920186363
4585,0.002305281406233798,0.01425646607377596
4586,0.0026623927714644283,-9.448910707661269e-4
4587,0.0030499922127229418,0.005252998712127846
4588,0.003221513456101493,3.2221338284091393e-4
4589,0.002399901290523987,0.008912681730960735
4590,0.0034521167723860643,0.001419278886457153
4591,0.0033492939439171447,0.011341729508892172
4592,0.0032459637775108193,0.006438349256320314
4593,0.0023974854438988916,0.004890799465366039
4594,0.003191418485144787,0.008103362372055927
4595,0.003530142072570209,-0.0015243005996503634
4596,0.003196793651146431,-0.0027630660007683192
4597,0.003396593419084072,0.005325688622060519
4598,0.0016211593988243117,-0.001398704941638438
4599,0.002413628757269103,0.011943027770705337
4600,0.003268075419003893,-0.001730638865662473
4601,0.0015961215833063078,0.0047085192799611745
4602,0.002380901892204802,0.00844247817477763
4603,0.0026598235410254145,-0.0026763298649584207
4604,0.0029307198320689095,0.004108997605194313
4605,0.003443314485299857,0.0018322886621901869
4606,0.0025725194426134616,0.01623694928455054
4607,0.0028946775836961765,0.01142840730616023
4608,0.0029133622647330016,0.009934943417330724
4609,0.0026446097227286625,0.007735275479349497
4610,0.003244098032863954,0.005845271775978753
4611,0.0031206933135110274,0.007648037508285377
4612,0.0032775200996547614,0.008574810353177025
4613,0.0031642203459681206,0.008658433279059505
4614,0.0022456571121690127,0.007267616214968993
4615,0.0028159908985037094,-0.004840390976027345
4616,0.003041976243314899,0.006587101386919858
4617,0.00208181002030766,0.006223052225180471
4618,0.0024959201045506836,0.0027315133530351485
4619,0.0036436707606109014,0.00793361614888486
4620,0.0026936041016698354,0.011077214582860382
4621,0.003156155831118205,0.0036410668472017446
4622,0.0015871524864003897,0.011429115920299193
4623,0.0033622987064892695,0.005480502510138028
4624,0.0012835717184132192,0.002793294511364115
4625,0.003504698563083068,0.010606701115790061
4626,0.0021715830343001946,-0.004539796349825286
4627,0.002998924066897361,0.001432096289169921
4628,0.0032203459414869373,0.004114728428657854
4629,0.0027592656554719704,-0.008758186239204366
4630,0.0026637726602150393,0.010548869390126784
4631,0.0033434223659209407,-0.003550116114822253
4632,0.003413700994113344,0.0031335064732595118
4633,0.003108480105809869,0.009752770157331277
4634,0.0035981025193928696,0.003794455307135747
4635,0.003400363067873503,0.007880743549169742
4636,0.0035320659366988184,0.0055658903201461375
4637,0.0024710878939605825,0.013580579776358266
4638,0.0024191236975822285,-0.0037904626125670514
4639,0.0030229251129103244,0.007271094951224649
4640,0.0035384093744857594,0.006071179895928118
4641,0.0022897956569246053,0.01040984906273707
4642,0.00316546896232082,0.004486776722107202
4643,0.002992561371420643,0.0052395926187696566
4644,0.0028426632861119974,0.011363928460920622
4645,0.003219584822670347,-1.1712668750059416e-4
4646,0.0022548844812424152,0.0039614647995539435
4647,0.0027924224061380257,0.011730468805197805
4648,0.003535576052462178,-7.172281916277654e-5
4649,0.0029235968385183542,0.00870780628467493
4650,0.003056387143177103,-0.0017954478182689295
4651,0.0032493770713567754,-6.353724712497063e-4
4652,0.0020815922848435517,-0.0027453651029795976
4653,0.0033102267371825905,0.0035838339259761996
4654,0.0027840056607317054,0.008244417104717648
4655,0.003596653705192218,0.00362911430329765
4656,0.002147603747136343,0.0028887209761623567
4657,0.003096574641726769,-0.005420000614294838
4658,0.003369552795943755,0.006539843792732388
4659,0.003236830548828898,-4.651202783749089e-4
4660,0.0023241565501918734,0.006360940641314238
4661,0.0029722553540758798,0.008142641746012204
4662,0.0024940182979847963,-0.008767527194069816
4663,0.0017458563759290998,3.2365464881408627e-4
4664,0.0019459261807365576,0.007118428837052202
4665,0.0019398255414428672,0.0013408571216183222
4666,0.003112599138828524,-6.208096063658871e-4
4667,0.003546859094950752,0.011300895853795831
4668,0.0022933881709050197,1.6321302254874905e-5
4669,0.0030423239991578905,0.00812657543407571
4670,0.002417101996616316,0.0064940965778350615
4671,0.0029934701068306626,0.003870292299932327
4672,0.002724180829285729,0.0017658148617892637
4673,0.003127672148619045,0.005727280435914629
4674,0.0030489626762416626,0.009181041837886615
4675,0.002825951934728518,0.0017373329425900328
4676,0.0011254193325226575,0.0036364159553768077
4677,0.0024993383075737905,0.003975450017715494
4678,0.0025650136019520022,0.002913546626484735
4679,0.003681330363057783,0.004967909303595644
4680,0.003235152336603099,0.009981104693537302
4681,0.0025131565980395804,0.008230953139541074
4682,0.003620337656383878,0.012469786371124471
4683,0.003240209644812396,0.004835008983141483
4684,0.00318044772130665,-0.0036265651712867825
4685,0.004143110510754585,0.0034551837734973405
4686,0.00224239007123002,-0.002690341531440799
4687,0.003104752455926426,-0.003118601021350212
4688,0.0031743815170326966,0.007656578832580103
4689,0.0025144199027858525,0.001424360409574275
4690,0.002941112978087608,0.0028063044061272455
4691,0.0026101488125513366,0.007640330014278019
4692,0.0020287341454355394,4.4814257356639697e-4
4693,0.0033418494298288097,0.006475106450020357
4694,0.002368630184152148,0.004144264758512438
4695,0.002638010360515277,-5.46670342984704e-4
4696,0.0028334256570137603,0.004786726349215734
4697,0.0026247143960179335,4.70019556321347e-5
4698,0.003041292286679276,0.011724319914326247
4699,0.0034905739856040028,0.0010214024544242901
4700,0.0019557712307286326,-0.0019960406318187043
4701,0.0022033298927107824,0.0015429560232275235
4702,0.0022930325255860508,0.010517243461573351
4703,0.0021007435266021494,0.003253115702977606
4704,0.0036096620020308673,2.378249119035199e-4
4705,0.0030729830388049337,0.01165624646430521
4706,0.0029739909894025,0.004365453531466757
4707,0.0029316882101249695,0.00875615895575417
4708,0.0027595280488973382,0.0030796116617614823
4709,0.00286390945859483,-0.0031424563369252595
4710,0.0031395166477810985,0.006290701965002541
4711,0.003458550973533283,-0.007417277168659584
4712,0.002894144547228264,0.006164506112544755
4713,0.003171143335493341,0.0037249040348166004
4714,0.0029258786142864444,0.019879778420337533
4715,0.0030268661418622334,0.00215159663752545
4716,0.002931235385721181,0.0033470228963284774
4717,0.0033523987642399447,5.5153537439343e-4
4718,0.004015162950522433,-0.002027177876496468
4719,0.0024273096798227674,-0.0032362776008450457
4720,0.002298873660646461,0.006727531094304632
4721,0.00295841617765413,-4.047718662885374e-4
4722,0.0029543391884577484,0.0034208672443189706
4723,0.0027098404356907654,0.009070182495881356
4724,0.003393341747659987,0.006852622615573428
4725,0.0035659384480006204,0.004968620426028272
4726,0.003328048665835575,0.010007847066565587
4727,0.0029782271441193657,0.0010468203165317383
4728,0.002423421722053544,-0.006576952412119733
4729,0.002450485445411695,0.0029538887659014876
4730,0.0031110700610097897,0.006894806506985898
4731,0.0026895368663222455,0.012794555731966441
4732,0.002735114673301285,0.005670996480180663
4733,0.003331216334552556,0.0065077227358264315
4734,0.0032202203398079316,0.008104856407132018
4735,0.0030552984499642266,-4.5755207364569367e-4
4736,0.003950996744984119,0.0023934167113399997
4737,0.0027086734913989432,0.002577287422023917
4738,0.0026954252054941633,0.010897635211447007
4739,0.001837687222873959,0.0027782023433051703
4740,0.0030055272021241464,0.009340323609217466
4741,0.0033403583698919646,0.007719743398550597
4742,0.0018727700896962263,0.0036641982203932146
4743,0.0027260788988295367,0.004441976605231559
4744,0.0027566259162243667,0.002074549923078101
4745,0.0015742560074486292,-0.004673059297415181
4746,0.003322002929750564,0.0015941863194522494
4747,0.003400865082985818,0.001623095839539082
4748,0.0023350084237986086,0.011249533717794954
4749,0.003124130687469412,-0.0024098378323591653
4750,0.0035497863669882884,0.005376361209537364
4751,0.0024358482781522803,0.004110825681783111
4752,0.001865130374279509,0.005447185618564405
4753,0.0027149930416947438,0.009045582776200515
4754,0.003119448820272269,0.006377843048122269
4755,0.0031507148107322545,0.009318012350343949
4756,0.002577600094324064,3.8134777886004393e-4
4757,0.002932152303123331,0.008156648497165138
4758,0.00260955373084162,0.010541040856291064
4759,0.0029340918747899187,0.010367901713254352
4760,0.003057599342846011,0.008246592173831073
4761,0.003324149976848685,0.012419063600293587
4762,0.0024953298164810214,0.009770404441779078
4763,0.0031984496054853206,0.0034061342948465767
4764,0.0032298263306467768,0.003743451183426694
4765,0.0026930073519553337,-4.4148230223000885e-4
4766,0.002192816237520691,0.006876713241242831
4767,0.002935602355097715,-2.465327190968366e-4
4768,0.0025884322459112166,0.01840576475832219
4769,0.0029095557964548503,-0.006982986128781463
4770,0.001973320150070043,0.0020495840483969836
4771,0.003494315711355735,0.007988513857989403
4772,0.0034794111347879004,0.0017189924222050022
4773,0.002510403744732376,0.008080848560394165
4774,0.0025943829414803023,-0.007863886520911412
4775,0.0028423045697197535,0.005202422137296604
4776,0.00281372947314753,0.008191127735409781
4777,0.002507986604819006,0.003528100905124485
4778,0.0021593641556099837,0.001999729763145968
4779,0.002750502998449239,0.010254492762950701
4780,0.003055525050811541,0.007148587199421559
4781,0.0023224886969742797,0.007611127484106238
4782,0.003598281122795751,0.007642219248666262
4783,0.0025511130117050022,-1.1820068501142546e-4
4784,0.0030123657426695018,-1.1616946422105152e-4
4785,0.003038311114878457,0.006531554340248699
4786,0.0031258902712688603,-0.001227552170737228
4787,0.0036980941892629047,0.007036207913715469
4788,0.00240637786854116,0.007001289870845828
4789,0.0027120031507181725,0.00410120337103808
4790,0.003773423484761963,-0.005640963685385032
4791,0.0034263925044024594,0.006549297183531466
4792,0.003003315894251844,0.0054491182683877246
4793,0.002811824546021016,-0.0027839313579173307
4794,0.003715595665810597,0.005201178465339297
4795,0.0021353135060060762,0.0021625602294813463
4796,0.0034141091442067444,0.002434192795960198
4797,0.0029674653268296197,0.00507420832531719
4798,0.0026318014313502754,0.009495595462538104
4799,0.003074287614090284,0.0011300461779494373
4800,0.0026040692294708985,0.012285302826834455
4801,0.0028969769359392856,0.0032206341896574
4802,0.0029647192893142386,0.009511760080161627
4803,0.0020378330076971725,0.009698633470337933
4804,0.0030209177703715883,0.007324040268602941
4805,0.0022468171073582554,0.008493506894157093
4806,0.0028347319698890485,0.0030015635690445793
4807,0.002986264237823867,-0.0010660639826918683
4808,0.0021788996159664664,0.011409955161760995
4809,0.0031617493031173794,0.010938856073804355
4810,0.0029082553164252963,0.0010378379851500186
4811,0.0036139921604764784,0.005126515056193322
4812,0.003573414651367731,0.008402648696827619
4813,0.002995758653846995,-0.001143659852855516
4814,0.002550728554812568,0.00500582212233025
4815,0.0034166301486511373,0.009145984350600458
4816,0.0024351566019115475,3.2675342058459704e-4
4817,0.00220266207733358,0.002119939269724499
4818,0.0028387899208395565,0.0016209248233943802
4819,0.0030844224625202186,0.007736196561389581
4820,0.0030828362277976027,0.006789254959478964
4821,0.002930751053286892,0.006328208239597005
4822,0.0027309660403909914,-4.943122478302526e-4
4823,0.0023377815224667744,0.005469737225390645
4824,0.00258587470092257,0.008461118714221392
4825,0.0033459473095040753,0.009035395548171819
4826,0.002756135465558197,0.008683813006448106
4827,0.002165488393348023,0.014400296632370893
4828,0.002786941884657097,0.006979492413776015
4829,0.002085901383321226,0.013563098649646641
4830,0.0016701471598865065,0.00648806433274613
4831,0.002887143063618571,0.006321844633539542
4832,0.0030819864582395805,0.0024856136058518273
4833,0.0024270711999919213,0.0020517741015127974
4834,0.003030229892439021,-0.002427371428260575
4835,0.0027772906207493325,0.007641939421915722
4836,0.00219327835021183,-0.0020447974051083415
4837,0.0033803046543774405,0.008521605969237534
4838,0.002851475384606961,0.012644203354938703
4839,0.001800889280409694,0.009558138466901935
4840,0.0034399835989572672,0.01647812931735496
4841,0.0028282351289826676,0.0058745406162470275
4842,0.003021109245025162,0.011587765271702811
4843,0.003604951796714811,0.005089019070318052
4844,0.003178603045929753,0.010619555542233055
4845,0.0025887011977904,1.7013166871571866e-6
4846,0.0031185623931027145,0.005883836359277026
4847,0.0035482995000295525,0.0033372235355563417
4848,0.003078062207684949,0.010693660916544438
4849,0.00231297036710464,-0.004295919462346757
4850,0.002009096698016997,0.007342658111229146
4851,0.0024041015417407,0.011166818209984412
4852,0.0032899584443280144,0.007809213187497804
4853,0.003215401546619018,-0.0036598928723182594
4854,0.003130338019124158,-0.004143326786016401
4855,0.003421395317124848,0.004681085706319284
4856,0.0029500696012943455,0.00238622926669331
4857,0.0030478222527843815,0.00483502699874457
4858,0.003112633044872847,0.002113848389694543
4859,0.003197396736495285,0.0014209716261290232
4860,0.0025158359835156666,0.004701994177352627
4861,0.002838931553096265,4.431639003870235e-4
4862,0.003412297654205793,0.008479865665983343
4863,0.002218247593266524,0.0054991600192174465
4864,0.002921198323909267,0.010921724166610173
4865,0.002498993223706273,0.0037700976988191202
4866,0.0028235503450233053,0.008433619390391518
4867,0.003069714520626523,0.003732661546369441
4868,0.003011522388512332,0.003989434387490709
4869,0.0021087530882441083,0.010406595791315074
4870,0.0031128575488147867,-0.0012367971256504497
4871,0.0028851080124752604,0.007970024307889925
4872,0.0029653171780089373,0.004289754307077271
4873,0.0035235704697946114,0.014054146926988167
4874,0.002686499522599957,-0.0024067011929552293
4875,0.002557556404449277,0.0029020130035097265
4876,0.002975365902796302,0.002821750942261357
4877,0.002940402278553537,0.0019813519612582996
4878,0.0024872294746285466,0.0021932983306270173
4879,0.0016487239592890984,0.009683381922427202
4880,0.0019041350172622482,0.002920898033281585
4881,0.002823886024035247,0.0021604068908221154
4882,0.0031954162647033855,0.006471193360492047
4883,0.002935951429459121,0.006598262463000159
4884,0.003137867872980783,0.008779363658337466
4885,0.0036441934300509102,0.014245901649041694
4886,0.002787075778906861,-9.799373609228473e-4
4887,0.002505309543261146,0.010852355517685887
4888,0.0023211207423128825,0.012520814593086316
4889,0.002094525113884061,0.0019522303951647335
4890,0.0028461703161090186,0.010356485672590544
4891,0.00346121130908541,-0.0013524318457710594
4892,0.002669664248005514,-0.004547913559910853
4893,0.0031208001929619086,0.009736169050671036
4894,0.004017249891392244,0.00616183443213681
4895,0.0023586337988051715,0.007211208946100273
4896,0.003191443512555645,0.006079027636719503
4897,0.002702443411767106,0.005156343982823299
4898,0.003292007014363417,0.003661195410597367
4899,0.003009007518529058,-0.008409850955853965
4900,0.0022852879928948774,0.0036322237476330106
4901,0.0031244162417200325,0.0028488473099299643
4902,0.0025341725328190913,7.102926241537447e-4
4903,0.002451872614970072,-0.0016379089829303135
4904,0.001832116525502649,0.01214146637736055
4905,0.002504795915772246,0.006089325537748972
4906,0.003652880660327433,-0.006571198480269365
4907,0.002768081859209867,0.009853129631301253
4908,0.0033570840669483615,0.010714006012521404
4909,0.0029543932765352544,-0.0011110449552136767
4910,0.0029351650114125332,-0.0023440110343495814
4911,0.0037612990075651864,0.0013610857237641976
4912,0.0029269152311327193,0.015185594941883923
4913,0.0029936841333975525,0.005544727797876537
4914,0.0025494980220639903,-0.0038578359803858697
4915,0.002968386434974878,0.00719660232425252
4916,0.003492281172682266,1.1653786085328958e-4
4917,0.0026870021667953657,0.00663168607138524
4918,0.003199709693315465,-1.393086844983689e-4
4919,0.0025324150858365146,0.001858847804426589
4920,0.0033897451196460426,0.002798510903371444
4921,0.002813998794643428,-6.133877766910632e-4
4922,0.0034020630579028955,0.008578395063383237
4923,0.002475967967959981,0.01258778339859358
4924,0.003294974517446753,0.008949272847674963
4925,0.0031608011448682805,2.1693042410796158e-4
4926,0.0029605295966647106,-0.004097501601454327
4927,0.0031426189715098238,0.006929415656895142
4928,0.0020622624174337317,0.006763933103420225
4929,0.002647779139848182,-0.0015859201426243136
4930,0.0012689678920815722,0.01013699647570452
4931,0.0030495424521236937,0.005330100241761041
4932,0.0028741920814687794,0.011279505371853777
4933,0.0012947755073841327,0.006400025645685093
4934,0.0024728099636497844,3.019648382466245e-4
4935,0.0029720698714073707,0.0021207236448056695
4936,0.0033461419868394565,0.004871585472499525
4937,0.002943688702311701,0.0074144667848677235
4938,0.0014103643325596399,0.006951295781337347
4939,0.003671588785636163,0.008803682704270005
4940,0.00309943333029056,0.004645679837349318
4941,0.0032665087742463467,-6.116374225171271e-6
4942,0.0032056714954648755,0.001567018678553092
4943,0.0023624595029683956,0.006079940281506537
4944,0.0031533772644480374,0.007564956899274201
4945,0.002979731666889336,0.003841992893847893
4946,0.0034385193473358525,0.002803992325285499
4947,0.0025211161524841498,6.759953217976618e-5
4948,0.002361467346741637,0.006694508936201923
4949,0.002566568743885594,0.009817669113326096
4950,0.003109090033640185,0.0022147496695666662
4951,0.003510569935755726,0.007566932493934642
4952,0.0027635856922797247,0.007266810765119737
4953,0.0028411389149924403,0.0021277270911127175
4954,0.002866860644216031,1.9941179389041264e-4
4955,0.0023031634162654436,0.004827482783602517
4956,0.0024792676270718526,-0.0019392898686485054
4957,0.002616906137563727,0.007417481650759549
4958,0.002062797502770496,0.007761394418303996
4959,0.002615688074246946,0.00480975656515432
4960,0.0029418047405936213,0.007168337078364511
4961,0.0030206519296829795,0.008660267662904895
4962,0.0023977207345484727,0.0069564891486038425
4963,0.0031671686946435685,-6.485202905452602e-4
4964,0.002911927006081315,0.011872488931960915
4965,0.0029936939223167013,0.009424580743840918
4966,0.0024340385210680866,0.007321794345982694
4967,0.0033015905262190116,0.0067873720808064204
4968,0.002865472539733611,0.0053629529983327704
4969,0.003369888280473727,0.013713197955772461
4970,0.0031395093698879622,0.007662895833978192
4971,0.002869460952707578,0.00931387752558789
4972,0.002949497125664356,0.008158065412092156
4973,0.00287607549782868,0.011808503568933421
4974,0.0027204507603264963,0.006308713378659012
4975,0.0027142409244577123,0.011601615972323065
4976,0.002625798948174561,0.005184956668754419
4977,0.003337878044400347,6.249451732105414e-4
4978,0.00198590703962944,0.012242461644432842
4979,0.0023144487461764394,0.00963296726777467
4980,0.0032118657966004657,0.008389071105090205
4981,0.0031255650178736117,0.002718564199329849
4982,0.0027603007139523532,0.005003353528718689
4983,0.002424224325397679,0.01030381666892773
4984,0.003509892844886452,0.008208270626469534
4985,0.0032134387489004585,0.014298784105573786
4986,0.0016211444374642661,0.003065095407594409
4987,0.001559542796021979,0.004901130203053963
4988,0.0036944353037388776,-0.002102144390040327
4989,0.003331092382486463,0.003524058721515528
4990,0.0022551540989920547,0.00458523382976798
4991,0.003104226442315674,0.007684452389984824
4992,0.0029798593379585896,0.0039026756717884647
4993,0.0026552658250191203,-0.0022722964162312648
4994,0.003454956444535316,0.009213282019996234
4995,0.002990230157235844,0.008628331342452398
4996,0.003966105068071009,0.002057946907853438
4997,0.0028913119061220634,0.010247571851487778
4998,0.002601013712760239,0.0034628488695583578
4999,0.003838708512468637,0.0038577801410027875
5000,0.002109285466429912,0.012741238472208177
