draw,between_cAge,within_cAge
1,0.0034720125258292205,0.0020707324854527843
2,0.002490043549399072,0.0019632190833385813
3,0.0033999768743516083,-0.0017065476598621503
4,0.002254599379328546,0.012209640795654297
5,0.0027193967477795095,0.0033795071861839132
6,0.0031469316912751373,0.002944227666624214
7,0.002367398963465895,0.008987073443697875
8,0.0029378695025414603,-0.0022224194807161663
9,0.0024234814930777144,0.012454633138302619
10,0.0027758229129899894,0.002912790127696685
11,0.0035984138556151178,0.007627022387169013
12,0.003123399613814034,0.0061655808587486125
13,0.0028532157905687707,0.0014941641573145079
14,0.002941174829013628,0.008981538438929595
15,0.0036902747735489305,0.017003937425102172
16,0.0027463671572807275,0.011801660428731467
17,0.0034151680834810993,0.005747925402783986
18,0.002591889949971018,-0.0021115526517196063
19,0.0028958314293679533,0.012953076849530731
20,0.002872637954072671,0.005398913775988461
21,0.0029529968027179167,0.011032824531777832
22,0.003475956488721401,9.582740770553487e-4
23,0.002992759554924263,-0.0058019004535099375
24,0.0037024561744927187,-4.371775407681095e-4
25,0.001656664922936353,0.0014957633353576529
26,0.0037757901713439397,0.0013212279271809214
27,0.0032278265490467617,0.0030204062347320686
28,0.002708546427389937,-0.002633557363408603
29,0.0032161982205180344,0.010317352047171241
30,0.003264368354617947,-0.0019060485423030554
31,0.003335355458192042,0.014894807781800358
32,0.00216480225150581,0.006574252189918618
33,0.0027560443760564555,0.010570848878235891
34,0.003302834426615229,-0.003864381372786002
35,0.003091365676188012,0.00720546078752893
36,0.0035504485244015225,0.006250483858856159
37,0.002908328326797731,0.00662977729318921
38,0.0033918889124707734,0.0014926707851834024
39,0.0025421306484617453,0.004243760962816836
40,0.002847912029202444,0.009869789789009556
41,0.0025474184278853973,0.006891673663228194
42,0.0029553367979721816,0.006254858920990529
43,0.002306171324653295,0.001563942224743882
44,0.0030647627667219715,0.007490980317557462
45,0.0030375538906541096,0.004830534372666464
46,0.003107530787584682,0.009997924532729695
47,0.003433115520876588,0.006921899257375448
48,0.003303297340856176,0.008221790292960506
49,0.003817235899259217,0.0057617946020364465
50,0.00318063249258574,0.009758107295571696
51,0.0029324761410679774,0.0018769151812783598
52,0.002672721240856205,0.01069875312735073
53,0.003162350766941923,0.0121334691352247
54,0.003071986518169347,0.004057578370734465
55,0.0027118877745536452,0.004697786409336806
56,0.003432379610632473,0.0028806296793572467
57,0.0028908128151412917,0.01037631626001908
58,0.002828481298492683,2.6485526795785516e-5
59,0.002746699730566371,0.005885395691032852
60,0.0038742031455373843,0.0029637622382105676
61,0.0028840227709770847,0.011362631505343022
62,0.002753209816725853,0.002446723241912942
63,0.002650014705115204,0.00864863212405628
64,0.0030453506348577042,0.008540878963913291
65,0.0023693542149066313,0.012291028550569924
66,0.0029338161738551413,0.005555777060009221
67,0.002740114970762961,0.0069665591267048564
68,0.0024060992675549336,0.005400985036318676
69,0.0032761498031263006,0.0024478429464890204
70,0.0026315991693854927,0.010539114065941574
71,0.003124143783924397,0.01437956665241719
72,0.0036917404256950827,0.0029882333964786935
73,0.003041674426883556,0.003013015037872756
74,0.002460015736640161,0.003653921221677615
75,0.002586170962155556,0.007734578146593238
76,0.00311133359788913,0.0034458020135649256
77,0.003417603295691873,0.0011641711213881733
78,0.0027354850583461523,0.0029180070662730715
79,0.0026578906668901624,0.007334812321827878
80,0.003355253193165699,0.0025124573387782225
81,0.002870026430152866,0.004326554970589388
82,0.0024770195529955456,0.006252768687372234
83,0.0013061382979147988,0.011364978274913973
84,0.003078719805635688,0.0027581601738711392
85,0.002154085159598926,0.005058996617303164
86,0.0032313724144797966,0.005666175733394331
87,0.0021815676514624033,0.008361554230595512
88,0.0028485789462211783,8.839249332515155e-4
89,0.002954028442803712,0.013678040562017659
90,0.0031340302205492463,0.0021191333270048755
91,0.002672506169808836,0.008578870392288985
92,0.0034404639476120825,-6.267909940226735e-4
93,0.0027212476711395554,0.01025557268020704
94,0.002461329619443745,0.010111093690124806
95,0.0019483643759469062,0.004596169786313713
96,0.002607316057465314,8.76480682254246e-4
97,0.002768164956111151,0.005054461077412662
98,0.003080832983066145,0.012104240205264752
99,0.0033710072624367716,0.0037413288785090185
100,0.002285125261097397,0.009672807365904035
101,0.002440500959436879,0.006171055192445349
102,0.003298137564079095,0.007363630945173381
103,0.004339050294778804,0.005455201132842308
104,0.003491741050818296,0.0044404288639327254
105,0.0031037115502142052,0.004817583369989744
106,0.003774169852777119,0.0014127669334194418
107,0.0033468584235028034,0.001927359249278479
108,0.0028466138231156976,-5.909659406876555e-4
109,0.0030363474545254264,0.007793743041978884
110,0.0030527173175984505,0.008652989866491536
111,0.0031127525448624745,0.0035709872352412196
112,0.002984964988692921,0.00283085133861003
113,0.002723904183357378,0.001523383047212945
114,0.003381548425621506,0.010646949789379056
115,0.0028908821829408513,0.003908339513706335
116,0.0024069786545014788,0.005260362048689236
117,0.0026858439745077968,0.005187997719589485
118,0.0037339410956719024,1.0787958632256164e-4
119,0.002200996743318322,0.0060557686283638865
120,0.002915044636150291,0.005612938464992854
121,0.0029903864752410395,0.009479201430859303
122,0.0018207248248011641,0.0084330466615026509
123,0.0023932236361779618,0.0020272225781764134
124,0.0028945453360638127,0.001931206489156529
125,0.0037854706509480307,0.006018802068822848
126,0.003442570322940825,0.0014115939160946065
127,0.002037800239714592,0.008199452881225635
128,0.002609605424724308,0.01234193663745549
129,0.002431756282281633,0.006910139068594254
130,0.0024553244105039278,0.003332334607802151
131,0.0028710622294651567,0.005945857412790216
132,0.0026144682162767777,0.009327362279449079
133,0.002577559513668644,0.007336392698935793
134,0.002219478206887405,-0.0018397589505270047
135,0.0029430509509502318,0.01002752935381102
136,0.0031893641028839723,-0.0024112836047635432
137,0.003235184346235247,0.0021943738136340754
138,0.0034097240045049128,0.013671463500822571
139,0.0023889605218361627,0.008955796893013483
140,0.003878580724256198,0.007865062341284625
141,0.0037233008472823447,0.005738239479116364
142,0.0028677184626141293,0.012640108702387926
143,0.0031751993556728827,8.562209916967625e-4
144,0.0019473301697192128,0.006499656920268214
145,0.002656210631178976,0.004288326309193755
146,0.003532581850332422,-0.002758264430734505
147,0.003753133523652087,0.009104778682308825
148,0.0024959566874440415,0.008807989799387546
149,0.003610475441737415,0.008104042406778447
150,0.001419404142855727,0.008767030858607985
151,0.0040499123738831815,0.009701906501770496
152,0.0026595259050471312,9.735118934133882e-4
153,0.0020764094217750858,0.00989399253308081
154,0.003059130495705195,4.913880110169492e-4
155,0.003590114594158929,0.005605938990817953
156,0.001911463663249713,0.00959452367216249
157,0.0030048250562265937,-0.002476599433544927
158,0.002544591021265321,0.008373816415161278
159,0.002669019553729783,0.009594126891438884
160,0.0031367807989377246,-0.0012641288237395364
161,0.003922062611892054,-0.005966531947308176
162,0.002816923912850364,0.0022876656014804283
163,0.0028857127917682433,0.01070562101728602
164,0.0025959917100148115,0.011437724200629022
165,0.0031527476290653185,0.016593905681210143
166,0.0032752267712505938,0.0030977273788320974
167,0.0027899717931826416,0.0038141948572694914
168,0.0022987943810008453,0.008545906547921207
169,0.0026065644506862743,0.0031748930266463212
170,0.002532023246697504,0.00962020280462692
171,0.0023180164960027285,0.011067541086847946
172,0.003427958095173724,0.0053963079447657426
173,0.0028254220559708926,0.006350953169526953
174,0.0028199401608426477,0.0060699713350358345
175,0.0031904011147365313,0.014479979675061014
176,0.003007224467249339,0.0019509096362708978
177,0.001485415474537312,0.014504296853640799
178,0.0033887455659590182,0.00913746508151589
179,0.003923293959509927,0.00303055715228283
180,0.002874401884994207,0.005639207190077821
181,0.004126623134763102,0.003976575947674604
182,0.003112758049347849,0.010706049777481373
183,0.002242929837185474,0.009205162854983222
184,0.003525624756024696,0.012260444978510159
185,0.003076333683414071,0.01098038883078303
186,0.002784513148343625,0.005186435110788268
187,0.003981447289628044,-2.8611195748462145e-4
188,0.002144158218925307,0.002408913464654855
189,0.0029865420029748105,0.00796021261460111
190,0.002554802331860938,0.003620626911944192
191,0.0028820603946949734,1.352228877085906e-4
192,0.0030303530563589153,0.0025542734881223855
193,0.002478139528136458,0.005110667754246366
194,0.0022787199158837202,0.0030746388296041126
195,0.002432056102946003,0.017342257698161192
196,0.0020380716333371564,0.01074620798701811
197,0.002243461924431883,0.008469219865414967
198,0.002785307966286854,0.005070764508248469
199,0.001838534645653955,0.011379881687830018
200,0.0024526252598952116,0.0069950512245197955
201,0.002960057161450057,0.009890599961797688
202,0.0014134255979102873,0.0034581569030498463
203,0.0025572464298330997,0.0060790971683926925
204,0.0027702918307236017,0.01587492257944319
205,0.0024102541675300447,0.010572966177186682
206,0.0019542725280927518,0.009770969703317195
207,0.0029935668710202273,-0.004722672855039833
208,0.003345994673957941,0.01156043273508003
209,0.0026450720297786783,0.012616350063536175
210,0.0019368363770858863,0.004094566697220422
211,0.002403541101465423,0.00807458375120989
212,0.003079127148888598,0.006354211635591686
213,0.003214903832513314,0.00471229772699596
214,0.0024483918369315447,-5.240780371383712e-4
215,0.0029898596668132193,0.006334659133458459
216,0.0022324003631457832,0.010381179823463926
217,0.0033016823433060544,0.012316419570793704
218,0.004190664181966194,0.005469050871457876
219,0.0026231226338230256,0.0019697147142302657
220,0.003372797272811376,0.010084133169471482
221,0.002728224539360786,0.008727270212211535
222,0.0025895874463518933,0.0023645319610606117
223,0.003042809032921665,-7.363122744215283e-4
224,0.0027783483857464464,0.0027734315888375957
225,0.0038306571778382076,0.00889574943063716
226,0.0027201831936293367,0.002780394713094173
227,0.003208371585677578,0.00790205631305218
228,0.002984613939868879,0.00744985375763807
229,0.0029494308169804493,0.002213695086875484
230,0.002241929369405313,0.0033412513866914297
231,0.00229552160148086,0.014277168320729623
232,0.002712266373586714,0.008577501475728062
233,0.0031672252706631903,0.005206155021739604
234,0.003073891440366242,0.002287733733233762
235,0.0023543426526385133,0.0035524164157269018
236,0.0027198435479105633,0.010875649562339431
237,0.0030812206839894566,0.011766698708219125
238,0.0027052726433649745,0.0056213550154163554
239,0.0033895083216216276,0.007716618282107712
240,0.0023457697561864925,0.010745851988388927
241,0.0028820194954377125,0.017813701748408507
242,0.0024952744576663597,0.004562299532496855
243,0.003152129228202731,-0.0017347034871434937
244,0.002215935363670735,0.007817770454568138
245,0.0029660726054352195,0.008324974850892425
246,0.002882549789913364,0.008991656219508783
247,0.0035442259077973905,0.012760386187436908
248,0.002091058294598102,0.011584696533280158
249,0.0031131499453803933,0.009459661158884528
250,0.003163464668637251,0.006919081637744498
251,0.0015656434556849317,0.0017606008096873408
252,0.002156850132928611,-0.00423239473617505
253,0.0038845413137892225,-7.022837478168017e-4
254,0.002198231839673725,0.012522538972090172
255,0.003544302199224736,0.004339627572611758
256,0.003063374005826578,0.007617454085555973
257,0.0017022779219805057,0.008343570470674383
258,0.003961380741368466,-0.004062160271326673
259,0.0027661304338061532,0.006114790540538775
260,0.002212368018477535,0.00325590248867539
261,0.003723658170512459,0.003228979842917181
262,0.0030339723914533747,0.006929813211303084
263,0.003410786995561161,-0.0024007243138157545
264,0.00263736575646161,0.008557367223177362
265,0.0030921423239063275,0.0075707701235291375
266,0.002522442396014018,0.004422609372475668
267,0.0028037890098898737,0.007730235417817738
268,0.0019539560181377306,4.4655137109857494e-4
269,0.0030182882228338257,0.010533891634303263
270,0.002132786780479306,2.556375172438419e-4
271,0.0036436118740042402,0.004647640507809089
272,0.002023669236688614,0.008946244976573176
273,0.0027745039568529122,0.013119386020874643
274,0.00234861242209786,-6.765024049945837e-4
275,0.0033629633398805942,0.008753555091253674
276,0.0034477718549133615,0.003803891433100631
277,0.003373837990366055,0.004600829209117547
278,0.003319836934771838,0.0019135485217337145
279,0.002973751805012699,0.017755329891558733
280,0.002916528132914836,0.0026017638707956283
281,0.0030316032122706554,0.0071321196989673884
282,0.002123510834567088,0.009970112151788661
283,0.0027498625343759407,0.006521880121374415
284,0.0035124270029917126,0.009941118212781373
285,0.0029449741187681875,0.008069972586885021
286,0.002911450941201055,0.006924081686318
287,0.00312907280693409,0.006044960240693544
288,0.002623123450490725,-0.0023227179529040614
289,0.0028421654555574527,0.006442440225870389
290,0.0028649486573852517,8.788329794380617e-4
291,0.002427363051319266,0.015094815443870539
292,0.0026883168970578282,0.007250762520596144
293,0.002656470107620867,0.005386102174079212
294,0.004124749523236704,-3.784472957103547e-4
295,0.0032512939064318486,0.0034136804410329603
296,0.0035702560247558783,0.004202302214226162
297,0.003114696747314974,0.0010883553272595563
298,0.0034173481453435434,0.010633407283178006
299,0.0031765103388446984,0.010754029096485405
300,0.0030450774152025457,0.007623041246139101
301,0.0035432671499423416,0.006826438453044443
302,0.002171271641702331,0.012016137525446792
303,0.002209248628520042,0.0018617756057775353
304,0.0032153436255752134,0.0031573553020116
305,0.002433513231129437,0.004159090516294066
306,0.0027542455679057383,0.0057102422899625235
307,0.0023077524921658633,0.010759024408360155
308,0.0030826937183125345,0.009409999259083042
309,0.0027498910014982702,0.00865077715320069
310,0.003029758194718552,-8.47036098546008e-4
311,0.0026986220363523932,0.007620528429228094
312,0.0028243265066086516,0.0054813718445090856
313,0.0034168488884335378,0.002771611119721242
314,0.0028230114653921786,0.00804497143255153
315,0.003642885403061527,0.009604194699070645
316,0.0020236261820230947,0.009472486035609054
317,0.002444101437812953,0.01487965771613486
318,0.0032656361407670666,0.009820657544781272
319,0.0025547661932128953,0.002365413244345003
320,0.003952257679099737,0.003394690786921236
321,0.002790442253961392,0.004963678333563422
322,0.0035901862443481316,0.004420162775763303
323,0.0033164220437229587,0.009139153479490127
324,0.0038793390883342326,0.006770710442290627
325,0.002910751299567696,0.004452150057596554
326,0.0036068074945054688,0.002844735678897454
327,0.0025399803543250223,0.004494600184731456
328,0.0027221600249304942,0.005180999770493316
329,0.003057360888565932,0.007097409973999806
330,0.002712448029263392,-0.003160788142613354
331,0.001990716893673325,0.01559855969036243
332,0.0024699960262514614,0.009670903656375983
333,0.003639441912697482,-0.0012924926058945387
334,0.0031891846609393014,0.0011068472515794832
335,0.0021789812530248077,0.002764566853608282
336,0.0031851675358921037,-2.9405109985204247e-4
337,0.0030233328880422254,0.003535730254487051
338,0.002398642876445151,0.0063506347024961055
339,0.0030307813353591083,0.007390105317563777
340,0.0025769560438238795,0.007713246004249155
341,0.0033926091426439487,0.0037224939387367913
342,0.002479575901507918,0.00943147258948596
343,0.003119959883139027,0.007142576396903743
344,0.003341045615913915,0.00969045626144573
345,0.0033462173088667393,-5.419944027286634e-5
346,0.0023251844784124413,0.011728777010853198
347,0.0026796899158599606,0.004100461124011698
348,0.003238090896694764,0.006905605214883816
349,0.002671731957981391,0.0040275224156565495
350,0.0029813503437644715,-1.3907094113681543e-4
351,0.0035087197722504775,0.009600356561565196
352,0.0025543398461331823,0.010584082886038867
353,0.0031271880702026136,0.005554681232690133
354,0.003280119811979941,0.009479917019861889
355,0.0025975401368100322,0.0033245684750470477
356,0.0029415468649918067,0.002261728281481471
357,0.0032814198095933453,0.0029660278922640443
358,0.003238724685870841,0.011502619409345924
359,0.0032278759902768924,0.004731130915509939
360,0.0030495256734639035,0.006767629684762883
361,0.002039825067006808,0.0055196347240122545
362,0.003238152681462897,0.0016400996083778532
363,0.0024381238704665833,0.008460867944087042
364,0.0030909104730238207,0.007956070320571024
365,0.0028980269159045446,-5.671198995391433e-4
366,0.002465875233911425,0.0035574292370670127
367,0.0020178185645344485,0.0073297148123381015
368,0.0038354989200733323,0.009472060745874956
369,0.0035600265467354694,0.00997662350963604
370,0.0031882152807453266,0.006900516275476166
371,0.0033281745519303024,0.008747398852066202
372,0.002742103565292823,0.015570273812981088
373,0.0023370756274937515,2.91636402342074e-4
374,0.0030979399403170066,0.0097954762837855
375,0.0030095376059038432,0.006026818827277848
376,0.0026472136634441965,0.010727747375928458
377,0.002409481396333251,0.011176205863443252
378,0.0027683032725669527,0.00830951456789053
379,0.003151453236644131,0.003009503614204291
380,0.002331333396455552,0.007566876212710899
381,0.0033927526505206865,0.006190728568387195
382,0.0034242001371276795,0.010262880795103952
383,0.0037629530766343355,0.0013451489917229078
384,0.0031240712238444052,0.005835222871363407
385,0.003129609588362003,0.003998788315931531
386,0.002407406751403084,0.009437970078014002
387,0.0026293679545058204,-0.001162221164412303
388,0.002231779033095982,0.011185674511417904
389,0.003676628401540709,0.001285933320710416
390,0.003174711370703623,0.006679796266747705
391,0.002797885772420165,0.005698638027251563
392,0.002619886885187232,0.012019437867874948
393,0.0027770392704519337,4.053206742483e-4
394,0.002146210076053442,0.010729862443087847
395,0.003587003983883284,0.005514915601948146
396,0.002727923474175443,0.0025746211443493927
397,0.003386665018680634,0.003991496845104935
398,0.001606193910807369,0.011513036185233302
399,0.0025736198030754734,0.013027041802760798
400,0.002572837700392,0.016260786450558437
401,0.0016690496067718582,0.009056812974544403
402,0.002831346785212728,9.462859664014396e-4
403,0.0023988613264066803,0.011759671999787658
404,0.003078441314707202,0.0018572402564067084
405,0.0022786983273798095,0.017011879204881744
406,0.0025087329937690406,0.007264680310569797
407,0.0024612693512849667,0.011119025045598861
408,0.00335556692109612,-1.23876352316565e-4
409,0.004041449629962096,0.007332441051560237
410,0.002301542919884695,0.012584239537039788
411,0.0032343485574894836,0.010206605217034951
412,0.002749505569959142,5.095258188782545e-4
413,0.003102984955044259,0.009568398669245953
414,0.0034268378932239634,0.006541146086066537
415,0.002821392830051254,0.009844159210181296
416,0.0025185740259175537,0.004558626004129266
417,0.0034859098854117918,0.008365756251864063
418,0.003181995946873578,0.0056682858423313135
419,0.0035625250979931375,0.006053823254537021
420,0.0018528635102966927,0.008318140723181922
421,0.0025071708837719406,0.006596049660694565
422,0.0031930697096063574,0.004719800592339934
423,0.0035641895634005655,2.1577560799752437e-4
424,0.0028040592528114296,0.010861025653598585
425,0.0023982535991377697,0.005011764762887817
426,0.0017386281343915594,0.010408856812378783
427,0.0023707618402815807,0.01077712491705176
428,0.003106545629500633,0.015464441545061117
429,0.0027293470168100065,0.005440599264057272
430,0.0022450677681497637,0.005048537769647863
431,0.0030893901928875285,0.0016318320662151162
432,0.002123722223305333,0.01147995848181655
433,0.003920490760726304,0.0054956077477198205
434,0.00250069888531064,-1.690801800450746e-4
435,0.0030148167921975996,-8.16629329568294e-4
436,0.0031892777990251437,-0.002396678594945304
437,0.002486009153767321,0.0034297603205383086
438,0.0024734177346672184,0.004016044686369168
439,0.0023450322842143182,0.004243691647935492
440,0.003228361133903406,0.005478204560506023
441,0.0025533341536659883,0.009297808447222507
442,0.002034302328482611,0.009868702975368043
443,0.002170350757097588,0.011554774122948402
444,0.0021996298136249095,0.010670726255163944
445,0.002224949660420945,0.0010234888218195242
446,0.002774048681664168,0.00328225082044265
447,0.002519336436354408,0.0032620284967407797
448,0.003357357736404636,0.006975228407686197
449,0.002930185365014477,0.009047263791963632
450,0.002501094719106055,0.00884808387704699
451,0.0029495112288939456,0.008025367812310318
452,0.0029939616708115828,0.001149768564350145
453,0.0025456476254863128,0.009390005464486812
454,0.0025660470308244646,0.008970317904412141
455,0.003273432027782963,0.011080232618423825
456,0.0026357643085269103,0.005634868297143032
457,0.003002112564452997,0.004704558462374443
458,0.002995083963372937,0.009309139881168261
459,0.0019198810503899435,0.0070654926076773135
460,0.0037388473150924252,-0.0031277279563127515
461,0.0030823530787786033,0.0064392824007455975
462,0.0031902836829619473,0.0013823765890857067
463,0.003475778902491098,-0.0029112832430198353
464,0.0030630032010160787,0.005453451362221576
465,0.002896651167082906,0.005328513702117165
466,0.002948634786054871,0.008700467645664192
467,0.00298542539494508,7.559193130579102e-4
468,0.001956726050012266,2.6921887608956536e-4
469,0.0027145967574460717,0.010052693874943504
470,0.002696019608666243,0.003293981065076561
471,0.0031161841960391924,0.005773211011577328
472,0.0030348427361991553,0.0036775623262612417
473,0.001948726987419741,0.0022225569553482706
474,0.0028428337151250906,0.003076150128272182
475,0.002450064211450837,0.006999720818973286
476,0.002969981152854206,0.004052097088044044
477,0.002544956105129111,0.01653271333163201
478,0.0019434841144463967,0.011841677143175845
479,0.003225084410250054,0.00657443198528771
480,0.002887265611581906,0.008310077878242015
481,0.0027836176423838765,0.012405026906910524
482,0.0029890275031177094,0.005676059826573684
483,0.0023632493519452416,-1.5317319124191764e-4
484,0.0022563342090824376,0.0047331600691816935
485,0.0025046501261852235,0.0075114360627421915
486,0.0029848715753607495,0.008814291371429046
487,0.0031259923720419382,0.010828186079325085
488,0.0021206229878118613,0.01212090776942519
489,0.0035966391748096177,0.004020941542920748
490,0.002907092930345624,0.0069760276316271665
491,0.0031333377051769294,0.005736656710231743
492,0.002477578607950153,0.01390669748845437
493,0.0024864709294142155,0.003536005823283343
494,0.002440592334339688,4.645125991273903e-4
495,0.0028590444437958996,0.001685563541497352
496,0.002933628480538902,0.009024605574822127
497,0.002720494628716926,0.003119306418650868
498,0.0028786366170533606,0.01244409696232959
499,0.003257232220621653,0.008471703194728295
500,0.0027456080969116077,0.009433045269134506
501,0.0016668336769682084,0.014539212141161544
502,0.0016506565074066756,0.009013743751913729
503,0.002637555366819729,0.0032048921511043946
504,0.0021574897478510227,0.006709530573414222
505,0.0030253364833042616,-0.010434894124273848
506,0.003661689241504227,0.0063102557528217276
507,0.00335219296301479,0.01959593909473087
508,0.003669529880910039,0.004807854984931078
509,0.0026928354842858473,0.005661228537860227
510,0.0028305985186656783,0.0018480624788183488
511,0.0030341876176722955,0.0030007548822868386
512,0.002498221210145835,0.008246748827716185
513,0.0027827910906135563,0.008375232225050943
514,0.0030404892159726854,0.01047214676821216
515,0.002790441493288629,0.003374649995515391
516,0.004112121088445552,0.005967448467635978
517,0.0031529331753797412,0.011258145027045675
518,0.0034391097841242856,0.0037579574863137854
519,0.003811096374615461,0.0048514437364013535
520,0.0031933852641750815,0.008071485987262013
521,0.003135818972996661,0.012602106312863914
522,0.0023610704531377797,0.007857660917241787
523,0.003355519756955876,0.007977226498220077
524,0.002828274989957009,0.0054881750504850065
525,0.0031150365567608564,0.004156223550497716
526,0.0032182298253142366,0.006266789496533026
527,0.0036011680420931186,0.013689966018186126
528,0.0032091206661724746,0.0019032240940552291
529,0.003105073913040026,0.007165656862064435
530,0.002849738509140943,0.0036745542384617187
531,0.003020809566278548,0.014475652504326475
532,0.001864504952822388,0.012452537369914174
533,0.0025849118583017123,0.004402098436112635
534,0.003440005676896584,0.004818550626899324
535,0.0025612082615706503,0.010985262304896149
536,0.002695204624600012,0.010900880553534656
537,0.0032889992216568165,0.00973594252602681
538,0.0031830624273310256,0.0049034642733321535
539,0.0036235317480653676,0.005963835263557347
540,0.0020654566113418194,0.00935658003423201
541,0.0030454552695449496,0.010900075585270941
542,0.002431750126915202,0.009246510720320312
543,0.002765442787248245,0.013557631363346125
544,0.0037935311195045982,0.008842059342803361
545,0.00342142525481909,0.0071676149117800595
546,0.003145894453768028,-2.3243785877815923e-4
547,0.0037421222539534677,-0.003605769452505826
548,0.0024579552510443406,0.007652782088145074
549,0.00319440404668085,0.004909086475430911
550,0.003382966912074196,0.004702628052942458
551,0.003112798452812737,0.005694560236541055
552,0.0030582080463681383,0.009709509923376873
553,0.0027691252026892394,0.00586345842038577
554,0.0029275166101052088,0.006161990175076177
555,0.0030028905232793064,0.004327266803003391
556,0.0029670688063329546,0.009083880578487696
557,0.0034777614412566673,-0.0021498020122819005
558,0.0032790591320792837,0.006856505354759901
559,0.002596305238602449,0.0017798552079324233
560,0.0035994284020339777,0.0018149512401498587
561,0.0035421818795450108,0.0010479420820828115
562,0.0029821966230289825,0.0077173403401431685
563,0.0033422833160459816,0.009419353740649464
564,0.0029048231738087777,0.007681706151335583
565,0.0033156310786723398,0.011073982183202866
566,0.0027384232345529684,0.008013151260090735
567,0.0028610393276147133,0.0075435703290150265
568,0.002666013962448777,0.007948076453219776
569,0.002571906594967269,0.00809514490125588
570,0.0029625945446880037,0.004939892442701496
571,0.0033470995241719538,0.008660332569846935
572,0.003586018567231515,-6.136522147980319e-4
573,0.002743971109187458,0.010721052021719971
574,0.0019862384135128507,0.005870484685000108
575,0.0023300340781838742,0.006208186168900749
576,0.002652871785511136,-6.390178557739252e-4
577,0.0027606486115687888,0.004621691431541101
578,0.002428529836700851,0.00520798615143489
579,0.0032808472148420018,0.017906970499043166
580,0.0025000000029939814,-0.0034925295343815957
581,0.0030474607145273887,0.006696668668097913
582,0.0029598860150397343,0.007433698402014203
583,0.003489840605318463,0.007025614471731589
584,0.0026782089533708693,0.003948590346676771
585,0.0033800354518338325,0.007277853910546026
586,0.0026340100459027412,0.0032086377434029974
587,0.0027393229238578762,0.007574716752722155
588,0.004354119559152242,0.007772897671222569
589,0.0030434855987432653,0.008778398489708352
590,0.002431035245170838,0.007504627008745107
591,0.002815975300628647,0.0032127983727118043
592,0.002676399374584436,0.004199769649636071
593,0.002633932976198924,0.008534922431475394
594,0.003421915576586016,0.011407528189251786
595,0.0031700787428551413,0.006670312097697582
596,0.002398085057786227,0.013960088818108998
597,0.0021566398185642044,0.012427814267586608
598,0.0019138865154161746,0.00961915863016162
599,0.002815234718594364,0.004178497884676641
600,0.0023698405773448805,0.003916067860579071
601,0.0033536864121730117,0.00988007123818166
602,0.0026197204050724694,0.005903490250262555
603,0.0024515276901059227,-2.0122600946822534e-4
604,0.0016706975888094108,0.006951445619463798
605,0.00408433635286262,0.012100185226337825
606,0.002899992774392373,0.004067565348057079
607,0.002695211962816986,0.0052801606478618925
608,0.002185974388039302,0.01075689364834624
609,0.002948645356608901,0.0013962220108900965
610,0.002508035279588424,-6.254366278823399e-4
611,0.0026817393604322264,0.006586908192715751
612,0.002462833419605844,0.009716917528329407
613,0.0023474612035273134,0.004555079248354983
614,0.0024758948930132234,0.009108218866253244
615,0.002567246423155009,-0.003995643449341204
616,0.003356974354839438,0.0022027442840349687
617,0.002209072465966936,0.00781563169201484
618,0.002985674730656169,0.006827120387332742
619,0.00200059670025976,0.009179727191771467
620,0.0037270033164246335,-0.0017980792112274602
621,0.003369017085942638,0.00719887102183556
622,0.003110620240790859,6.83594129933067e-5
623,0.0029204240543804624,5.386173996483742e-4
624,0.003217244554435212,0.012301001511143075
625,0.0031949635405485247,0.00875873553965497
626,0.0024847457721010554,0.008967828338792843
627,0.003570660974196941,6.057158551734535e-4
628,0.0025589403710507062,8.624189866986596e-4
629,0.003112088959271442,0.009566616322168174
630,0.0022931022457986687,0.007228461201313349
631,0.003041778828077054,0.0062429875757218575
632,0.0028040581895957054,-0.0024047024853908624
633,0.002234195829400773,0.010708308980627752
634,0.002195377732772246,0.005666079168766168
635,0.0027509133876410206,0.01196491174620853
636,0.0019961150654277237,-0.006051145826968965
637,0.002859967519948453,0.006059516254819163
638,0.002850184241117574,0.010528630789584185
639,0.0023710165737158297,0.002465029574686607
640,0.0027591792775528857,-0.002194972055486304
641,0.003178350889632834,0.008887989972089104
642,0.002332532132823256,0.006241165602674554
643,0.00247090220487015,0.003168944778409808
644,0.002510768121213155,0.0068626405560701645
645,0.0033585638676619277,0.0011085058288291252
646,0.002368354616353024,0.01442783325409655
647,0.003964630337117341,0.003912844200900571
648,0.0027451170761623625,0.0071748516055563545
649,0.004039533224123641,0.01265488807298457
650,0.0032067438530073503,0.005740967573699155
651,0.00249131610582768,0.006365757299440128
652,0.0027642421565977093,0.01386747510405429
653,0.0021958888175067884,0.0076723902693990355
654,0.003232408512535824,0.006113429002901143
655,0.0031869201107409158,-0.0024548719492420417
656,0.003721418037242386,0.002499220575385857
657,0.003492268905512566,0.009028995994519928
658,0.003332623037321952,0.0042903122813946135
659,0.0031161406457132705,0.0010474714429232973
660,0.0024901967536628314,0.0012577852384009704
661,0.003434096602061513,0.005146569736794906
662,0.0016628277344294183,0.005030787107898902
663,0.00253181732507669,0.005647366196524945
664,0.0030989797991093906,0.004763299911608489
665,0.0022513258512376916,0.008028277300989924
666,0.00272628234794002,0.0011598421132570963
667,0.003255479167953528,0.00782664190500004
668,0.003345156008825955,0.0021442438138357892
669,0.0030821813257946766,0.008528840870420775
670,0.002477833987109412,0.0016718792966012083
671,0.003929131341940957,0.0055454860251867135
672,0.0028946267318153917,0.0016631571729344907
673,0.0027571600650452286,0.003986164436732099
674,0.0030535255832602848,0.011511852554584095
675,0.002593979022755403,5.006028711159721e-4
676,0.003432218504254015,0.0075967675840294575
677,0.0032613835460599894,0.006600753786246642
678,0.002951480054789862,8.332825438238333e-4
679,0.0032413426574734116,0.009285342302787929
680,0.0029575656332916102,0.014938690439122304
681,0.0031560005628574863,0.00733058901848321
682,0.002600214976150946,0.003933840714756992
683,0.0029164519023838803,0.008689058613539496
684,0.0030722550861102815,0.0010537383690859556
685,0.002674530127043088,0.012574868343516257
686,0.0037429343919249793,0.004549144989973911
687,0.002865522624967896,0.009235172308857417
688,0.0030875330624308755,0.006639231860871225
689,0.00326553454719581,0.005688513527554239
690,0.00313972494523435,0.00939132634123115
691,0.0031569396645392475,0.009309588598094849
692,0.0022453194220796,0.0049464073409726875
693,0.0035688964748354407,0.007640560920486443
694,0.0033376661421332453,0.011616049456754363
695,0.0027939280158734104,0.01012490853990205
696,0.003208329296532697,-4.962298005803806e-4
697,0.0039084147153445525,0.0071295555533713965
698,0.0028121380161704184,0.00918168737768172
699,0.0034471096045409115,0.001590190755107775
700,0.0022473065227089258,0.003296778220657959
701,0.003963014905595715,-0.002070137423534015
702,0.0036216141407161323,0.003111485999766823
703,0.002918179646112777,0.008752837242839304
704,0.002322250060939942,0.005686778742213963
705,0.0028690635469826448,0.001412354858732593
706,0.0023515996328509086,0.010807386456920396
707,0.002505272367730043,0.006179998986616388
708,0.0027292477507669557,0.012134634498065523
709,0.0028269297288316154,0.008380257256791044
710,0.0030806338796200016,0.005432271424905943
711,0.00345079439257729,0.011762832190518649
712,0.003101460669450904,0.010527304754014814
713,0.002665799639469174,0.002868231171192941
714,0.0037461977989083264,0.011706593769836366
715,0.0027473594658003076,0.010951726283012178
716,0.0025663901809938215,0.008171357599956066
717,0.0030216776714423422,5.262297653946084e-5
718,0.003493884937029393,-3.3226479957735883e-4
719,0.002496039054976148,0.0027089495920493527
720,0.0027654798076067106,0.009899448239618105
721,0.003407706215661063,0.0020062425876904806
722,0.00313662325053563,0.005816439896832722
723,0.002098833293865288,0.009741307622398915
724,0.0026574986182910073,0.014307318297991466
725,0.0023818975694427373,0.0011076521225228588
726,0.0028566598815201907,0.004855720595998302
727,0.0024553617222551134,0.013031092378489071
728,0.002573242753562882,0.004595875367040434
729,0.002784874372997709,0.009100177233257824
730,0.0025324403538163863,0.003976587146529084
731,0.003470701794843806,0.009181439335239138
732,0.0028183212720522786,0.005138027230784335
733,0.0029264376799621006,0.0038648994080238957
734,0.0036996472921029407,0.012734996183392803
735,0.0019893140787388347,0.00892575325548747
736,0.002832905830648958,0.0021026398345652727
737,0.002517355532943083,-0.0020779272093698845
738,0.003061813419677149,0.005043112848332141
739,0.002501422759206283,0.005070296664636264
740,0.00296338849154434,0.006450197501548365
741,0.0031443338526762166,0.005406109556161892
742,0.002105960232122278,0.008260154545344596
743,0.0023980695939843505,0.009702347372067554
744,0.0033170157000401877,0.0014369560774956675
745,0.002757935444245567,-9.367611551142903e-4
746,0.003205417057446366,0.012067329772857053
747,0.0034271098783061216,0.014299905296086518
748,0.002333726867411759,0.002220286546800119
749,0.0035627931399017077,0.0017716536677883721
750,0.0022297727791692427,0.004805793393400146
751,0.002910460416193807,0.01238490977971238
752,0.003709385616912197,0.004621747775472293
753,0.0025077055497086105,0.011638448804899873
754,0.003140037654916884,9.04202661562999e-4
755,0.0030883340497111374,0.006832792865097534
756,0.0015985916422660892,0.009363755954698103
757,0.003811517301682894,0.010204506136488118
758,0.003107186735259437,0.004522065169837824
759,0.002851885413499311,0.002469474267118049
760,0.0032569490191821197,0.011280713664463139
761,0.0027640727959637526,0.0038273661413814903
762,0.0030412272259543525,-1.958052129069363e-4
763,0.002447805145744624,-6.116856938010061e-4
764,0.0031392346216758014,0.007231237470234409
765,0.002718319446890351,0.005766563071842862
766,0.002899891551934855,0.002509591149901464
767,0.0025345560386210125,-0.001618173301107746
768,0.002650751839703793,-0.0027294829148456793
769,0.0026059237638220963,-0.0016952522585492423
770,0.0030883053026826107,0.0052387100765851555
771,0.0029942204147926496,0.011534463966501792
772,0.0031990107675396433,-6.828757280484101e-4
773,0.002680083061818581,0.0030223178516482737
774,0.002998621208139991,0.008326508185591913
775,0.003134103590183268,-8.040285570615098e-4
776,0.0037494933672300016,0.003101117518298482
777,0.0022910770801439296,0.005411824008671207
778,0.0028760711440894877,0.0050079697945004595
779,0.003937567896985663,0.0016490433247339522
780,0.0026661842127290543,0.007139787386832527
781,0.002721228718440975,0.004317769600191013
782,0.0024404331790047885,0.0035648724487769255
783,0.0029703261914820504,0.010646988825504826
784,0.0027476497123024857,0.005352025361352184
785,0.0034197696630768894,0.0051935884247936055
786,0.003168311658397654,0.007350262334263824
787,0.002973003847922312,0.008297075173176826
788,0.0029516954212561414,1.9235307439102213e-5
789,0.0024101841339943596,0.009264557698456173
790,0.0030247456793265773,0.010121487498018333
791,0.0029457500544100112,0.007206560267656209
792,0.003165962356555011,0.0061894576017160865
793,0.0017390864120102275,0.011211930088344124
794,0.0026501285802448885,0.012894620222902874
795,0.0027089216936027087,0.0030587641480850462
796,0.0027161414076856813,0.0032955944454859006
797,0.00322138911251844,0.008850985593018761
798,0.0036639188899532625,0.009947523925813422
799,0.0028148531697226057,0.008721079100226296
800,0.0036447678908495154,0.014002242122692897
801,0.0034383643393200124,0.011389580609008167
802,0.002011661884459547,-7.816353499583931e-5
803,0.003248476818467642,0.008504022783295496
804,0.0027295927947752854,0.003269109637939401
805,0.0037373004720514186,0.0038308367004346124
806,0.0034749682779701193,0.010690771892659486
807,0.0016782855243971146,0.0013910974167690134
808,0.0029759526610933585,-0.0022995859897880265
809,0.0030679679479566958,0.007411409566409192
810,0.0023158950244253677,0.011917806879983754
811,0.003756224355270972,0.011332111146497025
812,0.003093946030859149,0.006331118770169459
813,0.0034825455948995507,0.007260595218164685
814,0.0029234177912397827,0.004576123440421694
815,0.0022759294758910027,-0.005859612419430171
816,0.0021274317146576707,0.010672099253740424
817,0.0030528907681771603,0.006497460918685791
818,0.003593497576565858,4.3347700996821704e-4
819,0.002569679322249242,0.008021356256584556
820,0.00336228269149739,0.008033878821667298
821,0.0027983881324390655,0.004189669044674385
822,0.0025973333304887304,0.0010757645995147043
823,0.002721573547626848,0.006946471619093983
824,0.002148886451056343,0.007907941488710284
825,0.0033022265272635936,0.009501052057915444
826,0.0034445809180932187,0.005096550823122414
827,0.002731358844887247,0.0019410543574297032
828,0.0029266628963723123,0.009708505949890391
829,0.0019342060942450917,9.456254277516616e-4
830,0.0027340600741605613,0.010606962289554966
831,0.002913217045212894,0.001041688036469804
832,0.0026751563470686717,0.003840812129237179
833,0.0028442499423313385,0.0016945224429622888
834,0.0035182919273485653,0.007516142041250664
835,0.0031223731200568984,0.004189849247162519
836,0.0021955978777058478,0.007466289941121613
837,0.002410049853997788,0.0031738974245371764
838,0.0028055958845540196,2.3583200398969491e-4
839,0.0022655235345393847,0.0032575366273101206
840,0.002941996384063833,0.007998355973030932
841,0.003497112906280901,-5.992030576467528e-4
842,0.002890526173250297,0.0027856660919171536
843,0.003332975366220416,0.0012952491655403944
844,0.002732528545178126,0.01201514730611649
845,0.0025803817015153325,0.00146185793198292
846,0.0023845773792780653,-0.003133472909444778
847,0.00416541672628846,0.0030704049335994374
848,0.0037577642895728807,0.007346917365464567
849,0.003033518100288854,0.008896550300379051
850,0.0023413999339841505,0.005096457091452887
851,0.00277216800603261,-8.49674102712764e-4
852,0.003306626376493089,0.004872666548651248
853,0.0026900057808326907,0.010510076801106152
854,0.0030187802774114345,0.009505111750034507
855,0.0030947332461290734,0.007482499793582359
856,0.0028580155060772064,-0.003225328426020034
857,0.002415104841651626,0.002929237874951124
858,0.002785076781460002,0.006673020479180723
859,0.003254335433843855,0.005473814618058834
860,0.003371965246172694,-0.006598200886179542
861,0.003910342038724,-0.0030904891272446507
862,0.002678481552253605,0.0069246655757636685
863,0.002992173141737962,-0.009055779239924894
864,0.003396713820654447,0.010883154518133173
865,0.0023946540803362628,0.014012365704047932
866,0.0033827678660141155,0.002550066977127532
867,0.0026970289020946626,0.0071319291593381655
868,0.0036859926662989673,0.0019160294920673555
869,0.002952874574959249,0.009541601065014182
870,0.0033654085933440036,0.006769488390009688
871,0.0025354502702998934,0.01097038484211909
872,0.0027161263376276456,0.008531194123552042
873,0.0034813217672691995,0.0072959738807152385
874,0.002354073006459957,0.0024610982628068415
875,0.0027944901368894353,0.006094011934090252
876,0.0027621160597907646,0.009128610856832288
877,0.002953867674795918,0.006409779080282447
878,0.002961924841693041,0.0071058782832936936
879,0.0036041216471292955,-6.509594857610828e-4
880,0.003581633911068098,0.009598678211199283
881,0.0031823215548207355,-0.001611370611892701
882,0.00266570064598164,0.00919216766613594
883,0.002280893043569335,0.008812469501836557
884,0.003028274308411583,0.0017243636360598038
885,0.002328451340263513,0.006772538840642145
886,0.002277269851326947,0.004694055753878192
887,0.002666685665400313,0.013085524091538653
888,0.0025266055516360774,0.008009441825788043
889,0.0032604825778794087,0.0036169384219218535
890,0.0026371636777743662,0.0027892548338271047
891,0.002810648999590315,0.0069368614380392974
892,0.0027025010576411388,0.006924007042809451
893,0.0034212547274927326,0.0024559146085603332
894,0.0023539427696073886,0.0011313265066483008
895,0.003613392316586775,0.007440842148209318
896,0.003267200281814324,0.009633306431416714
897,0.0029320019401675736,0.00572249773837813
898,0.002837677431025658,0.0069598495816566835
899,0.0026489624594962496,0.006612978927629193
900,0.003518853993307104,0.0014059108006582504
901,0.0020990559035072775,0.016776464183868255
902,0.0029282964884128487,0.007721587463327688
903,0.0028098754802813697,-0.0022184926619124626
904,0.003357929367853266,0.0035103810151485976
905,0.0029569159014516053,0.00861503657163857
906,0.002299695442649906,0.010560208662277101
907,0.0018739845654047545,0.006419070843509663
908,0.0025090770329483257,0.010594414135865763
909,0.0029283791371971235,0.0074895793555462085
910,0.0028367275996624406,0.005878461865793083
911,0.0035372625869230048,0.009035514748972611
912,0.003726699853709818,0.0034667828304353904
913,0.0026903355776235274,0.004012079411711714
914,0.003433953707655749,0.010381755567564108
915,0.002746693019930778,0.0029478743806756434
916,0.003222126879935486,0.0018067246408693778
917,0.003072390921355502,0.004754901917001021
918,0.0025928296280969634,0.004802792871896791
919,0.0033724150052070775,0.0010521244182394402
920,0.00356637368555104,-0.008479505310521851
921,0.002927189430586483,4.14651104018639e-4
922,0.0024079989701954593,0.011201227724929685
923,0.001988644760170212,0.0041648243156688775
924,0.0025911480449561644,0.0048079567178808975
925,0.003383813975180322,0.002131186658144626
926,0.0020747983326649642,-0.0028427021352018453
927,0.0028210640781252167,0.01113948351807751
928,0.003452861624416621,0.00927656376184599
929,0.0032385356612522577,0.010763472369596875
930,0.002659784818379415,0.006626800839343847
931,0.003755226125467302,0.012379185014836995
932,0.0028222963938712153,-5.3099837752137655e-5
933,0.003324868072366174,0.013300732910135518
934,0.002650214991547201,-0.0062264977972144205
935,0.003342390287854906,0.007049794390676565
936,0.003132249159697281,0.005103520813025281
937,0.003800517590425067,0.004022261207301201
938,0.0025011313487251197,0.0021679830903638484
939,0.0024339395880865174,0.0024585592380518134
940,0.0025581870443704556,0.0021481918878347083
941,0.003581655472423121,0.011648863697257986
942,0.0025063351919662733,0.0018745451045538084
943,0.0023637300187690055,0.012125577056182307
944,0.003171023284726376,0.0032003981728496345
945,0.0023336020021946626,-6.506436763301657e-4
946,0.0025120710859338137,0.009593111045948939
947,0.002464451092851979,-0.00524242693929403
948,0.003498690576662747,0.00754865310415093
949,0.0032505779333824253,0.004693578235331397
950,0.003040892894055946,-4.672074892083907e-4
951,0.0024378859955838505,0.008175470794536677
952,0.0032236604389537533,0.004773392669214104
953,0.002903571025313954,0.004584314889737573
954,0.002611193788195241,0.0041366225802677995
955,0.0030449209207172386,0.0044480953766964215
956,0.0021883273563439963,0.006461442741937406
957,0.003137776232619143,0.00885916930455774
958,0.0018934899676636674,0.012594526606277003
959,0.0027332635528079462,-0.0016814576106400879
960,0.002931293706340038,0.007979003091781452
961,0.002980519505410305,0.00518601012675881
962,0.003023249825480951,0.0034619603135490505
963,0.004090778241497454,0.002022349294408943
964,0.0025301214259610427,0.012796494269305073
965,0.002715736244669158,0.008061353573148834
966,0.0033032916049359163,0.009430291833576188
967,0.00273797644292488,0.008455332746348299
968,0.0020567162108136605,0.00830232192698718
969,0.001988105910896568,0.009847055036183229
970,0.0033726199293217796,-0.0010724025696075656
971,0.0021984481010490753,-0.001805623116633443
972,0.003406057470022654,0.008021007882143003
973,0.003678296843509587,0.01128148946018758
974,0.0033464452334950553,0.005003917525916347
975,0.003262134247745861,-5.905028333045813e-4
976,0.0024252516178883835,-0.002316136700632314
977,0.002864211552614011,0.013474433282389004
978,0.0036045251560261763,0.006828171751293575
979,0.0017609363956821481,-0.005512262697384341
980,0.003019387570106855,0.007027749430254139
981,0.002789680828682907,0.008216756127597338
982,0.002827962127928839,0.011262987376543767
983,0.0029871187298740947,0.009451994461548008
984,0.003435291085379051,0.007174172441256288
985,0.0031787895201349356,0.0018820574292187425
986,0.0030733014950696256,0.005053369570903963
987,0.003053527126071756,-0.00461983190065805
988,0.0032020359132757066,-3.247763240226895e-5
989,0.003798524061711633,0.011512840282863264
990,0.003004426387990137,0.013816237848767116
991,0.0034520044409136973,0.010602931784547015
992,0.0029033100335771845,-0.003996284586423305
993,0.002314556144580489,0.009692278012245445
994,0.002809155646024029,0.0041619623260290995
995,0.002808767332540855,0.008007846294388058
996,0.0020612473562180217,0.00970974458684305
997,0.0036539541776478236,-0.002354929423865485
998,0.0026425508208098134,0.0031515870296302158
999,0.0029925691001008842,0.007895598585052137
1000,0.0019569975337914254,0.0074799384728285595
1001,0.0021228901742990558,0.012398994349820327
1002,0.0019387272999050267,0.013646615012265221
1003,0.0035388214025428863,-0.008884671071397614
1004,0.0024425954347419947,0.0026793278183935582
1005,0.0026484752004258504,0.006188826401071159
1006,0.002789268726475793,-0.004563218155406968
1007,0.003481181657730529,0.004600458274075665
1008,0.002733400048288843,-2.17685646563541e-4
1009,0.002830612715080095,0.01075088015111611
1010,0.002608179785528982,0.005328159437442826
1011,0.002434424725338077,0.0033195669293613573
1012,0.0037603537255499046,0.008828403698726884
1013,0.003018951616689264,0.009371125444789864
1014,0.002863981148320161,-0.0017346896183878012
1015,0.0022450637151777103,0.006872922611228939
1016,0.003365347593883894,-0.006928361004337627
1017,0.0031028021363573486,0.0012770538682640282
1018,0.003220176656946273,-0.0010104665323680188
1019,0.0024434340908459197,0.0044374921925733135
1020,0.002598195642087532,0.00893107214239697
1021,0.002419483794103325,0.007490254618039333
1022,0.0029196787243228285,0.004139002425781353
1023,0.003316378215594859,6.280318781704611e-4
1024,0.002332660215947808,0.0051249485553032156
1025,0.0026063303399105446,0.012597264230235654
1026,0.002738149839995825,0.008490540995623571
1027,0.002598496277249508,0.01185054908226625
1028,0.0026329529263943484,0.0036674258948449262
1029,0.0023426123788462217,0.0024721818245858527
1030,0.0027117777995306997,0.003991123004731841
1031,0.003013405006054079,0.005775066239415356
1032,0.002992487936780202,0.0013289208888846316
1033,0.0025988681666180265,0.006846369743291307
1034,0.003267200320962853,0.007581893774229989
1035,0.0036124636423914185,-0.0017011887133694433
1036,0.0029073720016234914,0.015192708174869608
1037,0.003203687224785409,-0.0019317693777405913
1038,0.0031046713850335955,0.002764615497297925
1039,0.002070939479337476,0.006851126613959387
1040,0.00294821605762778,-0.003280635198619813
1041,0.002701363444613111,0.008749717019050762
1042,0.004055021978337894,0.0023481630895602823
1043,0.002739812603709061,-2.490019402038657e-4
1044,0.003823158067661821,-5.668814118512111e-4
1045,0.0034012952580936514,0.0018239068820724812
1046,0.002543395766471055,0.010046258065295813
1047,0.0026528671295748506,0.005898833641042827
1048,0.0036333582426295273,-0.004374137180493444
1049,0.0024317561901052442,0.008164042330932193
1050,0.0038163508522070697,0.007175674366826697
1051,0.003911163199609359,-0.0037022766403403086
1052,0.003134025621764923,0.001325310316191217
1053,0.0022651126260212484,0.006689920355582907
1054,0.0028310882798417815,0.0053482420713632135
1055,0.0018792082359604199,7.622852808382196e-4
1056,0.0030594749397242203,0.004714571448132261
1057,0.0029221585146723215,0.004372683964202149
1058,0.003312696131223873,0.002058471265552501
1059,0.0037590523005396306,0.0036203899883383217
1060,0.0032791161435130256,0.006227569148105217
1061,0.0031493193022356543,0.011236958571173152
1062,0.0032339876040556985,0.006518385868024828
1063,0.003663259384102379,0.008755454622671785
1064,0.0027906980957184977,0.011305514198110789
1065,0.003004322033199338,-9.510583174762804e-4
1066,0.0028569131714475593,0.00288048723893047
1067,0.0032218378955769255,0.00464240379787912
1068,0.0026077770130431208,0.003597825660687186
1069,0.003191688330959482,1.4198713491223383e-4
1070,0.0017994021622860248,0.006876523523962849
1071,0.0030081259881279392,0.0035513558427874396
1072,0.002897613951135895,0.007507446598303677
1073,0.002706655041101477,0.010004246756176036
1074,0.002895530081293054,0.006415789385814863
1075,0.003575987476058356,-0.0030334068682553762
1076,0.0029736990860833984,-1.5779254900555144e-4
1077,0.003816192945550918,-0.004227783976605412
1078,0.002653716468999797,0.0053617216973409
1079,0.0020993696498862223,0.010195985975103784
1080,0.0030457133807155878,0.012378059776982597
1081,0.0029703859689667665,0.00264360654750829
1082,0.0033131469703043233,0.006819732961885153
1083,0.0032776492393262724,0.010942780910104626
1084,0.002387674422463196,0.01538516103476429
1085,0.0031639924367639033,0.007783565572989802
1086,0.0027387157856066887,0.007354103038110924
1087,0.002143826881020357,0.009497778803624932
1088,0.002967461774729763,0.006559026339850217
1089,0.0023792939065415157,0.008880566446317245
1090,0.002773745394353599,0.013955432418508643
1091,0.002660111956006717,0.009288780734750536
1092,0.002884382844918535,0.01268708930357153
1093,0.0030471926674389815,0.007324012629689362
1094,0.003007728134718586,-0.0014107353088280315
1095,0.003056898732485749,-5.746093173501403e-4
1096,0.002858589286130413,0.006829024374045835
1097,0.0019921131590628955,0.009403929485751882
1098,0.0027783237796598676,0.007671810064329437
1099,0.002906318955237009,-0.004537576650886505
1100,0.0027074598684322052,0.006016715583779055
1101,0.0033789428901824406,-0.0012668311414349913
1102,0.0027719091819257617,0.007238427546239169
1103,0.002772833419027971,0.01099186763610121
1104,0.002573411791273631,0.008497487800885658
1105,0.002664207195715812,0.00716634502238791
1106,0.0032093770098547583,9.870696950008261e-4
1107,0.0027704203357413666,0.008612188493237806
1108,0.002547104537812602,-0.0042535654976823475
1109,0.0033043556109220115,0.005917858247725005
1110,0.0038365767507848093,0.0026644732339049446
1111,0.0029720224664995993,0.006438058463824463
1112,0.0030029407046399054,0.013921056437439459
1113,0.0027346159967173243,-0.0017006599525014304
1114,0.0029868099726520062,0.0019401395948888257
1115,0.0025498190499335356,-0.003892195834498045
1116,0.002086182165309226,0.01197506393163073
1117,0.0028485632089013412,0.00439043270610554
1118,0.00298487127248587,0.0019287586711592359
1119,0.0024841963339140875,6.207144841387947e-4
1120,0.003165105987664829,0.0023097246558813106
1121,0.002542003215616373,0.006706208860246233
1122,0.002967648327690177,0.012124989977386617
1123,0.0022445528913421957,0.0014342201150902142
1124,0.002747219841725418,0.0036392545154391646
1125,0.0023979352109790215,4.230507655823487e-4
1126,0.002743041639427263,0.006635052512853813
1127,0.00233996918636649,0.012924637456430332
1128,0.0039705430245725445,0.014119902815892389
1129,0.0021241944312723865,0.005848697047417478
1130,0.0023271250439589894,0.005801810716773758
1131,0.0025264608774793152,0.012667962860268315
1132,0.0029793732586396045,0.0019674840641065896
1133,0.0033849560908223064,-0.002121115234921672
1134,0.0030794910188419126,0.008506148517082106
1135,0.003350312961707365,0.0027511733329927124
1136,0.0027729273993169594,0.013692413076909615
1137,0.0030771661330948473,0.004235661672510095
1138,0.003111369510583099,0.008584055870275168
1139,0.0027168444728338068,0.011791962254299087
1140,0.003609992894855746,0.001763503762666166
1141,0.003605121668285288,0.007967330028415383
1142,0.0031543095576172285,3.6940489289438803e-4
1143,0.003253195922611017,0.0031660184962783106
1144,0.0025906141438545643,0.005101411661714646
1145,0.002454839133454184,0.011569694716503669
1146,0.0027687819758608996,0.004392155577782291
1147,0.0032905801094107144,0.010303774809888968
1148,0.0027872439702175135,0.004135807113518185
1149,0.003064328748020197,0.0065640453176946155
1150,0.0031080787902175544,0.009719855829245914
1151,0.0027154704816564333,0.007806426122133193
1152,0.0032264772621094996,0.014256025222638151
1153,0.0029261181694656994,0.014290290240909184
1154,0.0025405399367090455,0.01003403678074456
1155,0.0029030993917548713,0.004135788721588113
1156,0.0032979466478364815,0.006917039167435781
1157,0.003970830017913435,0.006598888816800647
1158,0.0029425536735926193,0.00809564291682248
1159,0.003646564631423073,7.347528588943384e-4
1160,0.0026397945612284365,0.007630903776152594
1161,0.002358891639626129,0.002078891571660372
1162,0.0031120172871931338,0.0034356567019775902
1163,0.0031694787851050082,0.001905240274686068
1164,0.0033774519776053878,0.005313352280316631
1165,0.003100793699809203,0.003203667865102114
1166,0.0030463052197854433,0.003419732699624589
1167,0.0030987003041072496,0.01086109990583519
1168,0.003311959229817334,0.008606340920504541
1169,0.003172273886339253,0.00808629580894766
1170,0.0022581584356992836,0.0021195271586878454
1171,0.0026585081438785857,0.016350168184685886
1172,0.002321287724571056,0.007150814113594522
1173,0.002859637098171422,-8.476253821238797e-4
1174,0.0031501088371627167,0.007533522228161447
1175,0.002739106872468478,0.004579561359344821
1176,0.003603586475682929,0.008878680047950678
1177,0.003720205272412604,0.00554505108876765
1178,0.0025061709431213612,0.006229219017343839
1179,0.003004951497024182,0.003228956695887714
1180,0.0025315012805710137,0.004060264370586219
1181,0.0017675325556057745,-0.0019089052375181408
1182,0.002572244673063173,0.0046909144496552185
1183,0.0038086329488566614,0.01038708337616526
1184,0.0028326193636137764,-3.9206247395088075e-4
1185,0.0035092465007101202,0.00939382919643209
1186,0.0030546317138974172,0.0013246764268963398
1187,0.0020769171739212933,-0.002465057885025511
1188,0.0023603297548069214,0.006958584148366984
1189,0.002144167057659737,0.0017065828314767502
1190,0.002429406321554148,0.0033378303226977543
1191,0.003138149987081763,0.005407506836963506
1192,0.0023567485457760334,0.0017701774408739332
1193,0.0021677122694855316,0.00620655788041984
1194,0.003174134097214802,0.005600325216812901
1195,0.0023023429164227304,0.006670282430240872
1196,0.002503714376352563,-4.074522753449248e-4
1197,0.002413068034445992,0.004885235667107855
1198,0.002970498768684689,0.0030535360611063577
1199,0.0033205080451719523,0.01141376019957641
1200,0.002677897429855889,0.006392575433105921
1201,0.003534762267340652,0.006272587965033114
1202,0.003272883574012344,0.004511537330166069
1203,0.003458760042123413,0.007859871803308875
1204,0.002805138337569065,0.0044910496044279135
1205,0.0034949458095499533,0.009987464883823077
1206,0.003041481464333993,0.011543660692690375
1207,0.002144105644718196,0.003090439023265194
1208,0.002764820929739789,0.009583248894626245
1209,0.004083478631889248,-6.954654681553231e-4
1210,0.0034945870633888054,0.007541105069401784
1211,0.0026408392003208644,-0.005251009588787484
1212,0.0026050925440899786,-0.0015472040406953331
1213,0.002823616770700959,0.008943768431659746
1214,0.003006430313420125,-0.0018574172212514975
1215,0.0031419758126555505,0.0074543601092981245
1216,0.0031649593746039023,0.01451844162081278
1217,0.002682807421369145,0.0069985674299704115
1218,0.0036444550230567718,-0.004846899796151124
1219,0.0028217037036100813,0.01226049500800565
1220,0.0027027852141332156,8.29530708245515e-4
1221,0.003597738669870492,0.009590666641754286
1222,0.0031320803892546534,0.005085816811516011
1223,0.002494582040700806,0.013932041249816118
1224,0.0035051086806129777,0.003381283658095131
1225,0.0029460228032649784,0.0020638447143211313
1226,0.0023367247283109602,0.00688169682408416
1227,0.0027729484730108626,0.010564916942133915
1228,0.003079484052432095,0.0046043002542885455
1229,0.0033405065392166275,0.004391487039811444
1230,0.0030537030186723164,0.009664181211573756
1231,0.0029302494471440677,0.014150776284604233
1232,0.002273629858311131,0.005694977436662984
1233,0.0032534957874096613,-0.0032384861392476044
1234,0.002847233785693857,0.006486686789991912
1235,0.002611320718992081,0.010622633245921748
1236,0.0030143604156945333,0.008482340335908462
1237,0.0034207518339507605,0.007035632312165391
1238,0.0027082698867342617,0.0011497287445239295
1239,0.0027172806362161074,-0.0013776530631075998
1240,0.0024567635872912823,0.007305336684321319
1241,0.004043339082995283,-0.004417261061378852
1242,0.0036954180192820584,0.01315465596817327
1243,0.00318522043567462,0.009098961907878674
1244,0.0035555469231624325,0.0017178304190323445
1245,0.0026338519145118785,0.016128228445495815
1246,0.0030368725618430945,-0.0038599267600094933
1247,0.0030802408010227227,0.008482021264543439
1248,0.003663472236506202,-0.002916130416519963
1249,0.0027269753543576057,0.0017301742126366792
1250,0.0034638610237002075,0.005776968991501942
1251,0.0029385136849055895,0.004830945026135267
1252,0.0031805063315294233,8.515935432286334e-4
1253,0.0028750997063605507,0.003976843086789837
1254,0.0026878001242830714,0.01128181213016538
1255,0.0028035841912546033,0.004332156075756577
1256,0.003518236602064976,0.002074361781151659
1257,0.0034605134712702365,0.005810177615879887
1258,0.002815765861466451,0.008599124439720657
1259,0.002609243837121577,0.00979215494547644
1260,0.0035734827992998878,0.010806113270621844
1261,0.0028972636471741994,0.011273388867369522
1262,0.003741167122006133,0.0024118375075535357
1263,0.0030576398406824555,0.0037980343608343334
1264,0.004095557078299358,0.0022513811574580538
1265,0.003070705083172297,0.006012631606788045
1266,0.0029826378909038344,0.0085297339500195
1267,0.0025650470355545064,0.003781251577962526
1268,0.003156676468705151,-0.0011980956915750608
1269,0.0029600319300062657,0.010005928909085913
1270,0.002096740854026547,0.0076736995824204434
1271,0.003042972481795046,0.00448117128881243
1272,0.0024667741467293354,0.0034396294479676843
1273,0.0019284255742945595,-0.0010421460737972702
1274,0.002438442869259285,0.005915671544539497
1275,0.0038732048966738345,0.004581191783304326
1276,0.0028905071668617983,-0.0034087095768429096
1277,0.0034485018000162343,-0.0027227675981574143
1278,0.0030334627374029835,0.008777111396851108
1279,0.0033265312167497884,0.005605243660311125
1280,0.0024178376320317533,0.009945016003265732
1281,0.0025660037891153424,0.0046524722381103036
1282,0.002915542004931745,0.006892234875116847
1283,0.001679459208622995,0.009213809702218958
1284,0.002845464748504545,0.006932766885611676
1285,0.0031569202007678404,-0.0011651206996920894
1286,0.002879459041338037,0.006915008014375611
1287,0.0026816085216983514,0.0051776949350184655
1288,0.002951519176773338,0.012047109093174035
1289,0.0015539460584802463,0.01140834435179937
1290,0.0018769449319848805,0.005359941992259736
1291,0.0023789861942994667,0.0032140461726036266
1292,0.0029717325156192625,0.0061286115983539054
1293,0.0032725322924341688,0.006503027307317037
1294,0.002480073864866097,0.0031638669231533172
1295,0.002758800519962015,0.009447056714428626
1296,0.0017772941204621116,0.004988895710896728
1297,0.003985299151735143,0.003331811377333469
1298,0.0025943539802277486,-0.0026248764319762676
1299,0.0031754862224075897,0.004976119972453993
1300,0.0029586374274041586,0.0026986129861707626
1301,0.0038469058026384347,0.00865531363692608
1302,0.003218171132470252,0.011784628314210515
1303,0.002151517319034535,0.004034155534213213
1304,0.0032782173331805486,0.006385068926052097
1305,0.0026313916559279073,0.00624980618439255
1306,0.002436808446642478,0.003990294415443164
1307,0.0026620470414486733,0.0065806851062828395
1308,0.002361540350728522,0.002567238321682934
1309,0.002918176863715257,0.008364451064303786
1310,0.002800454639392235,0.006658953555517358
1311,0.003648258959302831,7.456521160422685e-4
1312,0.0018542419964259946,0.004790459358153616
1313,0.003394237170872206,0.00994302374302754
1314,0.003117623792407955,0.008089285748448874
1315,0.0033038694741472398,-0.001980193023180697
1316,0.0029792405924621555,0.007887524330424594
1317,0.0027618582205030558,-0.002876335393787358
1318,0.002970829608779183,0.012422307986927368
1319,0.0031636168212424384,0.011909353416705917
1320,0.00197208118362034,0.014437910971059995
1321,0.003411443602237992,0.0019736230330427047
1322,0.0026188937636817955,0.00790336128367526
1323,0.0033390436553895854,0.004005306425881037
1324,0.002631291117270865,0.011590678675588263
1325,0.0029792742379297073,6.331047680326329e-4
1326,0.0030043747948924507,-0.0033981142526920798
1327,0.002509902680609073,-0.0034742803905290485
1328,0.003547098588744877,0.002307293413555146
1329,0.00323354433936086,0.011775721204706666
1330,0.003334848825569147,0.004899358318072908
1331,0.002793522519892583,0.0036404132721365853
1332,0.003542895724958253,-1.2134549902003983e-4
1333,0.0027492418828239822,0.01176123173224978
1334,0.0029041364000758937,0.00500241745840582
1335,0.002899496653344274,-4.1619747644841554e-5
1336,0.0036517823036089493,0.004853953456232761
1337,0.0029411658204482175,0.007845291632799938
1338,0.0032982287878698144,0.0075520383260751275
1339,0.0030318774565110283,0.0035992354135941707
1340,0.0016054708463882638,0.004314776604888288
1341,0.0031826383268877476,0.006363188698258102
1342,0.002940528197672578,0.008147409054123424
1343,0.002495826111427343,0.007893678676946136
1344,0.0029264048602687283,0.006375964924585012
1345,0.003102676241160153,0.009700684509403354
1346,0.002839792638235295,0.007298658910528501
1347,0.002516414048059134,0.004484477005094599
1348,0.003124045830889211,-1.1306244156374231e-4
1349,0.0035418977172876607,0.0015737654956408864
1350,0.003394429021814363,0.007643736696772956
1351,0.0018185836208130372,0.0027782264762712186
1352,0.0019431884859115885,0.014658002495016392
1353,0.0026984954352748023,0.006230066904414653
1354,0.0032528789171934365,0.007208966796345544
1355,0.003269918547301097,0.0073192422837359775
1356,0.0027817707071791276,0.008556379343637835
1357,0.0023887896392472147,0.0031424144987213802
1358,0.0033148532893333793,0.010725078749360803
1359,0.003407788832642784,0.010705089639334319
1360,0.0032886300119361446,0.01378265580623625
1361,0.0027146677352799784,0.011920943776411667
1362,0.0036956942246793864,-0.003227146863152005
1363,0.0030214428732155017,0.004715660497698862
1364,0.0036103672509490404,0.006364087123741034
1365,0.003161116581380169,0.007032111066693996
1366,0.002921063465719242,0.010037238555740168
1367,0.003028635728345992,0.0027076566001337206
1368,0.003045636655512638,4.527577611271802e-4
1369,0.0030431238648769418,0.004664601226621443
1370,0.0022658396404872235,0.005652130743247682
1371,0.002398549662858613,0.001998844465513504
1372,0.0024398895462286203,0.011600468337613887
1373,0.0031492588266791126,0.009846688110672396
1374,0.0034406887686105787,0.013372758116070405
1375,0.002897023027297874,0.0039542758019565725
1376,0.0033921318493489393,0.009654098521277566
1377,0.0030765351934007442,0.016438384847120353
1378,0.0034884510752391006,0.0023420192699727866
1379,0.0024834785237682925,0.0075797957303633465
1380,0.0025921112191998738,0.008364379379933383
1381,0.0021674500516539585,0.01157190563873187
1382,0.0032529846807319938,-0.001007244933236436
1383,0.003188232629867772,0.006902245053715631
1384,0.0029433182876364644,0.0015644583671146324
1385,0.003884420065496321,0.006558146154870847
1386,0.003545254592497616,0.017059495683762783
1387,0.0032165723679143422,0.0026496884169833037
1388,0.0032752349929883713,0.0014199588180203479
1389,0.002830265399509044,0.004233617850886885
1390,0.003633944281361953,0.003975211954073976
1391,0.0034467094414975825,8.342606450735795e-5
1392,0.003039982665428493,0.01224050763895487
1393,0.0038112504235278304,0.0030567679297962558
1394,0.001723813444883407,0.00501736878374998
1395,0.003270685684321539,-5.848271223428236e-4
1396,0.0020719838780209115,0.00961205203032201
1397,0.0036864648719642156,7.307665069190145e-5
1398,0.003364883199537782,0.00766394069587794
1399,0.003373040089091804,0.007305320961413895
1400,0.003373110868567798,0.009516753053824864
1401,0.003298183746737065,0.005115760835670573
1402,0.003097204422022946,0.00718120887907171
1403,0.00311910324046922,0.009146583431051503
1404,0.00297248140743455,0.0043936289282202395
1405,0.003643251128111991,0.010059210708137709
1406,0.003058639340769155,0.008439225142985163
1407,0.0023241305284032628,0.0033893489008306136
1408,0.0033336860599506675,0.010293858983807429
1409,0.0026868394764610524,0.006309098498233479
1410,0.002936624010229048,0.010102160092622318
1411,0.003392611738957942,0.0030709587487099954
1412,0.0026159947716745367,0.013007398545628704
1413,0.002838000967142013,0.010176904596083081
1414,0.0033285953446614723,0.011345638553886093
1415,0.002712073775821948,0.009642920783397313
1416,0.003708483664329572,0.007505619080192453
1417,0.002964155407974837,2.0942264692961742e-4
1418,0.003909005572240068,-5.751130472941065e-5
1419,0.002479279839475349,0.0017858952535586893
1420,0.0030579863081710884,0.004810537790281393
1421,0.002161506658907699,0.00599923035643851
1422,0.0030126119275247967,0.0010911785535560473
1423,0.0034519535398241864,2.5398034178918463e-4
1424,0.0035128621325777607,0.010451978096168437
1425,0.0022033093958729244,-0.0023796055263124987
1426,0.0033021006163133065,0.002625848433386816
1427,0.003298118749851906,0.0040873973499358516
1428,0.0037957769349713844,-0.0017959736582074258
1429,0.0037365579970911555,0.014239962037272257
1430,0.0028628671735826954,0.004179548985607294
1431,0.0030647722855831954,0.013813555091571662
1432,0.002311121490578357,0.003711568761143985
1433,0.0027113645374438966,0.01171464422953756
1434,0.0029971066340473817,0.006865628489278686
1435,0.003336671807909274,0.008000620024720977
1436,0.002944351864234604,0.005547565523524669
1437,0.003387655146824716,0.0026188553435703456
1438,0.002933179690353586,0.0047891249059455665
1439,0.0036465186393781876,0.0054940831214708675
1440,0.0032408418578938427,0.005473139339197709
1441,0.002608127231619238,0.010299095681907535
1442,0.0024708521266982647,-0.0060628859066225605
1443,0.003221477120599259,0.011256763496302924
1444,0.003298500394693086,-7.620083913182129e-4
1445,0.002831268278337743,0.00759175148174525
1446,0.0026347260126237614,0.010415665949437604
1447,0.003452409826761964,0.0018322195557662485
1448,0.0023710517092273295,0.004508142182599286
1449,0.0025375054773830244,0.0019524065091924914
1450,0.0031261748384032164,-0.00108739105273269
1451,0.0042917986801375525,0.004686154743515454
1452,0.002806213454399026,0.0014231651264026927
1453,0.0028576699022199595,0.004404598006179024
1454,0.002580386357448563,0.010022706489727865
1455,0.002494188494247592,0.002706765296236053
1456,0.0027577319288385922,0.01073827327464567
1457,0.0034792817204368004,0.006463876363451937
1458,0.0036834254836808768,-6.79480211088751e-4
1459,0.0030038896777849727,0.002104152695967406
1460,0.003676496592315151,0.010401470233545875
1461,0.002923647207066098,-0.003810411964931172
1462,0.002500898302046093,0.006167674882930291
1463,0.0021575149931704362,0.007393182537483967
1464,0.0025491569381027477,0.012106079045923002
1465,0.0025640296586951373,0.0064880310856093295
1466,0.002274035316799012,0.007944360929706285
1467,0.0019375240652433883,3.3891867056802007e-4
1468,0.002617414319746422,-0.003956671226389062
1469,0.003102204157425101,0.012932129507532539
1470,0.002590350568467065,0.005002388488481519
1471,0.003296626534354148,-0.0034056850098601885
1472,0.0032156670703517554,0.003812279002076001
1473,0.003325533898144969,0.012701642308580681
1474,0.003040905189426709,1.3795408988958647e-4
1475,0.002315051208297616,0.004066704248210566
1476,0.002934197439633076,0.01027139249535128
1477,0.0027768566523683784,0.009724307970897648
1478,0.003067040702875861,0.007237096181580816
1479,0.0028075370078586626,0.0010881611589659765
1480,0.002292566968304753,0.004808664591607081
1481,0.0031638797237646455,0.008636683647296927
1482,0.0029293568143767554,0.0091706027474909
1483,0.0012119750811317817,0.006645700764227371
1484,0.003929766171756949,0.008150467676634176
1485,0.0025454339357967593,0.012556372923825047
1486,0.0029780784373115194,-0.0016512629940722036
1487,0.0027404987026057826,0.007972184771108993
1488,0.002767173249891522,0.008089897097092498
1489,0.0027724845961297423,0.012523572149822665
1490,0.0024508461606519687,0.006751136888163101
1491,0.00282658744953176,0.008323216032443816
1492,0.0034772426323687092,0.010117661100184184
1493,0.003162238434489415,0.007163746580471226
1494,0.0034712309014845,0.003880368130220534
1495,0.0034404630956483533,0.005843100283116047
1496,0.0026463540627561597,0.0011870882647875662
1497,0.0033412862849342894,0.007554363929880861
1498,0.0030337185967460882,0.006524677717111789
1499,0.0029383253719986345,0.0030881750353160577
1500,0.0024299403765091297,0.01179341765794068
1501,0.002651928751418498,0.008465314560218032
1502,0.003267804160510435,-1.4887550736682967e-4
1503,0.0032952581645226426,0.010830301148197032
1504,0.0027240509657557627,0.0016842455629188298
1505,0.002836518696922056,0.009724323252444962
1506,0.0032302266008210003,0.012078469794976758
1507,0.0029797221703680467,0.0016900442212932137
1508,0.0031486744450319056,0.0028883949017066432
1509,0.002948683425263396,0.004681580198008674
1510,0.002902432531697896,0.009333476389377501
1511,0.0024635363735688075,0.004729706483652573
1512,0.0027425002607453946,1.5181057045403692e-4
1513,0.002281260015610146,0.00756525638575122
1514,0.0030200519383435246,0.007924210517680446
1515,0.0040750815282968,0.010029602015456156
1516,0.002690842126118417,0.007159327740877432
1517,0.003233691543351042,0.008154084591953874
1518,0.003189698376421984,0.0019052783785284588
1519,0.0026792183083094116,-0.0012709405502437836
1520,0.0017895321923547917,0.014830342422858083
1521,0.0027645287443982497,0.00662149362751291
1522,0.0037784676839934983,0.008005736520038935
1523,0.002704684174136669,0.004276878205016468
1524,0.0034524477210294176,-1.280371238527771e-4
1525,0.0027913574222994046,-0.0044908222058121965
1526,0.0024187171971933744,0.006260609786558347
1527,0.002104535834638965,0.0010073929853377543
1528,0.002733477714418825,0.006120840932531774
1529,0.0025476065169747716,0.0011339157656143166
1530,0.0026379001146633373,0.010473336473998823
1531,0.0022915660837028555,0.005380189178785834
1532,0.0031990973870119946,0.006278945441138881
1533,0.0032303990090722635,-0.0029843956825373443
1534,0.0028044105603551557,0.0015104993221866127
1535,0.0021329936756108126,0.004064937309575592
1536,0.0021245911766516338,0.0022334806845119085
1537,0.0026383766035654728,0.005463424739049639
1538,0.002534546141720166,0.0034956793299226498
1539,0.0032371865186683114,0.008478636402484578
1540,0.003043283911142625,0.007571660013841863
1541,0.003720989469892329,-0.001555886466655932
1542,0.0034612093573158005,0.008599705967383776
1543,0.0032829825815914987,0.009659024680549869
1544,0.003137906593175695,0.005755541482047586
1545,0.0028765978767299407,0.006997964054604776
1546,0.0028949378988973808,0.00459642490997197
1547,0.0030772594984690934,0.005703973082684973
1548,0.003263347190057747,0.007049871117718714
1549,0.002361585025549285,0.01412208884222823
1550,0.002397914043870413,0.0014293793842121774
1551,0.0024499525230808343,0.004135159473696895
1552,0.0028234160430802412,0.012421078270724377
1553,0.0038842600620285907,0.00606279644144048
1554,0.0023366801178734543,0.015113695202985805
1555,0.00344444218007567,0.009829065590173866
1556,0.003608065517561987,0.006044658823596661
1557,0.0021916195407148515,0.0010260729825435017
1558,0.002846402499253241,-0.0019773954683990893
1559,0.0028181775668114405,0.010652224464704159
1560,0.002986595386540579,0.010927886099863301
1561,0.003589660845791095,0.0033921938033224276
1562,0.00369498529410019,0.005668987732753829
1563,0.0028250967703873473,0.013531643579567765
1564,0.0029361813782039724,0.006202301904592624
1565,0.003644661350517287,0.0038314754114910443
1566,0.0033072170962089287,0.005323089290912841
1567,0.0026627585919054737,0.0039202569965556145
1568,0.002982022390146734,8.973976166327083e-4
1569,0.0027255023894529086,-0.0011441802237150299
1570,0.0026824854159589796,0.011254152555373985
1571,0.00269477626390677,0.007884481510616392
1572,0.0029435768423199914,-0.0015824791652757717
1573,0.0024494704432722553,0.010345102956113551
1574,0.002669665077445875,0.007558310150271654
1575,0.002437070957201975,0.012933744021688473
1576,0.002549231310449601,-0.0019321186388367453
1577,0.003067205110049802,0.004410290798376097
1578,0.002224558441496369,0.0018498897303371046
1579,0.0028363628914747033,0.006806065444542294
1580,0.002152329379702813,0.005119253882014963
1581,0.0025078455720063016,-0.00280701530210139
1582,0.002417240033491386,0.008278300576297061
1583,0.0026924600554295375,0.012955372463341901
1584,0.003936070980694391,0.009784726234418343
1585,0.0025093352057137127,-0.0037529458786393216
1586,0.0028244783523341255,0.008422014940262063
1587,0.0023468937556297967,0.0062575233245215816
1588,0.0036673476463845653,0.006550720155586631
1589,0.002182296479319052,0.007551474941690219
1590,0.0023954193092381036,-0.0019422938976339085
1591,0.0033233868428276096,0.002844970754935578
1592,0.002625390814868754,-1.3158281695171622e-5
1593,0.00272907424589293,0.010975975860490043
1594,0.0031183766983729332,0.014000490180224397
1595,0.003737971043397519,0.0015928356428309576
1596,0.0020218533475423856,0.006554989774304078
1597,0.0024910442948626707,0.007788705808224154
1598,0.0029702879380940754,0.0135768605559172
1599,0.0030745334356833197,0.00893306007320994
1600,0.0017115841989950556,0.009093408061428882
1601,0.0032927214684476728,0.011494787407834545
1602,0.0019917973698178504,0.005841905368484311
1603,0.003080517795904729,0.008639227838863953
1604,0.0030115596920749156,0.004839036027547521
1605,0.0029948220955808417,0.008513112095020835
1606,0.0032051798447177864,-0.0035663112349409256
1607,0.0030609581038113245,0.00680971671609211
1608,0.003024010928948709,0.006795679962410224
1609,0.002751885041787282,0.01547319886847172
1610,0.0032855795470357265,0.007749571820497804
1611,0.0034654767019663027,0.0028642115232762385
1612,0.0025080592031466393,0.003227682880845325
1613,0.0031632084262364674,0.008186699188404112
1614,0.0031553966884931405,0.004480236776533374
1615,0.002741239960229432,0.013414971312598375
1616,0.0025340884923811978,-6.480988044883099e-4
1617,0.003257773572252839,0.00226548065314663
1618,0.003293963497158583,0.002996536839794773
1619,0.003280359176561711,0.005827241401618295
1620,0.0024801248708193188,0.003565602102195092
1621,0.0033487284099140563,0.004562394368511004
1622,0.003995262236352264,0.004015188132261304
1623,0.0024107975892839638,0.014115209278856388
1624,0.0016228521891053086,0.009410232227978307
1625,0.0024590444189761156,3.174244245793788e-4
1626,0.0020629968009365086,0.0065460849852100435
1627,0.002354415332185481,0.007246789933823419
1628,0.0033175004098059415,0.00752671556780733
1629,0.0033906377697193084,-0.004995996165003629
1630,0.003438910607523873,-2.3189919516949497e-4
1631,0.003191821676909086,0.006848777890905632
1632,0.0030586597702899595,0.006726852844685596
1633,0.0024021855474067283,0.007852183157700346
1634,0.0028565834341727214,0.0040679353299750655
1635,0.0023260266024955423,0.009823780450584938
1636,0.003319062055800472,-0.001313536662874576
1637,0.003540207275737194,0.008324337049438756
1638,0.002598619171883598,0.014206904473862962
1639,0.00306835824164526,0.001856918294063559
1640,0.0035551823679359222,0.0030134489100534334
1641,0.0032889848116427344,0.009600794545610636
1642,0.0027767913233381135,0.010522538464582962
1643,0.0034521965970602973,0.006922091373600236
1644,0.0025872452814235812,0.001856183796656593
1645,0.002915705133012164,0.006581538039499314
1646,0.0028709872206518832,0.013611595805689977
1647,0.0033528593630439835,0.003147232797377175
1648,0.0027698088854442387,0.008058800291045503
1649,0.0035737909623082586,0.004614407239339555
1650,0.0030057777897294987,0.009563376144081565
1651,0.002825251985051516,0.005281010348455163
1652,0.002835321869407446,0.007174899673324404
1653,0.002607775366355658,0.014780476858217274
1654,0.0032409275759162147,0.0035858826785101403
1655,0.0026476843192608933,0.004141504567904455
1656,0.0030358141508360853,0.008504484663182328
1657,0.0028175777823015663,0.00935291070165916
1658,0.0027825833865061907,0.006746223983937908
1659,0.003391120609723965,0.004617639226768877
1660,0.001454955761803641,5.871336229789133e-4
1661,0.003166243593650209,0.009606161844978518
1662,0.00361902865885186,0.004586937339613975
1663,0.0031917946996148517,0.004766776302784478
1664,0.002297096353318143,0.00670089484284219
1665,0.0026096247816732067,0.011153427001217442
1666,0.0036600763594966945,0.007068587947782405
1667,0.0036392498559361737,0.006418611471573762
1668,0.001986247732263154,0.0116690061398733
1669,0.003250498548321361,-0.0024546722285795092
1670,0.0028400830142112864,0.0037902544462154403
1671,0.003433024921213992,0.007081043362614372
1672,0.00303863091390105,0.010634461537957393
1673,0.0035648263969896743,0.01298960106059823
1674,0.003122536589712661,0.00804258895164663
1675,0.0029832921504789585,0.012141074595715269
1676,0.002390856278737951,0.002085433748632964
1677,0.0031438446794188673,0.0016963126426832046
1678,0.004023595571951771,0.009009363930707281
1679,0.002825847106048087,0.011116055682542245
1680,0.002967774422629341,0.007827239297673403
1681,0.0026437368692523926,0.01063081778581411
1682,0.0026146182781553785,-0.0018593688115553465
1683,0.002517415840636128,0.010589418809543174
1684,0.0032235058948192675,0.004147092564623129
1685,0.0029839169624581675,-0.003487667257828438
1686,0.0022738281890378326,0.00534466493486554
1687,0.0032899740919606307,-0.005103773392029196
1688,0.003397917654629578,0.009566776161082051
1689,0.003101413962541161,-0.003952765265460201
1690,0.002925105380998106,0.010586496819051274
1691,0.0032846326789745892,0.00844442941034413
1692,0.0030692038452753657,0.009420124694778022
1693,0.003522048202902959,0.00856679492225534
1694,0.0034025529842955688,0.0011171393049390584
1695,0.003271667820011036,-0.006725714063460533
1696,0.00267532008884543,0.017489393941251093
1697,0.0038860753762538485,1.3530428745050713e-4
1698,0.00336845096753169,-0.004346219347352815
1699,0.002554630885442135,8.306003830128809e-4
1700,0.0032183993865668743,0.0032406265966790455
1701,0.0028600687321078933,0.007034945754432173
1702,0.0020445051469480725,0.00732763700454906
1703,0.0037638062787514037,0.0034453593674281984
1704,0.0029865068056113037,0.005323386720522448
1705,0.0022168187465383643,0.0038769845829144498
1706,0.0027115675409568316,0.006375369133218149
1707,0.002511494702789809,0.009381706300553159
1708,0.0023245282648243423,0.012647203226235793
1709,0.0037156860593514,6.991325777405601e-4
1710,0.002948360888986641,0.010791973138697251
1711,0.002674585130148128,0.009109646959914916
1712,0.0021834323364321962,0.012040043906146132
1713,0.002979389528127976,0.0019941598178816796
1714,0.0014203324788940423,0.006138240228505929
1715,0.0037294997697875656,0.012409663709245155
1716,0.0019421484018545881,0.008314675812657577
1717,0.002697472858824979,0.0024643279067806598
1718,0.002555002012322988,0.004139420344309142
1719,0.003177099059991609,0.006498660502080532
1720,0.0031236845127311738,0.00618270221392948
1721,0.00303383757682698,0.007048721235591576
1722,0.0020348957983041434,-0.002150542698287331
1723,0.0021629287205063947,0.0012488668665379607
1724,0.003179160150290993,0.004262129402895695
1725,0.0017366286527579378,0.016509025996716727
1726,0.0030756914338327373,0.006749865177055797
1727,0.00330181826544051,0.002192532026766114
1728,0.003590441841190166,-0.0015525295352992264
1729,0.0026941028080803603,0.007479187373633471
1730,0.0034480268913520203,7.761462250665558e-4
1731,0.002381712366855178,0.009179930357889039
1732,0.0033226541988460915,0.015961242334561657
1733,0.0017633319576704923,0.006162840972204056
1734,0.0029799216444591197,0.010198552448689908
1735,0.0035431566722022106,0.003911819784922624
1736,0.004204810782490004,0.001977594743285247
1737,0.0022770229329312163,0.009275073753880939
1738,0.003413524544387733,0.006056817117547335
1739,0.0030449651021242346,0.0031744805764172285
1740,0.0029165438339628213,0.010207996723008452
1741,0.002649018535600842,0.0069774342145077365
1742,0.0034721920188591562,0.010328693722382369
1743,0.0028635478087983336,0.0019966992617180403
1744,0.003069471328595647,0.005936555370636316
1745,0.002885387684615225,-0.001973123601588061
1746,0.0031332352654720504,-3.485955109499223e-4
1747,0.002134403518810722,-0.002432068609557551
1748,0.003217566395204859,0.001445016874584027
1749,0.004242459091227701,0.006158315856479456
1750,0.003032841334232249,-0.003202640376308238
1751,0.002930144821069411,0.004145804034669628
1752,0.0032061307432227778,0.005546262571806896
1753,0.0035249722539493203,0.004093904644396768
1754,0.0031794257942308266,0.007677024051851826
1755,0.0026375648536721623,0.007677145193412848
1756,0.002953218091641839,0.006500900804397451
1757,0.0031181207944745736,0.0031874824734347525
1758,0.0025934058374323552,0.011729309909065186
1759,0.0031562213162113356,0.01063179770947905
1760,0.003364836118817137,0.011035492330248538
1761,0.0023656817526971218,0.0022547315106604925
1762,0.0033934921330296837,0.007812256318738133
1763,0.0032357894674194536,0.0019352148886449937
1764,0.0027983754282161046,0.007670035475546445
1765,0.002854514776098964,0.014568864631346132
1766,0.0023436633534444254,0.004831700553087441
1767,0.0031272540451543753,0.011581702855100262
1768,0.002539876152396089,0.00690359170805044
1769,0.002719790029294381,0.0077298198781870255
1770,0.0025149347202643823,0.007653623076633382
1771,0.0026201492272931995,0.0038516849495062793
1772,0.0021459978300757015,0.004933465677030265
1773,0.0033874599805775044,0.005411880933954452
1774,0.0034129489779376266,0.006208216260140406
1775,0.0028409601714266897,0.006552132916667458
1776,0.0031184366492133216,-0.003242437074110117
1777,0.0030512390434584836,0.0016198449005413937
1778,0.002429122758755748,-0.0026988955778298675
1779,0.002630311994854938,0.009036447945428468
1780,0.002993626286793805,-0.002076169926412231
1781,0.0030757034235603417,0.0091920559945535725
1782,0.002201659119913885,-0.0021895989650283897
1783,0.003018703808318359,0.0014851853961492445
1784,0.002840487267115058,0.008189961185812934
1785,0.003327984779709722,-1.501471693565494e-4
1786,0.003329181838481084,-0.001808383854403383
1787,0.001856121075407427,0.0069702678217941575
1788,0.0016563769037356258,0.010316023972484366
1789,0.0027476203828730988,0.005853959122710297
1790,0.0030655691526018866,0.007749093726141545
1791,0.0022587271805852844,0.012049023613912602
1792,0.0036105851999530107,0.005038776437779212
1793,0.0028241312750833325,0.00242594799428793
1794,0.00281368099853733,0.007368666704395607
1795,0.0033709879778052454,0.0044651274321000165
1796,0.0028641018891642565,0.007907126712666702
1797,0.0026308311885824757,0.004103919382470065
1798,0.0024111872469668597,0.010389765704636752
1799,0.0018260012517825976,0.006712805245518916
1800,0.0019993799543203262,0.011730724379389133
1801,0.0027706586453323852,0.004126671073173069
1802,0.003049546141298925,0.0058039018341558574
1803,0.0025365911333410473,-0.0022495421757550284
1804,0.002710033799577112,0.003793424879522031
1805,0.0022267428959359932,0.012012589415019044
1806,0.002569401066204672,0.003782429348145695
1807,0.0029067738266378455,0.002350803383221433
1808,0.0029972393094213267,0.010860998552068051
1809,0.0026221875173489616,0.009803253899346812
1810,0.0029860423515738993,0.009822135932852478
1811,0.0017172047737896254,0.008364283989763464
1812,0.003475825210452274,0.0040839492708171984
1813,0.002682811008555955,0.004683059941404797
1814,0.0027314560307840157,0.008137306384431518
1815,0.0031724865884493786,0.011598616876312112
1816,0.0025044193953827915,0.005398288519616264
1817,0.002266850300317485,0.010687379783764026
1818,0.0037166150573052425,-0.005329776904149716
1819,0.0030003998123867,0.009244239982723357
1820,0.002721272534317688,0.009090230275259679
1821,0.003628532608381996,0.004789193892159418
1822,0.002559186591199592,0.00195511798370036
1823,0.002650425659861175,0.01330140558862324
1824,0.0031099493338798295,0.002787977262701146
1825,0.00293078883238063,0.0021678839765016753
1826,0.0026217440139872476,8.404232016254957e-5
1827,0.0022176575451037265,0.007667200586347605
1828,0.003170314949855004,0.01101585733186926
1829,0.0028112290033876644,0.0061309348711865285
1830,0.001962326572564293,0.008996830384908481
1831,0.002897206026137311,0.006652115570303566
1832,0.0033493105324541124,0.0073863776416015405
1833,0.0028052216559286977,0.010153142514779025
1834,0.003135677922775451,0.006719588197721311
1835,0.0023450675381204394,0.010552402564314618
1836,0.003079411179700148,0.008050328692844945
1837,0.003746241762469296,0.0021176271150698594
1838,0.0029850112928849057,0.0015613922304145694
1839,0.0034681118345382045,0.009973018021998882
1840,0.002087756337295817,0.015368846984059402
1841,0.0035085017475250417,8.667213392256744e-4
1842,0.0030963708029700244,0.0048479363417960365
1843,0.002423053334731294,0.008451006084910794
1844,0.0027973344266855986,0.011525894550963828
1845,0.0031205103377830263,0.00369478286867817
1846,0.003367992015298314,0.00654626703108746
1847,0.0030920984667839203,0.004916522807939084
1848,0.002568364854805031,0.005260538107580886
1849,0.002863093590809649,-0.001185339677513911
1850,0.003359610260866564,0.005914995560847209
1851,0.0026893875513554445,0.0076210428100633824
1852,0.003328291161659975,0.0054015709195306665
1853,0.0025721080733188432,0.0040811139757005385
1854,0.002306570567247351,0.008158273380102766
1855,0.0028264235279982647,0.005987015556299998
1856,0.003526423537649081,0.005615701689287545
1857,0.0025098050428759276,0.008918117434563095
1858,0.002960989202779129,0.0022310359574685378
1859,0.0031153566891610673,-7.310098262130879e-4
1860,0.003187836725187452,0.00758425675405683
1861,0.003379361957297281,0.0069366760977509715
1862,0.002406486304712587,0.006832968683916089
1863,0.0024485113903150706,0.005950926094502825
1864,0.0029776853628653756,0.0011958260903577817
1865,0.0017897980044921033,0.016354395883025064
1866,0.0032854498077114964,0.012771646575023391
1867,0.0028106622327485095,0.004904654759218785
1868,0.0034589692142190194,0.0031967465183033636
1869,0.002499904678712031,-0.0017523390880237223
1870,0.0031392255418054293,0.004161042312687153
1871,0.0033552773763632373,0.002516130813546543
1872,0.002724262098063042,0.008202675223575897
1873,0.002677921532143114,0.011219509556790543
1874,0.002008657819245196,0.002933921289211428
1875,0.0030738382258386904,0.004372790118193678
1876,0.003223746918648794,0.00749931893159578
1877,0.002546771272601824,0.0076780610896683265
1878,0.0029609707764832773,0.004595374638800337
1879,0.0029900735419365926,0.007098975980485005
1880,0.0027852314684932078,0.015255008500370397
1881,0.0036057089815688045,0.0068381203112698
1882,0.003273014360081397,0.00929120880976245
1883,0.002411948894801759,0.009691313274727094
1884,0.002738174189771496,0.011531185887679492
1885,0.0017618490653195412,0.00312681636196952
1886,0.0026751662117172983,0.0014737810915412663
1887,0.002890130802996294,0.006210355823480565
1888,0.0032732044952267277,0.0058147886843182995
1889,0.0031561655006892547,0.0016773230961810593
1890,0.0033712991264787514,0.014380815469956426
1891,0.0029683970240208983,0.005704391007261742
1892,0.0022918224823502207,0.01875741973543038
1893,0.0027894306623814165,0.006590788867854377
1894,0.0032627137866687366,0.0077642234028028395
1895,0.0029851696982899152,0.0014285592238509285
1896,0.002960005688783708,0.007948428393717812
1897,0.0025073101481316745,0.006699024632451382
1898,0.0034583556509262137,0.008749303701279746
1899,0.0028091044459242643,4.6639705724173686e-4
1900,0.0032374268011808073,0.0063685077859449175
1901,0.002906537535450585,0.0068090087294378696
1902,0.0025962628389650778,0.0018883277928293382
1903,0.002770232423673425,-0.001027899427771024
1904,0.0032091787076082975,0.007473821039387376
1905,0.002927127915324145,0.009079325386477464
1906,0.002868449173874928,0.005292215806520415
1907,0.002689156018778805,0.010327043065741812
1908,0.002686426022269087,0.0021458311102160008
1909,0.003485743043290017,-0.002120290270168583
1910,0.002949109895677584,0.014098074565303147
1911,0.0025497521805315174,0.012604349153568832
1912,0.0030097107326663938,0.008231133917857323
1913,0.002146523528700951,-5.132936554024595e-4
1914,0.003476377571365034,0.006261887016169093
1915,0.0013700798521415567,0.0026021262332863717
1916,0.003037232988554925,0.008698951377981151
1917,0.0027463308132897745,0.008824104626388036
1918,0.003359368480011106,0.007448686346947997
1919,0.002631806542548928,0.005965641475908718
1920,0.003283530682656305,0.00816270095195018
1921,0.003252929158466843,0.008521790817420364
1922,0.00256899517509815,0.006566827213332159
1923,0.00253760149957065,-0.0024820287185272263
1924,0.0037399084335313997,-0.007834911175718603
1925,0.0024444953067091265,0.005969131676835765
1926,0.0040804763079710475,0.0054955460454102845
1927,0.00198588881326469,0.0068777247818714166
1928,0.0034926299514733325,0.008432781664511653
1929,0.0037632220736585043,-0.002121286146621893
1930,0.002261747944880766,0.005858114290521182
1931,0.002737743375530481,0.010636435967115457
1932,0.0029358344140067824,0.0066300328372206055
1933,0.0026625440040287996,0.0075156100875291105
1934,0.0020976448754639826,0.00705099445630758
1935,0.0040034331113066824,0.0158211881837737
1936,0.0019329227371002171,0.003931759438533567
1937,0.0026553730335494193,0.001443013499089641
1938,0.002368927427073919,0.01955181480214898
1939,0.003730048233530897,9.1745844737425e-4
1940,0.0026422055708191657,0.005461009411330426
1941,0.002291827548938456,0.009806812926377396
1942,0.00379064320985464,0.00501448492807853
1943,0.0033251067022613836,-0.0011889453845381095
1944,0.002831183152730382,0.008697134658462528
1945,0.00308570191607783,0.009837170460612193
1946,9.068533382547261e-4,0.0044675440589434946
1947,0.002528117879231485,-0.0016524896899986156
1948,0.004068723077556905,0.010992474959639302
1949,0.00315481292593744,0.011355923927443404
1950,0.0035382887264725545,0.011980712475847047
1951,0.002232831395212033,0.008656509880874528
1952,0.002289641020091538,0.002878656729340138
1953,0.0034308694762947073,0.0014961242044350415
1954,0.0032088695319202063,0.005729333157737349
1955,0.0027771310435692376,0.008106358462015097
1956,0.004429509527211893,0.00271248770556362
1957,0.003136466752120358,0.006771612644048623
1958,0.0034241618195098335,0.0090533687458597
1959,0.0026206505351823767,2.726224611044707e-4
1960,0.0037719177420350728,0.007071956343272872
1961,0.004027137408004493,6.497106082199996e-4
1962,0.0022007807541954134,0.010379056909595974
1963,0.00323902416709762,0.0070285952926257955
1964,0.002400013223060718,0.003060945453893485
1965,0.0032216504968923393,0.009608495248975396
1966,0.002486340426026785,0.0068867409844800605
1967,0.002508830661793033,0.009297426057841368
1968,0.002089816210805233,0.006343868675523267
1969,0.0028874624934561483,8.338640563391037e-4
1970,0.00268141152242453,-0.0036764863361818576
1971,0.0014707788973654708,0.012588184113734788
1972,0.00392140501053249,0.005018352643652874
1973,0.0025326503828172874,0.010478840787489112
1974,0.00293345128175664,0.006692286319777239
1975,0.003594537575183068,0.014159631763673533
1976,0.002787402483673339,0.007302264549331514
1977,0.002722297522506389,-0.003758382989858689
1978,0.002503309300238096,0.007077878456275157
1979,0.002883193151634355,0.012538311610655807
1980,0.00334442673971501,-4.15169760761119e-4
1981,0.0029799370610004315,-2.240636681457393e-4
1982,0.0033377743427088617,0.007571250502692485
1983,0.0028749684521571,-8.496817989053795e-4
1984,0.004035801089127383,0.0036099052811305677
1985,0.002837546527773747,0.009222509063793623
1986,0.0033699873044955343,0.010317408188774286
1987,0.003536658217113518,-0.001256525861466292
1988,0.003054051914978401,0.0054733698317391295
1989,0.0035126539101008295,0.007846347735154522
1990,0.0028140032081858395,0.006882228624613924
1991,0.0034327196445945187,0.006910052012586317
1992,0.003409059673668746,0.005849137389266243
1993,0.0032952355664169885,0.008112958201582917
1994,0.0030941473137508168,0.003806905721762623
1995,0.0035425083249645234,0.007908162955063169
1996,0.003108415581270017,-4.929020299223475e-4
1997,0.0024958573912871535,0.006202384032977312
1998,0.0021080576496991933,0.0033265663805038294
1999,0.003384525136208095,0.0014152826079354983
2000,0.003612170346837244,0.0044507747125479055
2001,0.0020716745616897693,0.010456641561469535
2002,0.001876287453197969,0.011176152853746454
2003,0.001991162117871281,0.010041894591894161
2004,0.0028381553245597217,0.003444350418789134
2005,0.00330724920019361,0.0075529924163867035
2006,0.0032231471244723157,0.006222255924734384
2007,0.0021830878119344526,0.014969289073134792
2008,0.003309371267940161,0.0026291498862863107
2009,0.0030733989152471296,0.003265786221688659
2010,0.0033742952176933167,0.008453533307964698
2011,0.0033501848508872244,0.01763798039984867
2012,0.002665896611074432,0.010084841953282572
2013,0.0030595791407844143,0.006007671497123742
2014,0.0033334523623226374,0.0083875858692016355
2015,0.003235442226630884,0.01239397208827743
2016,0.0017943694254173076,0.010630298814343546
2017,0.002124961397760835,0.008254150178504055
2018,0.0031219748257404092,0.006872998996046396
2019,0.0026825946536372016,0.010850038639397278
2020,0.002384702150181085,0.005728223712216398
2021,0.003575587096511193,0.008547688578578742
2022,0.003396165776220697,0.009017154026196194
2023,0.002590351407247251,0.008955624671897965
2024,0.0027498786912453187,0.009721326316806615
2025,0.0028267057160754083,0.011269070865066453
2026,0.003174905416812322,0.01080955622159891
2027,0.0034833724971564312,-0.001621333235774209
2028,0.002954400822484321,0.013202905994195081
2029,0.0030037804021995356,0.009198210253751208
2030,0.0026018884666615524,0.004294364615723035
2031,0.0023925436455950054,0.0066148190578289275
2032,0.0025556679107925475,0.012592362219236318
2033,0.00359106664381603,0.006337797829549694
2034,0.002527159533257428,-0.0018130953775642167
2035,0.003010087299244843,0.004886646608876378
2036,0.0033809000357962566,9.061608897447814e-4
2037,0.002544320070933622,0.008745788599515393
2038,0.0030581463560403117,0.0028892846871910703
2039,0.002858770237272912,0.009112296297404206
2040,0.0022757356225204355,3.7121389057422863e-4
2041,0.0029241406489300846,0.004744253719178772
2042,0.002829620136002785,0.013850816086935698
2043,0.003227957264195549,0.007912310129714037
2044,0.0028797611473409877,0.008887478590742449
2045,0.0022584929097128207,0.0032920622481986198
2046,0.002456971462775792,0.003260570517907355
2047,0.002343015097665284,-0.002003973746326794
2048,0.0032878618088535553,-0.0032849321663728807
2049,0.0030212654432735632,0.0011123037082257344
2050,0.0016376038203260229,0.013264485803233472
2051,0.0022042863445430527,0.00988621819677465
2052,0.002835096556074995,0.00647938682772146
2053,0.0024147449977427885,0.010466528800965836
2054,0.0029434262046475696,0.0011729054120195133
2055,0.003093109239182669,0.0037269585016449693
2056,0.0027112730658372035,0.003787635481878444
2057,0.0024272413377726927,0.012684278194363298
2058,0.00256683845457358,0.007166064562147759
2059,0.0027035479977361573,0.010753000784171369
2060,0.002646941553718699,0.008131738268484071
2061,0.003692283075083763,0.009019642498410961
2062,0.003517399524481813,-0.0015127563966515515
2063,0.0025918018823449258,0.007679350834172499
2064,0.003657582215680074,0.013318869184583935
2065,0.0027083831273482404,0.00811981335263168
2066,0.0029111762043094844,0.005969914635551129
2067,0.002841971221406917,0.006157320035397608
2068,0.0030254685215685487,-4.38009946020172e-4
2069,0.0017637297824618658,0.0045570234496917165
2070,0.0030106547451893974,0.0024680263882853873
2071,0.003762574082019952,0.004438674074060249
2072,0.0030186213546455807,0.009481709569095838
2073,0.0027343209919135376,0.014604748704681748
2074,0.0030655953775337585,0.005416418816669674
2075,0.0037930962058814487,0.00603615237151333
2076,0.003658268662791222,0.005027624501381434
2077,0.0032839903163254434,0.004899021331497809
2078,0.0037886301477769273,0.0018861603617466678
2079,0.003488434260568596,0.005110580572739427
2080,0.0035046878977975674,0.007862621083599057
2081,0.0033417737365890633,0.0015787537122477257
2082,0.003230868906326364,9.968065811755324e-4
2083,0.0025766135684043736,0.009469329556132002
2084,0.0028572565766819048,0.014213371915126533
2085,0.003331574404127238,0.002061095538722893
2086,0.0027258374656511613,0.012925190592448581
2087,0.0036178920829960668,0.00896607957229252
2088,0.00264978211617804,0.004062114733389254
2089,0.0032903548815575176,0.009599589180192422
2090,0.0027825571190302333,0.004963091839672207
2091,0.0032121283168340393,0.009261313492331603
2092,0.0025711999190760498,0.0022998189141343137
2093,0.0025727152516644473,0.004590705267458523
2094,0.002791571756965273,0.003229369437565741
2095,0.0038051927223514284,0.002437900961209824
2096,0.0033237134948787073,0.009931800840651882
2097,0.0021906846604293558,0.007226511830143839
2098,0.0029258358565596313,0.008340370682824531
2099,0.0032048706465150475,0.0014358970002394346
2100,0.002898245701836237,0.003087911364888816
2101,0.0025665506705496847,0.012235109507801918
2102,0.0024491038973744527,0.006216408570977775
2103,0.0029295455574356167,0.011527174284671456
2104,0.0032280257563023877,0.004685405361410475
2105,0.002880693729777492,0.0066740922307632075
2106,0.002651240411148076,0.00816342372980887
2107,0.0023437502742274584,0.0016918267799632247
2108,0.0029069114312680507,0.006215067449331543
2109,0.003748022039650479,0.010621276880968285
2110,0.002765820787982051,0.008251476911758572
2111,0.0030610790060435662,-0.008241605814644396
2112,0.0021429312632513624,0.008107095269578288
2113,0.0020671455403634678,-4.61413352053899e-5
2114,0.0029894411139580984,0.004989145119967628
2115,0.0034385496121099967,0.0024028624956325337
2116,0.0028617136921973664,-0.002419535410348411
2117,0.003262251936950775,0.01124864112357883
2118,0.0029344982935909977,0.008411141756593231
2119,0.0023079848233852345,0.015934981334732305
2120,0.0028933149933315448,0.010746485909482963
2121,0.0026769170246730705,0.017314502640819178
2122,0.002784399618585282,0.008286765943502254
2123,0.002106787172040399,0.003459960161320984
2124,0.003663371877065956,0.001220146007410462
2125,0.003013957959716414,0.011077629536085608
2126,0.002584864679661886,0.006199107692357091
2127,0.003396740379290526,0.0041148552181102605
2128,0.0025257519994292084,-3.6561724740035405e-4
2129,0.003861173671859742,-5.139530563845773e-4
2130,0.0022085386354822175,0.00718790327310878
2131,0.0036421309227514576,0.005173497583923251
2132,0.002844812613305795,0.0066095797771890084
2133,0.0026973504901708985,0.004906281480270163
2134,0.002971637331332166,0.015441184032180352
2135,0.003146502712976882,0.010280213691562665
2136,0.0030244440305646244,8.16577047456326e-4
2137,0.002761300824567302,0.011390538713801843
2138,0.003465782099899634,0.0061875116810114796
2139,0.003731559193850757,0.0017142033128414273
2140,0.002038263291467712,0.011902648929624915
2141,0.0027831962341539735,0.006308396982247933
2142,0.0028130116101141964,0.012557402016026646
2143,0.0032495775507034555,0.013512742899823509
2144,0.002049689382118797,0.013267379071546558
2145,0.0021981798909858304,0.009841494530390717
2146,0.002620473515613892,0.003187801856602582
2147,0.0032673362046739475,0.0026514601955403222
2148,0.002811548164641521,0.013663936520119022
2149,0.0036190636245132767,0.006695034644185559
2150,0.002222297100565184,-1.9123154239099587e-4
2151,0.0033184676008808658,0.009802148708086812
2152,0.0026471942142674517,0.013672193963590424
2153,0.002467416158113106,0.009354008186850699
2154,0.0023559359535426675,0.011479994851721836
2155,0.0030370123188326395,0.0027637292867700477
2156,0.001875355308222992,0.01039142000391308
2157,0.00299732176680137,0.00957205347912286
2158,0.0028062417503672437,0.006228662890844141
2159,0.002958730332754198,0.006979861300559545
2160,0.0026831550757679197,0.006900136703628905
2161,0.002320750983496625,0.010546590301061129
2162,0.003737467366324415,0.0037753820962682797
2163,0.0033187914704387173,0.0069257016040299825
2164,0.001962093389490575,0.003920058580060601
2165,0.0016809991204286062,-0.001560747244135397
2166,0.002898890416934651,0.0091676366003161
2167,0.00329850516885919,0.005054773001612911
2168,0.0024232094254159134,0.007225937253077621
2169,0.003287188831674933,0.00995576184813995
2170,0.002799490576553419,0.0015100565776998863
2171,0.002720265824597606,0.01181177743915872
2172,0.0031388925857448245,0.013845211789923675
2173,0.0018997990166902635,0.005729129010764155
2174,0.0022691177771444336,0.012773305930645415
2175,0.0036443959056819994,0.006175249468981993
2176,0.001978647498137371,0.0022369490499309173
2177,0.0022613046894259707,0.011564244127347032
2178,0.0037889186644083027,0.004919296658027448
2179,0.0037558535017764303,0.008741791182830215
2180,0.0025695317476564566,0.00830378861323474
2181,0.003734662321986704,-4.256973536565837e-4
2182,0.0033447874172974224,0.002409518599816464
2183,0.0022395160246323213,0.004096342822441451
2184,0.003456857622122899,0.00304780374844635
2185,0.0022433487648029697,0.012118161929262752
2186,0.002965906968430617,0.006711769318517709
2187,0.003915800830140656,0.008600339260183708
2188,0.0030857871625595843,0.004846082029924089
2189,0.0038660756025120716,-9.960264814883038e-4
2190,0.0030693137205428612,3.10363299383885e-4
2191,0.0027070948263086393,0.010889491204161005
2192,0.003299971478596886,0.0057088546963869075
2193,0.003060726269637251,0.004105263809462131
2194,0.002607048131690043,0.008233314496443054
2195,0.002072436727302676,0.006904356416223883
2196,0.00339906157299477,-0.0018536386472086867
2197,0.003248049903614858,0.004441369411198245
2198,0.0032146447547383634,0.00729961255685177
2199,0.003374188680359306,0.002894990211864108
2200,0.0036761377775953396,0.00751791764584131
2201,0.0026883920969234462,0.0019725851076535196
2202,0.0031491384374727795,0.008941938035033743
2203,0.0030134401856775385,0.012097198829009198
2204,0.0033322493388557436,0.005243846587698834
2205,0.001933961895638239,0.010998567138461942
2206,0.0018844304745338583,0.0015987580245551494
2207,0.003109757943545661,0.006082032937556894
2208,0.003251231386463611,0.009389974480407223
2209,0.0040523395494809124,0.009143037156768626
2210,0.004159049227384884,0.00501766659050288
2211,0.0032230791497056734,7.585108017526022e-4
2212,0.0024901627887315386,7.849472040087901e-4
2213,0.0026657662509716683,0.010125540034832568
2214,0.0032489132054059466,0.006382668207177361
2215,0.0033317445397886554,0.00461298697760413
2216,0.002234794669239093,0.011633832756618754
2217,0.0021298246456785087,0.0124345932509429
2218,0.0028192285116272,0.009383545560504756
2219,0.0030944975598916798,0.004527750544414992
2220,0.002857505899711834,0.010467932596684023
2221,0.0031572886878340105,0.00711409946089428
2222,0.0027579619111473574,0.001893103555057108
2223,0.003146567195698814,0.009260781138004635
2224,0.002379775167648618,0.008626980340421838
2225,0.0031865675677655594,0.011101317887729275
2226,0.0030592449289688194,0.004308778689334342
2227,0.0028012663958182004,0.0028907191964843044
2228,0.0021291487232971244,0.014410626265306937
2229,0.002909950154977878,-0.006641755507800816
2230,0.0032157550344634168,0.006613115545505109
2231,0.002759788073567141,0.007844628546368866
2232,0.0030036432296438377,0.008877197139453872
2233,0.0017830291510871903,0.01588360125031424
2234,0.0023111885564189713,-0.0022091892613890305
2235,0.003152353501606871,3.45882304121449e-4
2236,0.003530872104327519,0.014107084342597534
2237,0.002838457044948272,0.004155778827843711
2238,0.0032110253279728647,0.009021685601051918
2239,0.0018658990706474747,0.00968679651244754
2240,0.0014698393030317131,0.014409941514010916
2241,0.0028600531330505333,0.0038614534702580815
2242,0.0030116657533976006,0.006505414513503727
2243,0.0028998247784888633,0.011223063588102083
2244,0.002467714641655668,0.005535839000671182
2245,0.002522661170590073,-0.003305353514184468
2246,0.0030481500916077747,0.003885456013488731
2247,0.0023994470991217055,0.010333014924724753
2248,0.0026626153655697287,0.012342934744322787
2249,0.0033203743923670564,0.0055147786440626605
2250,0.003060960281255353,0.004463567493641869
2251,0.0023934117446241486,0.0064765199472227785
2252,0.0028809536670871575,7.030742649999787e-4
2253,0.002414422250717557,0.0010583942171411651
2254,0.00271489546927626,0.009654490413203863
2255,0.0020503801371614338,0.004585956698079392
2256,0.0025060406254905614,2.460440555614122e-4
2257,0.0024920709497425137,-0.0014553122134822846
2258,0.0029439954369801192,0.006312237405568289
2259,0.002486219378429303,0.0044786716658318975
2260,0.0033339193831685133,0.002787129341682183
2261,0.00323322212805096,0.002138604121065323
2262,0.002852386702198264,0.0058348127763009055
2263,0.0033040815337580546,0.010465115303667078
2264,0.0022205537093158145,0.0057809431985629735
2265,0.0032709336762399756,0.0037462369665887067
2266,0.002230339923711665,0.001478730147059324
2267,0.003313595472742202,0.013574418645167508
2268,0.003221097496388301,0.0017109125634549014
2269,0.0024798985373045185,1.2647918878980029e-5
2270,0.0027854507164582192,-0.002770211350693411
2271,0.003537075945726676,0.007699990128918036
2272,0.0031018983859675744,0.006835772270724958
2273,0.0028812227597990506,0.007307217301538507
2274,0.002746034372081525,0.0077782051551119474
2275,0.0027013998547278754,-0.0031172384120389434
2276,0.003430379405344446,0.007151165353191989
2277,0.003676617423659346,0.004313564779679504
2278,0.0029206452027444314,0.009894064665797722
2279,0.0039925030581108,0.007881849516510147
2280,0.0021484414145970525,0.008808969844394112
2281,0.003822326831067878,0.0068979167704615
2282,0.003096235046839967,0.005268296363101027
2283,0.0023112195457912826,0.0010870455140043595
2284,0.003445162593389592,0.006985390231998114
2285,0.0024810657046424453,0.001235663342280719
2286,0.003341941798122975,0.00488143806242161
2287,0.0028197118082822926,0.005010470413814038
2288,0.0026605397561788374,0.0010234196992690717
2289,0.0030215915356260332,0.00354853143769912
2290,0.002643328769658517,0.0037437467359262046
2291,0.00254943203652187,0.002580159306915176
2292,0.002930130486823457,0.001883183927285986
2293,0.0019473498556494258,-0.003875491246477882
2294,0.00334502568161111,0.010841988746382682
2295,0.0032816743612172202,0.008673319253746516
2296,0.002853156730563418,0.005416262084364551
2297,0.0038580642352744427,0.0044306437953289
2298,0.002710153503135722,0.013998749947942138
2299,0.0018314983653424585,0.015771021224625335
2300,0.00354624173672125,0.004828041900111326
2301,0.003340797964994085,0.0036111173082033327
2302,0.002429357442984035,0.006185439060734147
2303,0.0032363198769009777,0.006555679618360841
2304,0.002690027408702168,0.004653414096943868
2305,0.002361918804745043,0.006822521295627912
2306,0.002925646491835446,0.007895391017127468
2307,0.0017406691791096427,0.0064767613677354455
2308,0.0031200470868237838,0.009766718281966217
2309,0.0033858239331515222,0.008848234624868709
2310,0.002313483240842254,0.004400831719171657
2311,0.0036763160269130705,0.0064341884319488165
2312,0.0030605082712690706,0.0036402104803023097
2313,0.0024340697484743134,0.0035645485251225126
2314,0.0037930627401514924,0.004369646690154995
2315,0.002594651935907304,0.012413658264082184
2316,0.002057892026370134,0.003470268580025395
2317,0.0031526857596863938,-8.741499715904637e-5
2318,0.0031608858403884797,0.003074728165531216
2319,0.0035289348064273425,0.0010245032149684202
2320,0.0029111413815500376,0.011955548739246119
2321,0.003037832534836419,0.00656305449197438
2322,0.0026059061648202185,0.0069226611575101335
2323,0.0033933933655840853,0.002597428589641152
2324,0.0022233405406984594,-0.002405671239974385
2325,0.003090916614052788,0.008164484923353005
2326,0.00274485378492247,0.0073569107226154565
2327,0.004009685604005021,0.005660570372588148
2328,0.002708558923744371,0.01183491145362494
2329,0.0029988968285031307,0.007440865295221405
2330,0.002355249265888845,0.008652814919043494
2331,0.0034211631180689718,6.863701597341699e-4
2332,0.0023692937671655335,0.01083485322531777
2333,0.003356045956626564,0.005494583553418575
2334,0.0028596068540890232,0.003646880846152388
2335,0.0026191563043988417,0.0016921892971294514
2336,0.002407116344383832,0.004975772481034058
2337,0.0026910773414961847,0.0016248576374950025
2338,0.0028779374574139085,0.0023061823727229874
2339,0.0031787259723693446,0.007551133218650653
2340,0.002743258665792611,0.01178731083178696
2341,0.003055208636462541,0.006476808269472002
2342,0.0030145249155650654,-0.0026247738396500044
2343,0.0023883097829331635,0.010564218490048077
2344,0.002511853975957717,0.015042616297385554
2345,0.0035867967824557852,0.00962906950295326
2346,0.002676669900327249,0.012925604328800445
2347,0.0012147777054477174,0.008122124321479312
2348,0.0023590282796196876,0.011947325580951249
2349,0.0026072651750781483,0.002234558835518639
2350,0.003460018394968128,0.0012429893096762073
2351,0.0032928825888660783,-0.0019196954656844527
2352,0.003271024390404324,0.006373959187178189
2353,0.0038554518317951386,0.018421092478836557
2354,0.002968307510442052,0.0028538395845112037
2355,0.003273780662326638,0.007193903544105754
2356,0.0020529533189669324,0.00966700347093609
2357,0.002203824817157852,0.006972288725881895
2358,0.0029100854926863463,0.0123736687285123
2359,0.003022524538131483,-0.004378176189423629
2360,0.0030803826750013617,0.0076392739451680534
2361,0.0031948994886047705,0.007411711171231312
2362,0.0029564298334254823,0.006474078574807236
2363,0.002971982943727723,0.0031552884580909758
2364,0.00327253028481796,0.006395221874974791
2365,0.003659144200165019,0.013653123756974686
2366,0.002465038492472892,-0.007131581478757415
2367,0.0031444002758340547,0.006977212737314357
2368,0.002631362251040206,0.009940298311009557
2369,0.0032754375512766714,0.009350605462967376
2370,0.0037609964156877624,0.004906547433657794
2371,0.003255233663522356,-4.335216038842051e-4
2372,0.0026995390856090324,0.003317035938813325
2373,0.003091573965482269,0.005623716610684375
2374,0.002792131621931588,0.009481955903941488
2375,0.002703744205397758,0.006349607155131264
2376,0.002302347511248646,0.0039469039325005055
2377,0.0029709590594524412,0.009718939398352389
2378,0.002658572713790045,0.0032046353309335123
2379,0.0030387350061578233,3.708780779414743e-4
2380,0.0032739380457990877,0.007435435898035426
2381,0.002027892952058027,0.00787245744481256
2382,0.0030837082712509203,0.005617820060740806
2383,0.0013735827485797628,0.005716943414052341
2384,0.00302103863944313,0.0033143749676898104
2385,0.002639794697326182,9.265501192979447e-4
2386,0.0031642674720527304,0.009396052053444777
2387,0.0021977660006187714,0.007693333968080722
2388,0.0026557584692639717,0.007124165644276285
2389,0.002463202053393597,0.007097759744628866
2390,0.0019366557625013297,0.003774401543191905
2391,0.003440655451971939,0.005351747948282188
2392,0.0033860003166904773,0.008662294809610846
2393,0.0024289903894971934,0.006078650162038523
2394,0.003363243454515313,0.006475932340459922
2395,0.0040469678933770575,-5.034743838646834e-4
2396,0.0013589389470923564,0.007627206058102626
2397,0.0033140748065399826,0.012640681794956414
2398,0.0026444646794523165,0.0118160223780362
2399,0.003034672551797138,0.009353821642546169
2400,0.0031974677731017908,0.0045323947772906836
2401,0.0035458784662106045,0.005552200985780225
2402,0.0028569563473352733,0.009427228970847827
2403,0.0031669557250334915,0.0015166420331394993
2404,0.0031650061612653905,6.038268649564549e-4
2405,0.0024881454094645046,0.004491044382640023
2406,0.0025168339718974085,0.007962341319314881
2407,0.003797634563891999,0.010853688975575936
2408,0.0024920447538928263,0.012331796071951971
2409,0.0026428763072234135,0.003399457391497013
2410,0.0027055064509832407,0.00890200096554621
2411,0.002723112957984548,0.004199373367861956
2412,0.003208561239540844,-0.002376884764406577
2413,0.0036826277865907647,0.00216437383724401
2414,0.004159257187913727,0.006784630508726915
2415,0.0026336856553080016,5.86105369525024e-4
2416,0.003085869855139348,-6.819684171149457e-4
2417,0.003084877338506684,0.0031449368189516436
2418,0.001981152378505006,0.008632799870001075
2419,0.003675581794437065,-0.003139406810980679
2420,0.002264625765149151,0.006349102293439187
2421,0.0027595664888517626,-0.001182968753517517
2422,0.002020088834565608,0.008352340937495335
2423,0.0031096062535971307,0.007228497990163598
2424,0.002976891605616129,0.0061354437104708115
2425,0.003001883507742554,0.0052544942759356755
2426,0.0018687076150363123,0.012788595307016171
2427,0.00293372204072334,0.00278127384654258
2428,0.003092960286655835,0.0103000856609983
2429,0.0031669931682124725,0.0010005930984026473
2430,0.0024714836820245328,0.008131093494438295
2431,0.002338725692727417,0.008001987769569924
2432,0.003845547837868768,0.007559780872011144
2433,0.003258507835294075,0.006524448703690771
2434,0.0025543724110941466,0.015412565631675649
2435,0.00426655452811047,0.0038597962609720365
2436,0.002131491188022034,0.013643127057137132
2437,0.0029279970313759772,-0.0030345005288259915
2438,0.0034734989300284906,7.234201612438627e-4
2439,0.0027951484062544584,-6.656152253829385e-4
2440,0.0018507347287845467,0.007196459391930645
2441,0.0027360825518297546,-0.00186066992128387
2442,0.0029151128337856474,0.007651366344799825
2443,0.0029266421964128874,0.009481057982471251
2444,0.0027165596090052333,0.00652385581137128
2445,0.0034424547679354034,0.006456100160937551
2446,0.003264191211380615,0.0029388358302369372
2447,0.002641006016898796,0.0010485106005928444
2448,0.002998739520968377,0.0018055341253050252
2449,0.002804941316532599,0.0014493409284809288
2450,0.00213471930802158,0.012799281718348217
2451,0.002709558348601033,0.0088695818889169
2452,0.0028267134007089576,0.005499192564380775
2453,0.0033879977368104237,-2.949717437810825e-4
2454,0.0030818646662434095,-0.0024458147942256108
2455,0.0038648655519930796,0.010243095821418663
2456,0.003528560846447128,0.007449870581451341
2457,0.002734735665078537,0.010242024369786138
2458,0.002826221297660576,0.009865500090969247
2459,0.0024733636426679277,0.009890652023350573
2460,0.0028827018471535436,0.0057533838243760665
2461,0.0030311995934616475,0.0094303675173281
2462,0.0016932569107682126,0.005725984279267376
2463,0.00315201454541674,0.008941990992556551
2464,0.0036070661066888274,0.011275149519551636
2465,0.0032210583308786888,0.009616202512021372
2466,0.0028524078879586935,0.003219328219741579
2467,0.0025516536289429893,0.004651898379857175
2468,0.0031266013624435115,0.005725111004395948
2469,0.0030285440577954344,5.116843449846247e-4
2470,0.003539766880180576,0.012634248461808563
2471,0.003014981094263878,0.010051392133227055
2472,0.0036038200837017398,0.001733224563092016
2473,0.0030070711302089435,0.008517196538971995
2474,0.0018558325868678685,0.0048241275275370515
2475,0.0036275722922288335,0.012126050389703566
2476,0.0034671719558069815,0.010610295393248478
2477,0.003581986557397835,0.0017841689062634176
2478,0.002552433368691185,0.0014187502746922484
2479,0.0034056849866919074,0.01015622058784855
2480,0.002048376404232916,0.005735373561480373
2481,0.003491234234907649,0.008574279715256983
2482,0.003413422952918299,0.010313772420936323
2483,0.003168127568297148,0.011017832755044565
2484,0.0024034725025678123,0.009026543553466488
2485,0.003493949849835493,0.004889351785858129
2486,0.0030191394526009885,0.006619794615889536
2487,0.0027597840944489065,0.0052767788192072465
2488,0.003162225539397389,0.002544904076458751
2489,0.0018216522913475342,-7.2669608743774e-4
2490,0.002495984810161085,0.007696125079076633
2491,0.0028966589830089927,0.006804735361337113
2492,0.003188397983094616,0.004954486630498392
2493,0.002662663406104458,0.01438699047269565
2494,0.003816742309382868,0.005982356715487311
2495,0.0027470637875428006,0.013393742489221063
2496,0.002289062936796622,0.005935244146868254
2497,0.00243929028111619,0.008325515339697859
2498,0.003618968880343361,0.007556957529687786
2499,0.0029766578034723904,0.004657491718189516
2500,0.0028147523988877364,0.012176744435988351
2501,0.0034214053807519254,0.005288764703288734
2502,0.0023326678599441797,0.008438666180859356
2503,0.003248252278367188,0.007109020011284819
2504,0.002132039906979659,0.009726868209959372
2505,0.0029277585138081093,0.008312171522253204
2506,0.0034980984759253315,0.012694853022991446
2507,0.0024471730460426198,0.010019507818372075
2508,0.003578620255692403,0.0034629184666580435
2509,0.003018566033523274,0.011712306804049154
2510,0.002996783947378785,-0.0017191750419817808
2511,0.003319197283242611,0.0026223940133577378
2512,0.002931341421932491,0.003422079309869117
2513,0.002857514513947178,-0.0015803786008520664
2514,0.0029831454483638976,0.0021373825225592964
2515,0.002716802130762306,0.007460016959687164
2516,0.0037608293103872513,-0.002020052328343507
2517,0.0029834972187751316,0.004322729137925888
2518,0.0032031451808603776,0.010957948325303207
2519,0.0034318278264416535,0.00901578210688422
2520,0.0022653659648882206,0.0023546370613524606
2521,0.0032478331242623212,0.008001663054666257
2522,0.0025737712367458246,0.007524936040012385
2523,0.003483407868918781,0.007824158602493747
2524,0.002709618699473731,-0.0023261445292261287
2525,0.0032325880563007217,0.009255350401400247
2526,0.0027377487214405756,-1.449752789027094e-4
2527,0.0024820258270351024,0.005860457815991055
2528,0.0028306802874648136,0.0038104835389902135
2529,0.003005758789122624,0.004290545470665924
2530,0.003162467938122093,-0.005332606596786038
2531,0.003421485811661486,2.0628270474376022e-4
2532,0.0029922476251345617,0.012880740011011662
2533,0.002745985898171192,0.006621738898627305
2534,0.0027020955466980556,0.012429098318115525
2535,0.00276318916538021,0.011000551456394957
2536,0.0028806723124305714,0.009193214362327264
2537,0.003106866195092253,0.004482517831363541
2538,0.00258395301422228,0.003973241562736556
2539,0.0031592057889839645,0.0024528883412803532
2540,0.0021695167771942536,0.0020858932060827578
2541,0.0019622207995067535,0.0023319877957149585
2542,0.0028994739158612805,0.013750257178389246
2543,0.0029674697042056885,0.00850651921045226
2544,0.0028253794055860043,0.009829076280356038
2545,0.003885807037580635,0.002272312060833292
2546,0.0034132123373090224,0.008345654167847601
2547,0.002008057427409239,0.006133865845364997
2548,0.0023881519802618585,0.011876278357075548
2549,0.0017973795662166695,0.009558563690102679
2550,0.0025285240141314884,0.013372771818507411
2551,0.0034823761997326967,0.007952945142197175
2552,0.0026221308656009957,0.010248956962906236
2553,0.0038284872994567903,0.009108438580700113
2554,0.0032374660272882815,0.0045950603314219305
2555,0.0036851339217602893,0.01123887711060188
2556,0.002596407335151289,0.008096299773009442
2557,0.0037002026990935848,-3.736681552709318e-4
2558,0.0036091859888721265,0.005675305794666544
2559,0.0029422176300955903,0.013858399138959589
2560,0.0023263629303721797,-0.0035456850713228706
2561,0.0024391869835243586,0.0066340591364371735
2562,0.002784078597423207,0.00701379111649573
2563,0.0029347111210259883,0.0020142530660052986
2564,0.0024020774623084713,0.011660482388306463
2565,0.0036355371700484405,0.013253347240639465
2566,0.0030223277479354722,3.710314893554459e-5
2567,0.0027293270897371007,-7.913770800990296e-4
2568,0.0026526990238270754,0.00830808169089824
2569,0.0030314854635333345,0.009167819265844354
2570,0.0030124456333952914,0.013667270210473188
2571,0.0013821924646148314,0.0022068269695036456
2572,0.002376395936551129,0.004060572070385182
2573,0.0026112918567353376,0.0029475211826012295
2574,0.0036526362718581544,0.010339321144913536
2575,0.0036464630032153698,0.0021435169794869046
2576,0.0015130110770654242,0.009280615856139676
2577,0.00365227761990849,0.0037797604205428614
2578,0.0034996199288525875,0.0030750659174798318
2579,0.0027884675400082133,0.007174319797407595
2580,0.002623174217379043,0.0076049107865036976
2581,0.002787252530199852,0.010670813208201728
2582,0.0012561478495274035,-0.0029064942517978793
2583,0.002696136388551667,0.009772861351899356
2584,0.00360075914470204,0.0016473393008859059
2585,0.0023861341870689756,2.522287904723158e-4
2586,0.0031406504995803958,0.01557246577418576
2587,0.002783777812309471,0.014071149856614087
2588,0.0028666783912706254,0.005980694792694122
2589,0.003266248015062063,0.0023491876999694817
2590,0.0036216251048540957,0.0015352249489281227
2591,0.003369777712355669,0.0027390707831410257
2592,0.0024353123422316677,0.0056703747461819675
2593,0.0029601302702219165,0.0140289428349278
2594,0.00318835452627474,0.010898500293984089
2595,0.002122788210910385,0.011559406147487827
2596,0.00381793775710064,0.01168746801139259
2597,0.002739683930424018,0.005358076861568681
2598,0.0024648252699986063,0.0022677418316482236
2599,0.0026352796559709233,0.014154668634795552
2600,0.0026650044310579314,0.00681634751707616
2601,0.0024722649943240685,0.0094500844728797
2602,0.0034832599890592033,0.007200040882484706
2603,0.0029311962746585633,0.010154718966198902
2604,0.0029922879693717657,0.007600782961985301
2605,0.0031698633068327205,0.003271406763396295
2606,0.0020506668310658676,0.0028787053697749386
2607,0.0032911733521337246,0.004018116484946804
2608,0.003490799104794036,0.013529352118090993
2609,0.002965852939663286,0.008700408821076776
2610,0.002618955904379482,0.011025176960434396
2611,0.003429434477515469,0.006432265088119711
2612,0.003161354396603833,7.706979470082313e-4
2613,0.0031300465659650726,-0.0031029801332341407
2614,0.003356572564865295,0.005204749141032065
2615,0.0036211414990166063,0.003007679388985995
2616,0.0027872526002481537,0.0015773964968960749
2617,0.003609838824240129,7.715030159742662e-4
2618,0.003322944585236016,0.001983622442645147
2619,0.002812085709432184,0.00766552696969855
2620,0.002972953468492191,0.005463839955103498
2621,0.0019853541065857514,0.01218047304458437
2622,0.0029688503990103025,-0.0017755418098609446
2623,0.003386950030595154,0.007518361630914303
2624,0.0019673844989503467,0.011235781425914514
2625,0.002597447117578942,0.0054874191802829955
2626,0.002458861303770091,0.0017407757927332753
2627,0.00265542146682465,0.010758503724125158
2628,0.0032139638676663093,0.008196327997319253
2629,0.0027290872361057316,0.013768219295337636
2630,0.00277876064008469,0.005776767221243316
2631,0.0032131320472845257,0.0038627361599605403
2632,0.0031453565397437716,0.009081229595553379
2633,0.0033128085467661185,3.428559973117822e-4
2634,0.003374081577985017,0.010253512975688614
2635,0.003109058545412368,0.012347583018807501
2636,0.0028269227533001835,0.01010613684303819
2637,0.002649109044753164,0.008125123117871837
2638,0.002775705798212654,0.004679482464878792
2639,0.0026296284460298747,-2.4187998936225918e-4
2640,0.0029652619486337985,0.003588057676076565
2641,0.003700912656036864,0.00881308547773257
2642,0.0027789032175821204,0.0012388311350641132
2643,0.0028454011680299615,0.010190160608631139
2644,0.0024853304049659445,0.005725653116603429
2645,0.0027901292575899044,7.024744149482509e-4
2646,0.002831825638505441,-0.004773495243853457
2647,0.0031065049593770426,2.9013727354421917e-4
2648,0.002219834727316392,0.00832588648994386
2649,0.0025052344584643705,0.0047587930548861745
2650,0.0032632179647865997,0.002956343104033891
2651,0.002930575054530736,-3.2541614110218053e-4
2652,0.002999481795352083,-1.9300999562410145e-5
2653,0.0031586251088484897,-0.003922640168007668
2654,0.003173088333022825,-0.00143520402651623
2655,0.0038292543591234057,0.007940863775280159
2656,0.0032035867968038586,0.013836188570047083
2657,0.002305578265183234,0.004974300213037663
2658,0.0035736806787308377,2.559713760042293e-4
2659,0.002478281549137353,0.009309264699719136
2660,0.002272820155596844,0.015086794521674409
2661,0.0032434235341950667,0.009796924547218595
2662,0.0034196721515681546,0.007335965059680378
2663,0.002857083264410157,2.999169214094673e-4
2664,0.003051033322311887,0.004630469582551717
2665,0.0015404138748993203,-4.0151721914718445e-4
2666,0.00262564187290625,0.007273076487343817
2667,0.0028336368227738734,0.003704131338498265
2668,0.002253009321469368,-0.004721101417522805
2669,0.0036689000503482344,0.009306199039190315
2670,0.003507165685755666,0.011539506850637536
2671,0.002906577737981998,0.010142697552833584
2672,0.0033226873487493783,3.5999077289381766e-4
2673,0.00343268990522721,0.010874922593584775
2674,0.002671195666488394,0.0020897968951799173
2675,0.0029515276277879837,-9.852602705813507e-4
2676,0.0027071653707490513,0.009248705957435982
2677,0.0023732350620309017,0.007091325202251899
2678,0.0018865984808535657,-9.907567878872708e-4
2679,0.002986324744466626,0.011740071931100585
2680,0.002699899699048443,0.01732995863007998
2681,0.003689326510167195,-7.269409512211372e-4
2682,0.002480760948366114,0.005335278189422379
2683,0.0025838159325248743,5.032521204153383e-4
2684,0.0026007410165040778,0.016576428393803702
2685,0.003387699719183261,0.012839993058436902
2686,0.0029263941181450616,0.0038332269285647263
2687,0.0038152057763180458,0.009098370512182935
2688,0.0019211415449851238,0.009672164272430622
2689,0.0028644418046283172,0.01052129241415881
2690,0.0034952640079991214,0.0017213203896579358
2691,0.003041499412810506,0.010601544476506271
2692,0.003179381549966523,0.005148683276901491
2693,0.0028276776771419877,-8.74698561596195e-5
2694,0.0028457012565057237,0.010951467963467292
2695,0.0025769628569326597,0.012187490788764873
2696,0.0026066583452540124,-0.003243404786963686
2697,0.0024859814058619885,-2.3457865753898945e-4
2698,0.0034154219855839726,0.0014382493047952758
2699,0.002641251300826302,0.011583161213403581
2700,0.0033984085071965945,0.0034150803275022484
2701,0.0024529541995344764,0.011486692283500145
2702,0.003425322219152141,0.0033080071826286812
2703,0.0028595566225602786,0.003143781749157912
2704,0.0032207452367346563,0.004000855012347784
2705,0.0036587840345642577,0.0029365397517489115
2706,0.002745784722067468,0.002914827103825527
2707,0.002473336033209401,-0.0014299266692569409
2708,0.0033559884522515507,0.012383961667610304
2709,0.0038669885202636625,0.009487106008147995
2710,0.0036485651848605933,0.00912948880083499
2711,0.002170885981869488,0.004114853066535882
2712,0.0030359047974090753,0.014300794623567138
2713,0.0029869454680307903,0.01117927883841429
2714,0.0032583481051163023,0.0036486563451058347
2715,0.002736003816745943,0.0042374990013142495
2716,0.0033236734587484907,0.0020816182001294698
2717,0.00256368480929965,0.013070824983885026
2718,0.0033387161392647836,0.014281622744960924
2719,0.003860396019233125,8.134414694485207e-4
2720,0.0035208394918410297,0.009014170466487892
2721,0.003582124099559861,0.0064930827893648095
2722,0.0026614280563886346,0.007864232822373347
2723,0.002670972477208932,0.01126534086729249
2724,0.003387650510628114,0.005730088381458909
2725,0.0032657840804622253,-6.562303132779954e-4
2726,0.0031143826994159502,0.004148880024750295
2727,0.002835037117047504,0.004376426398141128
2728,0.003122055149038066,0.0023993536152756532
2729,0.0027306249317067045,0.005604743273924632
2730,0.0023577462482163567,0.0032495996062584975
2731,0.002610225551518709,0.005453846359307704
2732,0.002731736350199977,0.01614271840416735
2733,0.0033192353518735826,0.004868549398229364
2734,0.002521668045173964,0.009733940048232618
2735,0.00323266839038087,0.011550885998378366
2736,0.0031073737014302985,0.002563965490410855
2737,0.0027807603607618303,0.005113167684187695
2738,0.002186773696603809,0.0021174999839039853
2739,0.0028371012032020726,0.008664949986877349
2740,0.00344888497032911,-0.0016965865549539566
2741,0.0031261416337816025,0.009804831371350528
2742,0.0032356543338807175,0.010551934220608164
2743,0.0034859339556822413,0.011815210140388364
2744,0.0031927862781177337,0.006550770425488434
2745,0.002424617166033571,0.008783664233412545
2746,0.0029751887418356894,0.004873878219693295
2747,0.002667973970010443,0.018148833326692516
2748,0.0041051583222796615,0.001131895304465589
2749,0.0024161845371218206,0.002415520934944522
2750,0.002931772013423282,0.0013000193568431504
2751,0.003290067717551117,0.00827784042643496
2752,0.002543042015489873,0.006007206706288143
2753,0.0033719130920105964,-8.370157780173745e-4
2754,0.0029523789441138278,5.935369648680116e-4
2755,0.003324189061355458,0.005027901544274808
2756,0.0026324490911290932,0.013231760373394096
2757,0.0032739013920322375,0.004025432533501143
2758,0.0024175210899749305,-9.893165074159006e-4
2759,0.0031311490263314866,0.0062762349773656575
2760,0.0024961043727770357,0.011396193022435339
2761,0.0022020631115262004,0.010350615661356612
2762,0.0028690387472365846,0.005452998624265399
2763,0.002778852332722662,-0.0030533523096901776
2764,0.002625592047168279,0.0111802203979261
2765,0.00330573511358025,0.004561310675679756
2766,0.0023293406655135085,9.859513888385062e-4
2767,0.002216346490002474,0.0032592296195657284
2768,0.003143928748430321,0.018511289293460378
2769,0.0025782649284354234,0.012989113525725212
2770,0.00378689685875755,0.009646751385882444
2771,0.00170754855227452,-1.6266558619983367e-4
2772,0.0031117145824888777,0.0070224933952562395
2773,0.003482552315162411,0.008435677328200643
2774,0.0030888397940114854,0.004295957567467676
2775,0.0026413864119127686,0.012070033308086026
2776,0.0032867601034483004,0.002700983706712918
2777,0.0030276682240363852,0.00726854681712428
2778,0.003975516395209386,9.142774018200527e-4
2779,0.0031724436115555307,0.015081260751734544
2780,0.002053215412524534,0.010115855307175447
2781,0.002567089048957065,0.00792566728575878
2782,0.0036512781594792636,0.00567856995365316
2783,0.0031940768374253163,0.007902677331501738
2784,0.0036072029433915883,-9.110058291563672e-4
2785,0.0028811161610525094,0.011839328196281916
2786,0.0031450058413129726,-5.729165832529942e-4
2787,0.003004977685087447,0.005510350231934844
2788,0.003437865328960836,0.00880714552718282
2789,0.0028679205926801133,0.011292979363933843
2790,0.004027824362503683,-0.0013570993466535067
2791,0.003337859062317673,0.005042471599149624
2792,0.003165325357614378,0.00497746078367547
2793,0.0022028448921437233,0.009734856692594229
2794,0.0034220448497201137,-0.0019324980096317684
2795,0.0030223511014904935,0.005121952375768255
2796,0.002502826528115501,-5.502171459687713e-4
2797,0.0029989260643779837,0.01216745528187422
2798,0.0030520607858578715,0.011537566070943155
2799,0.003284270530323584,0.010131676596278599
2800,0.002996803714768154,0.006191539224387735
2801,0.0031154754983718945,0.002325739919749259
2802,0.0027672619185245707,0.004706278267807465
2803,0.0017802164700199763,0.01085998013110954
2804,0.0030392787701849083,0.003737526790643272
2805,0.0029474685139955622,0.0073663234868495174
2806,0.0035478723318657737,0.007631126184970405
2807,0.002509893376878373,0.0069171840596190535
2808,0.002545723356939663,0.009419426186662166
2809,0.0025175981901403004,0.0036464837378084114
2810,0.002663074502120197,0.006182366496564406
2811,0.0020446788145636404,0.0026592784482356822
2812,0.0029797738746190207,0.009945413252938181
2813,0.0015653557758926859,0.012285005452032278
2814,0.0021237665992152365,0.004971424823658747
2815,0.003356772299139733,0.0029373105268327357
2816,0.0019922684326864415,0.0065860133199319125
2817,0.003048423534300406,0.0019322514465674105
2818,0.0034342786046676612,0.009304445551392614
2819,0.0034179924415621414,0.008648831513670786
2820,0.0028483700546475667,0.0016726724343478303
2821,0.0036264569787108226,0.015535101063604735
2822,0.003254073407450357,0.008693814687298521
2823,0.0032304165082851412,9.374157767858076e-4
2824,0.003276877030335979,0.009056888789877678
2825,0.0032213501894078358,0.007630764692807506
2826,0.002398148565645875,-6.959920962086798e-4
2827,0.002415573567966005,-0.0011412531983551323
2828,0.00330865723014,0.004160675273023906
2829,0.0037303178613200517,0.003380069696546282
2830,0.003292187816819619,0.013347938165611884
2831,0.0035698800833920425,0.010717523910347177
2832,0.0028017189263633787,0.013540661808526162
2833,0.0036068102899007412,0.0065030364467485915
2834,0.003438240350702349,0.0033386050835633035
2835,0.0037727729319080154,-2.4255462571673783e-4
2836,0.002803396301314579,0.010583938232392742
2837,0.002862727998089384,0.01296219042328931
2838,0.002460690379242906,0.013879581493078967
2839,0.003184905260073919,0.006610020359685156
2840,0.002870822037490708,-0.002475985156231656
2841,0.001927259045316869,0.003694115077388251
2842,0.0020210159545020904,0.008137516541722713
2843,0.0030540441054598363,0.002579022917418401
2844,0.0022526268349587373,-1.6053814942299286e-4
2845,0.0025054089436161273,0.004437657716552555
2846,0.0028880349399290866,0.008471072905911944
2847,0.0034642234286711236,0.015469666864631908
2848,0.002744038750530465,-0.0016733934701330796
2849,0.002832857758340271,0.0032277031785256536
2850,0.002911825907928603,0.010610529047610362
2851,0.0030253453296289388,0.008974108850941579
2852,0.0026657407972793053,0.009286505646506814
2853,0.002861079001786647,0.010224350534371743
2854,0.0033069844455839593,0.008615056269241904
2855,0.0034333150949568893,0.003996209019386309
2856,0.00335902900628626,0.009920723231917655
2857,0.0032879258875673535,-1.7886347843934156e-7
2858,0.003826547988944819,0.005657780293685363
2859,0.0021894634601493644,0.008076090079132512
2860,0.0020822054677512103,7.272766293671563e-4
2861,0.0037116818984386313,0.0036869003898373238
2862,0.0015163047802167714,0.012028124088465368
2863,0.003346228659708777,0.012500658595140293
2864,0.003323761788920785,0.005995763497994231
2865,0.0024958830949541573,0.00879074456772117
2866,0.00387844854976037,-0.003707593823985822
2867,0.002586551299960201,4.673061809460791e-4
2868,0.0026863614353392746,0.0026335140492366282
2869,0.002058051793568892,0.005865059421750083
2870,0.0034237588087567194,0.011053818199518244
2871,0.0027575059572140007,0.007250944398335259
2872,0.0024358587377051,0.008348098005115136
2873,0.003579092880875727,0.004798199073489183
2874,0.0028583905445535374,0.00628094933212149
2875,0.002967395484718126,0.012343349058484665
2876,0.0023889106606695297,0.004486220887093777
2877,0.0021434421601138373,0.004739613241356064
2878,0.002315920454353892,0.007266950948900428
2879,0.0026601896483534645,0.006864279125062885
2880,0.0021185503421857835,0.01174246526127642
2881,0.0022355680449082965,0.0096065471623267
2882,0.003105544813540165,0.006933739906557953
2883,0.002515770690143086,0.012065918295851349
2884,0.002732890118116642,0.004616293001452169
2885,0.0029415702555193363,0.0037396746323190887
2886,0.0030702042156172693,0.008643218231935586
2887,0.0023326503094171945,0.0044865171858569294
2888,0.0027934335401949657,0.00829475287050832
2889,0.0020705134919240357,0.0014504729593010374
2890,0.003315920708720585,0.004732043162757187
2891,0.002978216746322857,0.00873919848649093
2892,0.0016151499645187372,0.002398152735637169
2893,0.0028803169799427376,0.005104237518626054
2894,0.003752503899004861,0.011103421127832979
2895,0.002451643589823145,0.001354698006350184
2896,0.0030191080616309538,0.0072350875843614874
2897,0.0026705146812863534,0.011860955728229703
2898,0.002912531837926316,0.005030037121163263
2899,0.0034133962826467016,0.006970956667482819
2900,0.0029125163575909356,0.009060941483346805
2901,0.0033685181101826027,0.005503956148150207
2902,0.003072839437854123,0.0070359196464663196
2903,0.002765986967878003,0.005147527373012569
2904,0.0026693329313226,-0.00649334472974563
2905,0.0037569363709781495,-0.0020118698460419087
2906,0.0030443182731751607,-0.003987569466800451
2907,0.0036932444781624333,0.008690064754090291
2908,0.0030136749416445285,0.00265639096621514
2909,0.0024109008928533977,0.01192379009342983
2910,0.0029346350428451945,0.004137533303552441
2911,0.0029501122275560586,0.013196035856897255
2912,0.0030484477896349166,0.008003723531337065
2913,0.002857916947710042,-0.00287277261903107
2914,0.0033533345169189646,0.007138292667108951
2915,0.00338585865496038,0.013552387231998765
2916,0.0031876417866678304,0.013369016656445895
2917,0.0029800262091002287,0.009892208724123601
2918,0.0026267261641151883,0.0018092431518192571
2919,0.0030601424906055545,0.008926103805429596
2920,0.002537440823989867,0.0026594098948015373
2921,0.002166953465694169,0.007555289890747337
2922,0.0032309662940247647,0.00598336747834958
2923,0.0027838701247984957,0.011903622210633602
2924,0.0027457515763017848,0.005483257984785914
2925,0.0032738075679231544,0.009708398022322257
2926,0.0030298437632274547,0.0017149588195678111
2927,0.002987154110015077,-0.004361079548960428
2928,0.002719675031275896,0.009037944556515513
2929,0.003778803289154123,-0.00200445344376608
2930,0.0018242830146165488,0.008926851753302855
2931,0.0019345509968999534,0.004942250380369837
2932,0.0036898198607813806,0.009498711657366063
2933,0.003599960534958292,0.0053295558939480715
2934,0.0023432281673348605,-0.002986694029290837
2935,0.0028394642405053894,0.0018426188330007325
2936,0.0029026568444000932,-0.0015878510449625098
2937,0.0020419178295170825,0.013168923901563507
2938,0.0030630869237631407,0.003775747441545803
2939,0.002021617002283674,0.0096895023071724
2940,0.0027287103819912235,0.007672219248736482
2941,0.003188246754060689,0.006806299423151456
2942,0.0032156263089383047,0.01193120459272371
2943,0.0030835447650827286,0.003648486505522455
2944,0.0026058615465138885,-0.0019114690305248826
2945,0.0030402584499030767,0.0068702256023637194
2946,0.00262220089776397,0.0071990337565088856
2947,0.003609444368129627,0.012585258139080712
2948,0.0030575503206824698,0.0028959942703789916
2949,0.0025404916972649716,0.008834682810941021
2950,0.0033792316206449247,3.4004530067542507e-4
2951,0.0027012319476591045,0.012025223721018777
2952,0.00324234501797923,0.004173720440981553
2953,0.001960336356619187,-5.760550804569022e-5
2954,0.003223799407259085,0.007596125161161875
2955,0.0036818297092899716,0.00428253283629463
2956,0.001948703296172864,1.7885091328216247e-4
2957,0.003701319168937057,0.008720410502016326
2958,0.0022575160455052994,0.012717921889527205
2959,0.0035782184872543005,0.009928672621517847
2960,0.002279186679367836,0.0014189117819430217
2961,0.001839474408139151,0.014274807899673577
2962,0.0030233232778786837,0.004719420742239068
2963,0.0032781960416175203,0.011578486342492861
2964,0.0028675286789615765,-0.00416418784112694
2965,0.002966129209372302,0.0032325812390864113
2966,0.002343765983700252,-4.132396182040584e-4
2967,0.002727064407006368,0.008615926190618994
2968,0.003195501101540738,0.005758928134191985
2969,0.0023582334327566625,0.007187132320110281
2970,0.0028813954413246653,0.010740439295222766
2971,0.003175819938084804,0.005191475343732037
2972,0.003149192981281325,0.0014295887821394113
2973,0.0030255387943936363,0.006343756009037041
2974,0.0028033964099801385,0.0038121657009130153
2975,0.002510036641446964,0.006811921494810464
2976,0.0029043680792282646,0.010209715657483655
2977,0.002483845171949054,0.005317966746324399
2978,0.0032763468179983963,5.6326387601034374e-5
2979,0.002783300177651204,7.509838581934896e-4
2980,0.0023959692670156205,0.015011943327649407
2981,0.002203670231250402,-0.002090463123219921
2982,0.003355230337083011,0.008165713447197855
2983,0.0030164340757185704,0.013470482959778221
2984,0.0036020326914670523,0.006386363725725683
2985,0.0026475224111135363,0.0051863012760602675
2986,0.003523434142795694,0.00408334922401098
2987,0.0024329487402368127,0.002516293801732662
2988,0.0020970491540442137,0.0081881544818270691
2989,0.0021548942399146477,0.0019619071849151966
2990,0.0018706386760573425,0.009535113774685031
2991,0.0028593546386555184,0.0036923874327473623
2992,0.003795230043860396,0.007448627865366721
2993,0.0024924214056011693,0.003634285298589387
2994,0.0030212420944016067,0.0034357451803678756
2995,0.0031185482393845635,0.012447028549425875
2996,0.003046392177347103,0.0076717893448917975
2997,0.0038742351483601663,0.008625754994651832
2998,0.0030324128413457717,0.006331154092436874
2999,0.002772257074984684,0.010134288727021162
3000,0.0033076098633080075,0.007766939092835811
3001,0.0029897908495703095,0.004277021640985649
3002,0.003630345395326398,0.005084144950485458
3003,0.003325260225897681,0.009756242175856683
3004,0.003599453805950632,0.01414003443750517
3005,0.0030615942837511475,0.0072637763264466
3006,0.0031803666280019382,0.012293561604012458
3007,0.002009707349644439,4.343366194286538e-4
3008,0.0025413660989103515,0.007968162722818438
3009,0.0030323850546037463,0.008982873458140462
3010,0.0025641952983832426,0.007821263361901682
3011,0.003672179013596185,0.008393084191778581
3012,0.0019601374960661793,0.0038116514701688883
3013,0.0023891190658942075,0.004836016285922531
3014,0.003098417419653481,-0.002491061185802874
3015,0.0018457511972474086,0.0015464869030981487
3016,0.003285535863063973,0.010553044854360726
3017,0.0030594573738693437,0.004937948066372209
3018,0.0025984239386652973,0.00853217575444857
3019,0.0029588838868864014,0.0047422338007868
3020,0.0032866654748264926,0.009863701836076367
3021,0.0022961560285982563,0.003235085120145775
3022,0.0038324026699299366,0.009807800161042896
3023,0.0031102195278378767,0.006042622833413366
3024,0.0029487246418595995,0.01005240062908218
3025,0.002770572913667493,0.007028611792169468
3026,0.0032283713865836707,0.00453825756673109
3027,0.00288159318713298,0.006959657171815405
3028,0.001926989992405727,0.007467675073969169
3029,0.0029732459877854743,4.249522567997947e-4
3030,0.0032348568256836733,0.014650834355268165
3031,0.0021939884950974713,0.009117570663144357
3032,0.003117420745679852,0.011464388092554232
3033,0.003003049241715027,0.00829175077589722
3034,0.0027188736412328356,0.008884574435711317
3035,0.003196249668929638,0.0026511978311547163
3036,0.0035449898234697717,0.006289728668112573
3037,0.0030532234860310235,0.0061954247956983784
3038,0.001779381149514195,0.004190079416139777
3039,0.0025018720418564164,0.0030999374193382747
3040,0.003503120581125375,0.006822530247835796
3041,0.0019376953550544046,-0.0033157908688338737
3042,0.0024459714735513244,0.00502482600972186
3043,0.0036739304158801417,0.00758504260620526
3044,0.0033333711690842,-3.945987005039226e-4
3045,0.002303875439789237,0.007694618847866283
3046,0.002983736969459259,0.008834164948972543
3047,0.002745965672056618,0.008580282539514254
3048,0.0030744128665032176,0.007638350920270859
3049,0.0027452102005342317,0.009446581268798788
3050,0.002824614638361688,0.008434700531163662
3051,0.002664667302897491,0.003639659396730447
3052,0.003725794226468483,0.0011035888570817172
3053,0.0032691404579027433,0.010016332780243649
3054,0.0027763323701144585,0.004190328869380849
3055,0.0023654405405643614,0.013748281566735944
3056,0.0025133862212683342,0.0028100524705159747
3057,0.0031032172151391835,0.008127090636938233
3058,0.0028657280958208913,0.009107398033486975
3059,0.0025717243090830895,0.006263424131423803
3060,0.0032674340601307225,2.1331903858679696e-4
3061,0.0035347843393339616,0.0042746610887395686
3062,0.0023779259076892084,0.00477238639717928
3063,0.0025836732317179234,0.013867077835654433
3064,0.00268169356546372,0.006212291611526512
3065,0.0029944836394977673,0.002248088032615298
3066,0.002312962710414352,0.004645870397393905
3067,0.0026711803420090873,0.013813434214532107
3068,0.0030943927837950324,0.007297070981741918
3069,0.003323456423806545,0.0062524855419629705
3070,0.003220013996140503,0.004641133401920793
3071,0.0031321034590789166,0.012516653351650756
3072,0.002019535809924415,7.842152466659598e-4
3073,0.003495866689647306,0.0052191021034902335
3074,0.0032381339732045,0.01169108162029805
3075,0.0027851810232774636,0.004453964156087797
3076,0.0031271898654284614,0.009095135144254252
3077,0.0011787682326076159,0.009309284277869227
3078,0.0021689502551120315,-0.002334659787615195
3079,0.00329568389578371,0.008018360730034146
3080,0.002588004978780419,0.002838120556964384
3081,0.0028342553947907647,0.002377794953303626
3082,0.0019519173291487548,0.006129480268609554
3083,0.0031541326058099027,0.008628190418380914
3084,0.0026401200507136942,0.005084407903496254
3085,0.002744187658978818,6.466146863191857e-5
3086,0.0034508596232748563,0.008096587073977349
3087,0.0023817923596633557,0.004833395476106057
3088,0.003030205258144347,0.007357018959785577
3089,0.0031133934393351537,-1.8887456519497102e-4
3090,0.0036070041736339857,0.005810175666639904
3091,0.0033397601274151438,-7.861967109128168e-4
3092,0.002990518475510408,0.0025636300469687747
3093,0.002535584550411866,0.009687078164363927
3094,0.003572172274253215,-0.001655398843144507
3095,0.0029911171070122534,0.003337959762576251
3096,0.0031907820439726316,1.603919693501266e-4
3097,0.0030958709019434883,0.010816842751981682
3098,0.003741217499324665,0.008834572189291602
3099,0.002860260973629758,0.015025838720653401
3100,0.0019093309399486015,0.0037245262065348176
3101,0.0024612986294170534,0.009446088015193177
3102,0.0033914250897612405,0.007623743377110484
3103,0.002288967943692663,0.0058792700219489225
3104,0.0021893765778525807,0.006544484574084888
3105,0.003583493286140626,0.00789736372074018
3106,0.0028771589104474504,0.008689162661547945
3107,0.00391136885495201,0.007455195788306427
3108,0.0029681904472167665,-0.002175100009341254
3109,0.003207080747899553,0.007061753641553358
3110,0.0019873346246680875,0.00901493645213353
3111,0.003521453475752918,0.008187767170888004
3112,0.003588669388306661,0.0057794082866008244
3113,0.0029760524462542027,0.006563568487616259
3114,0.0027037404098597855,0.013632806421682525
3115,0.0032166430774643474,6.289135349384104e-4
3116,0.0033099787724002825,0.0061152289332851864
3117,0.002227200033090932,0.0058594312819259045
3118,0.0026066663353267222,0.008891181749317079
3119,0.003242453121678083,0.008837720290431091
3120,0.0029058167468297485,0.001776916884359
3121,0.002911916102702502,0.009185360407862527
3122,0.0031054721578587137,0.012994861587777599
3123,0.0029600329976493594,0.007823560277438565
3124,0.002733211061798961,-0.004168525310823127
3125,0.0028523988173477107,-0.0017556917630831411
3126,0.0037013893982400926,0.008143648995700673
3127,0.003688902829273878,0.006252989415515734
3128,0.002331613436324939,0.0071750818202219995
3129,0.0026129600388700605,0.014336582420536332
3130,0.0029133535511260845,-4.1214961223942984e-4
3131,0.0031849420032555526,0.014571812865460491
3132,0.0028348226629493108,-0.0037191575064735756
3133,0.003038484936391298,0.01006040012464868
3134,0.0028819529667027197,-0.004431388087734439
3135,0.0031249520554666697,0.005947010675354926
3136,0.003257869711858086,0.011283006457783802
3137,0.002805634385490177,0.007272206507794007
3138,0.002675701161625609,0.014954354603178439
3139,0.0028883433411207695,0.004898371850079925
3140,0.0036016404440412427,0.0011921287652435042
3141,0.0025834730788745646,0.005766265385496
3142,0.0027884659610149616,1.962995147819207e-4
3143,0.0027598258126879244,0.008821081251664056
3144,0.0025879403726542147,0.009411385822672955
3145,0.002610219790821755,0.002308406744001754
3146,0.0017458420523042526,0.005568883330546771
3147,0.0034905404881190923,0.00299549705783722
3148,0.002759449330390351,0.009792146331568153
3149,0.002954930607327895,0.007426582329253473
3150,0.002149705006728051,0.009300594656270249
3151,0.00213943354384409,-0.001245020142431677
3152,0.0025999063071309395,0.006823607911564394
3153,0.003315977415836188,0.009972363578672405
3154,0.0027178394591460017,0.011101473279997746
3155,0.0034840669851895303,-6.345746888363054e-4
3156,0.0033882981511579803,0.012651363019473994
3157,0.0024192688137718104,0.009834613387492155
3158,0.002872738171769486,0.008286506572470115
3159,0.0016873728103745883,0.012959354474430033
3160,0.0033752929909866207,-0.0019471953852388422
3161,0.0026188791097800897,0.008434662986291365
3162,0.0036660761915082852,0.011677128240947122
3163,0.0031222043488378496,0.0013316727966220555
3164,0.0033289607787730007,0.007654139100119682
3165,0.0031315652090808705,0.011163166235209271
3166,0.002550380882385285,0.0063466477396668455
3167,0.003180171438586391,0.00380246243466389
3168,0.003790360887198883,0.012539824537178928
3169,0.0032656612710919067,0.00564329069485807
3170,0.0033335493850635708,-1.305632430098902e-4
3171,0.002458353819623636,0.007149073721946333
3172,0.0036787605004940946,0.005420663265209702
3173,0.0029245995175920464,0.008483319578040611
3174,0.0033104894105003796,-0.005670199637343132
3175,0.0038025768561667293,9.498245158317186e-4
3176,0.0018979925781782217,0.0018578294215063594
3177,0.002708591567675411,0.013846168089455987
3178,0.0034852010966821795,-0.0015046114168430684
3179,0.002956608997932263,0.007774207155498768
3180,0.0021340218547860976,0.014032417901704458
3181,0.002705978589353157,0.008786312024891947
3182,0.0033368978427774764,0.003538473837306039
3183,0.0031760982565918854,0.010573349802996323
3184,0.0025240425633205727,0.014097298848645851
3185,0.0022906918989770804,0.0064203195492285176
3186,0.0021659363301675446,0.011015714536613316
3187,0.0030377393834628177,0.007880500057907866
3188,0.0033499312306571813,0.0033070016513847807
3189,0.0017506325240244942,0.015211131354822206
3190,0.0033343410624309066,8.106069875838198e-4
3191,0.00299623110950182,0.011816169423933291
3192,0.002707057688632315,-3.989628808571295e-4
3193,0.0030853304014424464,-4.401498603364097e-4
3194,0.0031093733711380447,0.009247975508612654
3195,0.002619332154643816,0.007351650546252923
3196,0.002835946271456013,0.015125986312366913
3197,0.002461768609030486,0.007406878528813473
3198,0.00269299740516215,0.010011080159078525
3199,0.002588532211575182,0.007505830153459439
3200,0.0031449077047300575,0.006057280464099843
3201,0.0027834173068046037,0.0051676095921028625
3202,0.0032163843815262026,0.005095880666341349
3203,0.001972345023290945,0.0017330794607810993
3204,0.0022286505502879294,1.507062932496325e-4
3205,0.0029902707369634674,0.012614335937108456
3206,0.002884779331977199,0.00311761343181004
3207,0.0027466890400242657,0.007564352325364907
3208,0.0032513364735854092,0.0035348322525974992
3209,0.0029771216888490873,0.00570895735620233
3210,0.0039997559208889595,0.008664544286056586
3211,0.002432552247910756,0.003413146751403755
3212,0.002946456743549282,0.007111073814916519
3213,0.0037625104961324465,0.004687048146370804
3214,0.003001181346140555,0.00578991610754505
3215,0.002579102773656578,0.007820304599643828
3216,0.0021217248723752725,4.7983054026057206e-4
3217,0.0035096012246704227,0.009385410125531447
3218,0.002585921954928987,0.004962082306219717
3219,0.0021952825687684865,0.0014590989759157387
3220,0.0034557221336029968,0.008757706567632207
3221,0.002721652653556031,0.0039223631186020525
3222,0.002869743316867769,0.008466099198763741
3223,0.0032326400796703378,0.007114892735852918
3224,0.0025473349041300374,0.00782337709361608
3225,0.003484315864412745,0.0032833632667286696
3226,0.0023030024272128525,0.007931191281155329
3227,0.0033867567457435323,0.0011173636699669818
3228,0.002798584060059198,0.008156561985137149
3229,0.003053329316166499,0.010323378990588864
3230,0.0032516101767065997,0.004508115734019283
3231,0.0029954961838687486,0.004756034062462838
3232,0.001786951589923304,-3.322564582903193e-4
3233,0.002586755641019534,0.007332652422409649
3234,0.002920136747753051,0.006685049597865042
3235,0.002917546026518781,0.011686936446922471
3236,0.003521618453632193,0.007519858242161403
3237,0.002776609207319019,0.0071269678474596455
3238,0.002572282581036206,0.0073409106322550035
3239,0.003815943054187855,0.009038500862566641
3240,0.0012874861154930112,0.00283834188705075
3241,0.0030730893868926197,0.005788160974729074
3242,0.0028530859540973432,0.00388800166926751
3243,0.0032331597121204227,0.013100708924091745
3244,0.003551120707366524,0.004732066501549016
3245,0.0031239582265256386,3.7311791418390334e-4
3246,0.0031393971561650166,1.1635983073081022e-5
3247,0.003310879796136858,0.010156829983736423
3248,0.003218675447061071,0.007644328320439264
3249,0.003120772739362285,-0.004725840127258294
3250,0.0023736844214142655,-1.736803740706648e-4
3251,0.003206242284216938,0.004930042055378729
3252,0.0031288778329740855,0.0020829467656813825
3253,0.0026993998519720475,-0.007409638111891239
3254,0.003216507916619987,0.008524527102838492
3255,0.002304444047467067,0.006611245988454707
3256,0.0025280388378474457,0.0015023021325008845
3257,0.0026639648728331547,0.002802026574099853
3258,0.0030006320519043493,0.005349542858541414
3259,0.003687044863946798,0.00871027789749952
3260,0.0032103820934863765,-0.004007341497336171
3261,0.0019669530642821426,6.849711247523173e-4
3262,0.0029653385199123177,0.008896667518997967
3263,0.002800731129280958,0.01287334788493151
3264,0.0024966342300956714,0.009260622448125146
3265,0.002680110872168623,0.007430601585752975
3266,0.00290035499464423,0.005903554606820195
3267,0.0023065110802937172,0.014907749140427164
3268,0.0024208393133452254,9.964767450253813e-4
3269,0.003740154805064352,0.0035737052966223768
3270,0.002797901011487666,0.007029401600226212
3271,0.0029761535708446585,0.00571576925620972
3272,0.003161383453336834,-0.0037038131035713245
3273,0.002575618396939503,0.0027160898624373152
3274,0.0033077354483304782,-0.002206842267869792
3275,0.003540334112347873,0.015475554705751354
3276,0.0031558376774522964,9.278938258399393e-4
3277,0.003232393572737835,0.007337825594219006
3278,0.0034427605494981943,-0.0038994371143766743
3279,0.0026846316939614025,0.005745162789244482
3280,0.002712281155139378,0.00417668624013277
3281,0.003170516952983778,0.0038867952752359193
3282,0.0024118432479423614,0.005052291013523541
3283,0.002077779805805332,0.008899836230370363
3284,0.002936366722961054,0.008443413062807478
3285,0.0027537926270208846,0.006650415899335283
3286,0.0026266204944482897,0.0156805955523795
3287,0.002488404525818783,3.838404134417991e-4
3288,0.0016046214688005603,0.0029422553003864106
3289,0.0029221032085597985,-0.004355787670358595
3290,0.0034209847645689686,0.009762888337406283
3291,0.0022393901482806898,-0.0014788328955747058
3292,0.00340064030072947,0.006386692231198406
3293,0.003424193481198894,0.007026956310652706
3294,0.003943709208755259,0.009719560847390327
3295,0.0029549897908116877,0.002898342900414924
3296,0.003096659063655165,0.007908191926411349
3297,0.0030515803209008145,0.0091011465945749891
3298,0.003533176596884029,-0.003391129329323888
3299,0.0026269553855588312,0.005610459392809627
3300,0.00394904719147837,0.012479518237620198
3301,0.002630144994998554,0.0011718484109710945
3302,0.003792296580491185,0.014702710213946302
3303,0.003076424069210353,0.006457039904411174
3304,0.0027776956182716957,0.011709355534739096
3305,0.003267199604720977,-0.0028248038493192086
3306,0.0027709668794794083,0.009466179305902447
3307,0.003026449720526537,0.004279026335340098
3308,0.0023743154588479064,0.0020039906534062802
3309,0.0031138096151219438,0.008062801847380648
3310,0.0020366782622753665,0.001757181501340909
3311,0.003766163807413834,0.010584960238252136
3312,0.0022929121512247456,0.0033235287405090352
3313,0.002780753522372911,0.003093506055258355
3314,0.003066616494375101,0.007993014206151734
3315,0.002763057047737555,-0.0012985976760422125
3316,0.002797962480331545,0.0021090489309387008
3317,0.0032588507783578146,0.003151952033848176
3318,0.002703121161545825,0.009695104974428777
3319,0.0032457787601786105,0.00835275871570484
3320,0.002894929834412054,0.0053444168304069535
3321,0.0028523426271250007,6.237068033683947e-4
3322,0.003563666476059926,0.00962903308633836
3323,0.0031776501526969256,0.007261365149966455
3324,0.0026632794250622846,0.009589983001191757
3325,0.0028958955355322478,0.0074347024186186775
3326,0.0023634946734684952,0.011250439136728865
3327,0.003196469998978853,0.008705558758389076
3328,0.0027484477645182176,0.004796773943313053
3329,0.0027155824468810394,0.0026225884750415446
3330,0.002851384700406072,9.475219230638274e-4
3331,0.0025518121452665,0.007302206660565418
3332,0.002749272659742561,-3.697264998702614e-4
3333,0.0035319922145327933,0.006228217494540496
3334,0.003822079253575964,7.074643075342659e-4
3335,0.0033168257762880987,0.0034278443345919134
3336,0.003269757639218919,0.010113075995603314
3337,0.00361627463302459,0.007930818149318978
3338,0.002547664937172208,0.01024526671874586
3339,0.0027441699144202907,0.007923842914392538
3340,0.0025283947316530435,0.007267763775941356
3341,0.002535815733845882,0.007026977502051883
3342,0.002358531386181573,0.009007239388839678
3343,0.002672598718248508,0.005330293020474008
3344,0.003637026281944291,0.009345384957430232
3345,0.0025721951379309147,-0.002339034366697236
3346,0.0029212324126158965,8.862684389272478e-4
3347,0.0028515323927189497,0.00789463746328483
3348,0.003318211996562611,0.004571879261466589
3349,0.0020039479527697306,0.01294519946883656
3350,0.0025479254358001476,0.011106307183412049
3351,0.0034478036679370543,0.007660073200458027
3352,0.001516136390068977,0.0089691255310372
3353,0.003246423514870022,0.006180769095598411
3354,0.0029440385612158355,0.006707155521144026
3355,0.0028768080055537096,0.009933778044022951
3356,0.002909649317386889,0.007072435299667713
3357,0.00269195031134134,0.003965254756050251
3358,0.0030102775522035463,0.006195375712331721
3359,0.0031660779484368865,-9.707929355528633e-4
3360,0.002956486349017669,-0.004794549522134236
3361,0.001771999230675648,0.006575481547864
3362,0.0023190398454076473,-0.0027280796738220203
3363,0.0021463919078456234,0.008856523344868323
3364,0.0035062534663895814,0.005145577319898443
3365,0.00323706705025059,0.01333466549961373
3366,0.003181698887837178,-0.006339840742559425
3367,0.0027868761048913436,0.006170514896786296
3368,0.002323009802224348,0.003736701698577506
3369,0.0030460648893033595,0.012338096178875177
3370,0.0033938547349989206,0.011563189762175807
3371,0.0014206217575257719,0.008153992352894678
3372,0.002591094088893622,0.006197559703269498
3373,0.0034269145577855062,0.007319043613410609
3374,0.002965871217330523,0.00478403309545919
3375,0.003669743861997666,0.006012320555765848
3376,0.0016343537122380403,0.0035037400289494557
3377,0.0026907216842313466,-0.002666146852386771
3378,0.0028992683728569836,0.009324564442522072
3379,0.002309135105106069,0.0019354074173017482
3380,0.002743853269473042,0.0035948972690749165
3381,0.002794461986148132,0.007595519532657978
3382,0.002797763346715166,0.008377664044980044
3383,0.0033912647515569896,0.007374993406038335
3384,0.0023214313909810614,0.003964237846985248
3385,0.002345124283460601,0.008387277174957047
3386,0.003978789998587342,0.01176447336860525
3387,0.0025221946718538032,4.4374679109835703e-4
3388,0.002162429906398126,0.011888925879936703
3389,0.003807376861767294,0.004452601016044675
3390,0.0031990311149399466,0.002610352205152754
3391,0.003132421901553579,-0.002863626969033142
3392,0.0029431386445661297,0.00824013506668312
3393,0.003640320456535966,1.0775821837304134e-4
3394,0.002942061648850099,0.007072961942877059
3395,0.0038866469598813997,0.005490330519828551
3396,0.003858460137130441,0.004168212058732116
3397,0.0021787480989288845,0.007451361704164739
3398,0.0028631651402877207,0.006418092196768547
3399,0.0031410226194445784,0.006987540437357627
3400,0.003079663364031855,0.005545479554153527
3401,0.0025977732612909444,0.0075239116376696
3402,0.003051171162604829,0.008800257734357482
3403,0.0034760688719778555,-0.003361732008983714
3404,0.0025458210891451667,0.0069702149690270224
3405,0.002954460245870315,0.013697459586647129
3406,0.0033860013017287505,-0.011752524289074905
3407,0.0021151545201881687,0.010846209341641143
3408,0.003149808578097419,9.529981046179081e-4
3409,0.0033072075613924633,0.0017679945276370072
3410,0.0037791027593270425,0.004914983721903101
3411,0.0023988184869754513,0.00867062110480228
3412,0.002264687801517895,0.013722616853865166
3413,0.002504620469515596,0.007620198990879687
3414,0.0038500627312423098,0.010638986439190253
3415,0.002785586020889826,0.004073116391760997
3416,0.0013011177562514882,0.005119371822470667
3417,0.002426342186188771,0.003531147955332407
3418,0.00323628649855944,0.004376668820394602
3419,0.0020800927173470667,0.008352423573193178
3420,0.0033369293856799526,0.002427624361375556
3421,0.0034176951015584406,-0.0014181137370654431
3422,0.0029305048400590696,0.005937141524011482
3423,0.0031152590942396426,0.011679017814985981
3424,0.0031238785864220334,0.003439607627164566
3425,0.0031032486304483848,0.003111599939970673
3426,0.0036099262497447295,0.003299992676476839
3427,0.003677706344080535,0.0011662029837234962
3428,0.002612817623908529,0.014181712462721782
3429,0.0025518688812507335,0.007038405203233264
3430,0.003790279104385226,0.00709739496492382
3431,0.0029368404360425333,0.006161500674468565
3432,0.0020369105290115406,3.8047946372606577e-4
3433,0.003452070301162993,0.008101032324870368
3434,0.003333104671059748,-0.0013064245159070656
3435,0.002370069194927194,0.01313409078220098
3436,0.0033170267601710488,0.011447687960372491
3437,0.003310674951450053,0.007045220175929347
3438,0.0032110383416750388,-6.158756366663567e-4
3439,0.003343613497171484,-0.003961964420623066
3440,0.0028510072896390597,0.008697947602552821
3441,0.002668796663466178,0.008027979951989995
3442,0.0025263220731322382,0.00168495666581889
3443,0.0027680482091273955,0.006892426888287069
3444,0.0018925254709855981,0.0044164183634643715
3445,0.003297847436294906,-0.00918477797796732
3446,0.0025781814977631806,-0.0020973526651116704
3447,0.00278100367465853,0.0041326706405317186
3448,0.002817569468867246,0.007108085958931294
3449,0.0026681349469275827,0.008387506207473455
3450,0.0032734865845654754,0.011635305839426228
3451,0.003054849817198861,0.012475396202267137
3452,0.002220109806217898,0.005571878145165393
3453,0.0034079931986705616,0.0022798169508815476
3454,0.0034464875760851672,0.007854941742090223
3455,0.003329696136381549,0.013526870256443562
3456,0.0036883102452509725,0.00568233366933016
3457,0.0017357432629593996,0.00754902351918732
3458,0.0028307696897281374,0.010401745941326155
3459,0.0028076746690995627,0.006235408584929279
3460,0.0034874785185069123,0.008486424700475668
3461,0.0030393283880110694,0.0059760561497187665
3462,0.003144429966167909,0.007571916571889287
3463,0.0032552616340622256,-1.3043590701285537e-4
3464,0.003551462829382757,0.0026539865980239026
3465,0.003289587035950746,0.003668648210236188
3466,0.0020042050595049233,0.001675927171487463
3467,0.002376620341457921,0.005119156885057573
3468,0.0035221942617569037,0.007716195787496511
3469,0.003272714173250591,0.012821798367050847
3470,0.003331470887420838,-2.7351110400897737e-4
3471,0.00331325057533823,0.004654684791239407
3472,0.0031753933368462604,0.0058584865871454585
3473,0.0020679484336692615,0.009114094876573154
3474,0.0027138133480668677,8.951631994609703e-4
3475,0.003849571483379741,0.0036248146705244013
3476,0.0026863766766116294,0.010089353605874143
3477,0.002643196253245172,0.005070445472553796
3478,0.0023836126547734124,-4.678296353951986e-4
3479,0.002896167457058837,-9.325338827043351e-4
3480,0.0027900622507216932,-1.401966101313764e-4
3481,0.0026262992346844432,0.003008584844941588
3482,0.002851824587918192,0.0030296694740910906
3483,0.0037452826720939733,0.01203393265819813
3484,0.0031557810642642127,0.004145424458792598
3485,0.003681880995434215,0.001543504674542129
3486,0.002933846117972669,0.008619773948758753
3487,0.0020475599689989466,0.006885094516401754
3488,0.003178809670658544,0.003846477769733311
3489,0.0033051745480874345,0.001532033663153474
3490,0.00379432882445068,0.007044047222717567
3491,0.003165597669345367,0.0018615293193106797
3492,0.0034619996506987383,0.0071738143266525225
3493,0.002151352334020508,0.0033588621623669257
3494,0.0022800308456535938,0.0026164452921457514
3495,0.002053751200956697,0.004308411605135358
3496,0.003795262884913714,0.003569209075453104
3497,0.0031136908921808796,0.0115677595513995
3498,0.0028434930122934517,0.012623263133120101
3499,0.0030694689795585746,0.0042426115034464125
3500,0.002942147810774119,0.004520814437885493
3501,0.0025476688505233266,0.0014895418229867565
3502,0.0031403838642823957,0.002447480116087986
3503,0.0020859509426447115,0.010422127534775739
3504,0.0035599821805473407,0.005386842240797372
3505,0.0033180285205905444,0.0025158439060612345
3506,0.0033761799269469294,0.0023418661912972703
3507,0.002998428564019305,4.985378887345012e-4
3508,0.0032547584126706016,0.007584012564116983
3509,0.0027616670876348644,0.006942640449228259
3510,0.0027732427290134004,4.3919273091779827e-4
3511,0.0030059695902551866,0.008718269085428724
3512,0.0037779016210908287,0.010621402993513
3513,0.0033435953772258365,0.0031189257837676366
3514,0.0028219623412634003,0.009986017755433126
3515,0.001965446664506298,0.010246271099915532
3516,0.0025010587449300343,0.01336965344625457
3517,0.0030711812399084742,0.008775104740003868
3518,0.0028388971004105336,0.004780354692557548
3519,0.002846161277291047,0.0075218720654556944
3520,0.002097484857823532,0.003450352114990443
3521,0.0020597869809377885,0.008004871434115414
3522,0.002582523479971012,0.003070579948185357
3523,0.003603598379422733,0.003101591371338701
3524,0.003345682904241589,0.010204778438531669
3525,0.0019977839751874646,0.010374184328343833
3526,0.002314341340100366,0.011300761576060534
3527,0.002948780120300114,0.0026928047578463946
3528,0.0032191262344769514,0.011312904178591654
3529,0.00305265063243856,8.84211603334106e-5
3530,0.0025595890276398497,2.524500968560592e-4
3531,0.002870914870029579,0.0034294804190473137
3532,0.002161726545893054,0.015715466309848037
3533,0.002326401340635755,0.003418100679102962
3534,0.0025644190893774382,9.689070479500152e-4
3535,0.003610543721444852,0.003738056303405227
3536,0.00309549598214972,0.013525548602732711
3537,0.002460577306854591,0.008197325297434197
3538,0.002845090438119415,0.004679061132564482
3539,0.002348339289913989,0.007453534657604468
3540,0.0031255658439092275,0.007737238411362353
3541,0.0036902224654939177,0.002209210217884748
3542,0.0033761962208987257,5.30977423307248e-4
3543,0.0026473842699903036,0.004301132904338405
3544,0.003186761369227687,0.0017022700596383564
3545,0.0024907398562820505,0.0030315503522030107
3546,0.0034033879076491424,-5.130286893147784e-4
3547,0.0023251623806284176,0.006192735267284271
3548,0.00270607301370257,-0.001903935058349536
3549,0.0028356206925611144,0.007627114321915459
3550,0.0031265046046124925,0.01226678911523421
3551,0.0041101660459639915,0.006361218861787131
3552,0.003007439965965639,0.006230737283195902
3553,0.0033278377663653693,0.004637246838617933
3554,0.0019638885674297378,0.004334880463350199
3555,0.0033085097340067007,-5.814009799326187e-4
3556,0.0028241557417924856,7.459765598647901e-4
3557,0.0028150652862877408,0.009158602830514036
3558,0.002805034908359295,0.006947281322916898
3559,0.0023100951890812522,0.006677019238838895
3560,0.003065582982041968,3.8197504860179804e-4
3561,0.00311461842590285,0.012369102239125955
3562,0.0027805707576330865,0.006536504658949336
3563,9.093006408524341e-4,0.004920815837204771
3564,0.0025053630948877843,0.0042155680303366605
3565,0.002824480713215052,-9.554274814541812e-4
3566,0.0026428911720718824,0.012478709264695926
3567,0.003575115652873655,0.007168544269061926
3568,0.002163526288023453,0.011547451684193952
3569,0.0027853738829190546,0.009499029355610925
3570,0.002605446495333165,0.0025605638131857597
3571,0.0032373321850859204,0.013166208135573605
3572,0.0029592209085259977,0.007060482359374882
3573,0.0029532433595158393,0.008308053303167343
3574,0.00273422953608449,0.004929094761606549
3575,0.0020997979385477756,0.008747377777084083
3576,0.0030585751358705297,0.007375679959188608
3577,0.0036238180708073643,0.006576635030052982
3578,0.003330541187898538,0.006487693780097657
3579,0.0029194208589205595,8.149644403840292e-4
3580,0.002792231795791574,0.011786911626760602
3581,0.003545069459792444,-7.617355552941981e-4
3582,0.002177123853306544,-0.0064383219419598655
3583,0.002919109622630198,-6.882304521384536e-4
3584,0.0021899078125785167,-0.004332089121729199
3585,0.002410086779944523,0.005103022334027697
3586,0.0026571660597925137,0.004665611624835723
3587,0.0024147227267564027,0.011744557576809898
3588,0.003198688222749365,0.012016722985234925
3589,0.0026138181227737724,0.011638125100653898
3590,0.001896539658546782,0.0065208297524817944
3591,0.003151882654114725,0.007845053501343645
3592,0.002475891653900498,0.010254739689557663
3593,0.0029246508614716163,0.009613133733728635
3594,0.0030200165637179,0.004414564654590409
3595,0.0029974073335447514,0.008017362912439058
3596,0.0026270677143242008,0.00412105626455548
3597,0.0033160498271311775,0.006429237003951938
3598,0.0025588914747533315,0.010310426278993666
3599,0.0032590260694872544,0.0030657439192651632
3600,0.003224701587611864,0.0064607019669769335
3601,0.002729759039132057,0.015600544608227001
3602,0.002787304511851108,0.005610339695855926
3603,0.002591044474960515,-1.8996485581645821e-4
3604,0.0025413899962690037,-0.002523461694071704
3605,0.0033733515902353226,0.012042020697518205
3606,0.0023906176732391925,0.002254067401986393
3607,0.003494461807143659,0.011450697915459742
3608,0.0023233853096573985,0.0017149372070933023
3609,0.0034812410848969544,-9.832654297237094e-4
3610,0.002544847340882053,0.0022536798732205356
3611,0.0019416626002988525,0.008594463090256917
3612,0.0013556929008161538,0.0031668585800932155
3613,0.0034396224679712085,0.003319457741419214
3614,0.0029741266666134373,0.0018942262757042742
3615,0.0020845524596207255,-0.0023141038958481384
3616,0.0026606565559341724,0.011850014810679585
3617,0.004132071596680496,0.002804651708662783
3618,0.0035248857053111968,0.006810581479547802
3619,0.003317962159473676,3.501809595394803e-4
3620,0.003115391019673083,0.004180507537145256
3621,0.003085566098777389,0.007557396571294636
3622,0.002591380621814271,-0.001388994864127443
3623,0.003173907388398579,0.009676470778442256
3624,0.0027784025033350907,0.001135263511331609
3625,0.0026821054025176877,0.006919482323425945
3626,0.0022726885546983607,0.01330453315217006
3627,0.0024338623623919096,0.0081528552100186
3628,0.0035755807561533627,0.005347749949755693
3629,0.0030081841856369196,0.009765742677992496
3630,0.0034934283079599083,0.0037136711962168513
3631,0.002526518711472136,0.004798458610254288
3632,0.00418070650914521,0.00869775815277079
3633,0.0031857721047007003,0.004393029287597397
3634,0.002644175599297424,-0.004997162323500355
3635,0.003206191600360257,0.010010376584238896
3636,0.003224317796913542,0.006770886806001249
3637,0.0017234823951014573,0.011591077890830973
3638,0.003702192768620877,0.009545652036044256
3639,0.0038078871889456575,0.007090571933139391
3640,0.0026914235798901312,0.009680080280612804
3641,0.002269657470667024,0.007618055994604969
3642,0.0033418868606275654,0.00635599535790175
3643,0.0020062337479400676,0.008525091896571394
3644,0.0028548483775677172,-0.002003580664473168
3645,0.003313555592359234,0.006559291198569729
3646,0.0019410714728687294,0.004980115969962253
3647,0.002677836160938974,-0.0011326931641118514
3648,0.0031694006855324404,-0.00507092235031474
3649,0.003976378757345563,0.00462891596653056
3650,0.0029741544712616553,-0.001279614784780267
3651,0.0028742501217855513,0.007222821924162223
3652,0.003006393711216344,0.009261040959721899
3653,0.0031172405229234366,0.008004708108033928
3654,0.002452168602358695,0.007553602811636038
3655,0.003200751915184898,0.005522685804425491
3656,0.0024965345669628923,0.007909153025155977
3657,0.0020721843435491404,0.011387127576417544
3658,0.0030150648426052282,0.009477018667495039
3659,0.0029542040113231336,0.00427553533767244
3660,0.0031452512720518454,0.004613990723315492
3661,0.0029988118544116748,6.860566294033966e-4
3662,0.0022348290414901254,0.006580931334196678
3663,0.00259367315670394,0.015097535422006163
3664,0.0038364592675505247,0.012191210271713021
3665,0.0016129166644080596,0.005395702469787634
3666,0.0034434725974438977,0.012285613605793468
3667,0.0025931614394077134,0.0022791457140007385
3668,0.0030543115369698545,0.01114791539582102
3669,0.0031515425647883413,0.005062910908653834
3670,0.0033092084539053383,0.008157993522256587
3671,0.002810009944235894,-0.002959107257773783
3672,0.0027312719384157288,0.0015757133606424502
3673,0.0031224557423086097,0.009575440307718735
3674,0.0035871976665363386,0.007471020895262822
3675,0.003194084181068284,0.01265639973875357
3676,0.0023168025802817894,0.006700105691443293
3677,0.00263601046848156,0.010010391421220772
3678,0.002697762504005693,0.0046460672431886145
3679,0.003244330148114505,0.005338479599159297
3680,0.002850606900536274,-0.0010808084335065678
3681,0.0033009045474607073,-3.7657691919233205e-4
3682,0.0026367709607156157,0.01243197359899972
3683,0.0023398601170786446,0.00664075951865985
3684,0.0038653988800262298,0.002940956291835381
3685,0.002380127154911348,0.0012133283098089143
3686,0.003799510702620058,0.008630990208803167
3687,0.002219178319962993,0.011025852917826403
3688,0.0027209733701690567,0.0060198730929901375
3689,0.002675362168711697,0.0036621635797054195
3690,0.0028321125553283366,0.006326055110723344
3691,0.0033969250369383086,0.005964132207387629
3692,0.0031637191731026682,0.01310798223353569
3693,0.002688596640875697,0.007900160552555744
3694,0.003275565130372541,0.0010792025854410498
3695,0.0018028745070231482,7.960085913935435e-4
3696,0.002865153404610903,0.002512211138879077
3697,0.0035526930449224104,0.007823115812817555
3698,0.0028529443300929886,0.006003147993214695
3699,0.003317091522410052,0.006541014198463199
3700,0.002086677142819525,0.011632691754830716
3701,0.002869536478139006,0.010801994268368083
3702,0.0027281475647108417,9.477338721039486e-4
3703,0.0025360484876759725,0.003239238329343392
3704,0.0022195511225829084,0.009090018169022974
3705,0.0035735364602921555,6.281553442453961e-4
3706,0.003954290545824438,0.008823644357703069
3707,0.002856195281235134,0.009542341652292952
3708,0.0029497087752245665,0.006977524988372682
3709,0.0027716973632839047,0.007773166942922332
3710,0.00343273160449836,0.01110831739936352
3711,0.0035920116642826645,0.011558245044282822
3712,0.0032833796756747955,0.007101871926833045
3713,0.004068775388066486,0.006563889436199163
3714,0.003120955469759305,0.014858540287852346
3715,0.003485816890010978,0.01206204464549204
3716,0.002535949120123551,0.008978218622414392
3717,0.002542163593802443,-0.0017014053661777006
3718,0.0030334295531571393,0.009334178047849927
3719,0.0027648034129585533,0.01789999455198968
3720,0.0025057599761436258,0.011349948375422214
3721,0.0036800876170873854,0.006657519502082135
3722,0.003616532900506195,0.0018095043413566764
3723,0.0033075263881713036,0.0037318472505797912
3724,0.002819020702498399,0.012671101953244003
3725,0.0021986082984460863,0.0020107746993075033
3726,0.0017391234240854325,0.006497399436417119
3727,0.003565589056838388,0.004401265136478462
3728,0.0025135424186024185,0.009074650121935403
3729,0.0026698917979089487,0.006263979553009599
3730,0.0032697588323646084,0.0018452307667526082
3731,0.0031800977279541733,0.010775830197034025
3732,0.003452608455384174,0.005831122322089887
3733,0.0032494786216141712,0.006820820250280067
3734,0.002303373712975215,0.0032294567718751986
3735,0.002475324894526421,0.0020899413594823602
3736,0.0032055618370483248,0.008858995409010046
3737,0.0027838950664801866,0.007130593053979708
3738,0.003553221773919572,0.0013528069822168736
3739,0.002781159688799932,0.009933202491662267
3740,0.0033617260234314653,0.0035180490618736573
3741,0.002807198932397897,9.167555091381353e-5
3742,0.002788981629827041,0.00819223654879125
3743,0.0020973589367586833,5.78997878859648e-4
3744,0.0027483114779845892,0.0021276536809744792
3745,0.003025360306125489,0.0017717832809042724
3746,0.0037413622749429202,0.0037704368740585923
3747,0.003264774279970669,0.013653632190891472
3748,0.0034574728765096037,4.0306722278071164e-4
3749,0.0027054463053687375,0.0036624355009388498
3750,0.0037168294664972398,0.004216352295814081
3751,0.003079790353558298,0.006647766734002353
3752,0.0031707581885554643,0.01085139453021368
3753,0.001545723750053065,0.009013414804427309
3754,0.0037276854819497736,0.009025311204675972
3755,0.0037388262507274585,0.006363535017962222
3756,0.002656361208389724,0.008124852131353253
3757,0.003271048136043041,0.006353603171300905
3758,0.0028080684466088674,0.010303480913044718
3759,0.0030606283393864986,0.006088734784477571
3760,0.002677680849575083,4.284346390474054e-4
3761,0.003134282392405298,-0.0024006153659489613
3762,0.0028404710936668406,0.01124044730711681
3763,0.0029293527461685303,0.012371276751806175
3764,0.0033610781092341746,0.012786073254573645
3765,0.002041242035953017,0.0038975508276358553
3766,0.0029473687042477804,0.007608896613075364
3767,0.0036777556803265225,0.005698558158150348
3768,0.0029671174191424282,6.145525629981819e-4
3769,0.0032761307313568617,0.011432812041429347
3770,0.00248919059135346,0.005659176736250911
3771,0.0030744149202293802,0.005010822653178319
3772,0.0027525111273183447,0.005842758745257894
3773,0.0029342011625664542,0.010078363788995882
3774,0.00347671400256017,0.008429103847974387
3775,0.002496685182686851,-2.736392110224855e-4
3776,0.0026470169302060358,0.009280066044456782
3777,0.00300214950394956,0.008042019779251945
3778,0.003990214896756838,0.004184910916585574
3779,0.0033731457409689235,0.008524739112792064
3780,0.002740884575294297,0.0014009379068024288
3781,0.0014019570490783988,0.007342311186984421
3782,0.0022183807996538516,0.004339140395954338
3783,0.003485092882173052,0.002146282861588784
3784,0.00318823923596217,0.008167047176559835
3785,0.003072313763702072,0.005535480475374449
3786,0.003033668981187268,6.378097687374483e-4
3787,0.0027792635761515437,0.009718156805165317
3788,0.003028597528061986,0.005922763268954016
3789,0.0024644873893542004,0.005348046282124223
3790,0.0035091075633272174,0.008445730018784741
3791,0.0029274652051658736,0.010765804660886967
3792,0.0036630692231101577,0.00845446695604259
3793,0.0028397735025647,0.008509754445422194
3794,0.002463068135122139,0.007637660306074565
3795,0.0031047460376283117,0.007922534952696991
3796,0.0024374333733175506,0.008458609385067921
3797,0.003609335917082327,-0.004832221786227046
3798,0.0027782990692882476,0.006085045725689886
3799,0.00280528047600351,0.012904777740655151
3800,0.002201758025342323,7.96726708126712e-4
3801,0.0032927116913202405,0.00887912078017874
3802,0.003149535452945547,-0.001298341829676439
3803,0.0031024238406244828,0.013338132771944816
3804,0.0035472758310995498,0.0038556755831654277
3805,0.003294225622214881,0.0010903234443854735
3806,0.0033160000381596546,0.0076903989031256274
3807,0.0034384695678623496,0.009751177878271657
3808,0.0027212429153920165,-0.0045033575998124405
3809,0.002960455560737701,0.005118149961381882
3810,0.0031070036566284587,0.0013014425935577298
3811,0.00264514317935692,-0.0016837586144609847
3812,0.0034539054851412073,0.0068376601157919105
3813,0.00298653251833929,0.00706883403805587
3814,0.00338670940117542,0.003990990086705726
3815,0.0027505941472737937,0.004024209356802994
3816,0.003814666648523726,0.009309534545807178
3817,0.00378527643758613,0.002972402567458198
3818,0.00290901933128068,0.004796874229295483
3819,0.002520123836710898,0.009554036841904014
3820,0.0024448092633793713,0.0095786670968204
3821,0.0033964431152488893,0.009959283816526445
3822,0.002569624783351544,0.008110108598943771
3823,0.0031805668979788216,0.006534294663655044
3824,0.0025811475924493016,0.007763203741617532
3825,0.002781346455631214,0.005503610684326794
3826,0.0035974001946606077,0.009498629719097599
3827,0.003397568270521299,0.00508158297422449
3828,0.0024854501308261487,0.007852152045954953
3829,0.0018829584038314376,-0.0020213172866501245
3830,0.0028936102510641027,0.009658695163494609
3831,0.0038465620167967168,0.010073970278562126
3832,0.0030572445343427374,-0.0024022199254034315
3833,0.0025750811271996643,9.13577968252727e-4
3834,0.0030947041710400877,0.004038612878755317
3835,0.0030885227610918387,0.00738766552748679
3836,0.003685143855738768,0.0014642591838143477
3837,0.0035569453755374806,0.010377347983497296
3838,0.004193793268195051,0.00688438926580153
3839,0.004517867431222557,0.006522178839411342
3840,0.0028570011000509698,0.010358699103819818
3841,0.002722785092800806,0.006217663853276033
3842,0.0028907233522246743,0.0121341224664075
3843,0.0025372176863858033,0.003448486287596007
3844,0.0019751037417685934,0.0108148998307575
3845,0.0027502463163291027,0.007954096546620033
3846,0.003043172339705566,0.005438387597487415
3847,0.003039895570219033,0.008757693834508171
3848,0.0031299844678710155,0.0022488562736217525
3849,0.002048182019545366,0.012575675635434477
3850,0.002660941614743123,0.011117280267231227
3851,0.0028654705560968038,-0.005512686068726146
3852,0.0030495166019732013,0.001388281978874164
3853,0.0033703176617528173,0.0025722149467060926
3854,0.0030317302444801703,0.0045340415522987275
3855,0.0035806558619102522,-9.86881547549362e-4
3856,0.0023116432116394364,0.013088717191751576
3857,0.0018741966057585235,0.00894956273230636
3858,0.0026479151291957654,0.003676579045863552
3859,0.0031918765289285717,0.012126682504299487
3860,0.002526964683778633,0.00489588970129857
3861,0.0035411644194327787,-0.003206483754293155
3862,0.003222959107405195,0.003834389015002589
3863,0.0029227500959582257,-0.0018987079175949587
3864,0.0028243549887132617,0.012958240556978595
3865,0.003203209304105586,0.007904895796966007
3866,0.0033719804203387665,0.009115969786828718
3867,0.0018635141507734507,-0.003664254178806511
3868,0.0031293003249606957,0.009616929853766075
3869,0.002280354092083427,0.0023218477498207378
3870,0.003799034463362331,0.005599982926592571
3871,0.002867924028568358,0.01115022444243273
3872,0.0031338588753294107,0.01262616541815247
3873,0.002967195975656559,-8.412999847112997e-4
3874,0.0029422907122089947,9.559327218902035e-4
3875,0.002950221579589685,0.002751156523038135
3876,0.0034155070021367764,0.0030822569447954335
3877,0.001872518487478496,0.0018659966411694283
3878,0.0030822830913758573,0.002642741627526403
3879,0.003059987498449052,-0.0036856950120724027
3880,0.0033443778439012062,0.0028179149877497023
3881,0.003105174878425488,0.00801400277650268
3882,0.00244104316505131,0.002760842320200167
3883,0.0036539813037765193,0.0014710636615833266
3884,0.003229915383699588,0.003059770375039331
3885,0.0029202776906508527,0.0058085735875312
3886,0.0025197657209177467,0.002988437689070589
3887,0.0031308004365442474,0.008992647022524529
3888,0.003121131982593652,0.004635974702758977
3889,0.002010755842424255,0.002050515226638466
3890,0.002590221403759186,0.005474048221970789
3891,0.003342920286513099,0.001972689290531783
3892,0.0032791524457139857,0.006297748414146672
3893,0.003530570023779159,-4.5487008810933885e-4
3894,0.002657698842600561,0.010913961403157762
3895,0.002335512899805967,0.005871671553377596
3896,0.0024066205203826336,1.2512659757965474e-4
3897,0.002881477921416967,0.0064395746543097305
3898,0.0030676076035708,0.014715060584710376
3899,0.0031157167012618777,0.009677810774845577
3900,0.0026629352378738833,0.007924717413748242
3901,0.0023212210318008775,0.0038844792850908742
3902,0.0030370292601203997,0.011639257177362193
3903,0.003305380497593435,0.0071447597798071655
3904,0.0024673023760902364,-4.369546820949662e-4
3905,0.002720585092574506,0.010795137310467788
3906,0.003421694502223877,0.004195359981804256
3907,0.0028389023415420953,0.005411466526496991
3908,0.0026889585823810917,0.0069670479537867515
3909,0.003008874092607348,0.004508542058416016
3910,0.0028356318106805573,0.008807958588905495
3911,0.001426277155342796,0.01170714748438545
3912,0.0025068549186896627,0.003507014435730922
3913,0.0017887581331359386,0.005695093146369557
3914,0.0025692719416224663,0.009273301643277875
3915,0.0035752064633726155,0.005998784972166478
3916,0.0024571358208243426,0.011971932884290297
3917,0.002145992206742035,0.016236970403088705
3918,0.002621655667616434,0.013721484851731816
3919,0.0033292506160948953,-8.715546667917508e-4
3920,0.002870177633951515,0.006415652624623043
3921,0.0025140920107951164,0.002521632818628201
3922,0.002841523192239385,0.0055536568420130935
3923,0.0027351824047327482,0.009001813894028914
3924,0.002773253109618079,0.006338889560642563
3925,0.003638638197016449,-0.0020945763640429025
3926,0.003211265579176876,-0.002307714428883015
3927,0.0021283340206542847,0.0027679144273150573
3928,0.002838845282476853,-0.002219739340397991
3929,0.0024333060396674287,0.0072450596992004405
3930,0.002812909270052534,0.009782781665112254
3931,0.0027573332698136344,-2.8139014191200587e-4
3932,0.002819960183780098,0.005579837566416213
3933,0.0033639293160530118,0.010413220782815327
3934,0.0019102445280652625,0.004470937763065223
3935,0.002601284249200006,0.013114885852926797
3936,0.0028426532195809195,0.008430829226798657
3937,0.002655450573332229,0.010564876639193064
3938,0.0031794904993384106,0.008440573709388725
3939,0.0025813468921822786,0.004790255358879742
3940,0.0021742824911092666,0.0041531204287584165
3941,0.0035548698717252757,0.011922225800568393
3942,0.002743528466749303,0.007350957930982408
3943,0.002632327806563156,0.0088114074152594625
3944,0.0023534056280620206,0.0059961767004889765
3945,0.0032402145414170613,0.004951943561362102
3946,0.0028367088484915807,0.00956349549896273
3947,0.003529518062142992,0.00818047838427592
3948,0.0037393245141351026,0.004897014332690514
3949,0.003357750909476463,0.0010616649131545575
3950,0.002831198466033721,0.005773929070029107
3951,0.002461989114271061,0.0012810576091329962
3952,0.00283762814104729,0.0030257185561285136
3953,0.0027650302901148114,0.003695754220711777
3954,0.003579078379833722,-5.098466274340756e-4
3955,0.0033470692048687203,0.004118262673188058
3956,0.0023580102180428796,0.006648843934016029
3957,0.003156071936187497,2.1508257408618756e-4
3958,0.0031057354665071897,0.002779224363148559
3959,0.0034437502641085286,0.001149398628028069
3960,0.0030083220674386848,0.011307400533340606
3961,0.0029127522341971046,0.0053602520831451065
3962,0.00253201879900535,0.004101659014806432
3963,0.003932656490699031,0.01339406964436403
3964,0.002931485206641406,0.006501652131389011
3965,0.0036193662037143533,0.0032345271891412075
3966,0.0032674459078108837,0.006083017723178724
3967,0.0028206838994625644,0.005111663726791095
3968,0.00364456896431608,-1.926538586746098e-4
3969,0.002609321890724002,0.012426461204952534
3970,0.0025894607568377774,0.0032604975043983905
3971,0.0032761281049166744,0.010713637329180223
3972,0.0028344703264877487,0.005368455591860404
3973,0.003163398859230697,0.003564611774504781
3974,0.0028408826700523112,0.007114080580622948
3975,0.0030613092932192452,-0.0023360243076097024
3976,0.0027077951252801034,0.0062047313731150786
3977,0.003225589095063185,0.008275878643610226
3978,0.0029368264974915766,-0.009332054447542829
3979,0.002756148938461008,0.00814585089213271
3980,0.0027332451020330275,0.008103353230344407
3981,0.003128815791344678,0.006059885590780286
3982,0.003693437820681055,0.006538244349654141
3983,0.0031652102617442343,0.002916390147765678
3984,0.00317197955054942,0.005492700170311597
3985,0.0019415655718918868,0.013479474185851768
3986,0.0026643044099352907,0.00984740891842824
3987,0.0036375261337131897,-2.3264652470644364e-4
3988,0.002315763951303947,0.004805571890856416
3989,0.0026560965523579278,0.001802505909368599
3990,0.0037986280310969606,0.010979652865311869
3991,0.002717609465460099,0.00591993589585718
3992,0.0030970581512411374,0.0059562741032788
3993,0.002215040120467217,0.012138932933987469
3994,0.0025248562792893215,0.011190992907664654
3995,0.00272696443078438,0.012616362124232994
3996,0.0035652066783698616,6.312154859150834e-5
3997,0.0031659390814557454,0.0026326897717975596
3998,0.0027561494976662488,0.008762156663586044
3999,0.0032132282213293887,0.011888254113250693
4000,0.0030438887815711973,0.004795463187897232
4001,0.0030760793175223936,0.0019309488472881867
4002,0.0021997459942969047,0.013179291544379492
4003,0.003237598710680602,0.009657293124133538
4004,0.002642387804012669,0.008930368646071272
4005,0.003202727027415802,0.005763270186927615
4006,0.003415866239531645,5.562955006414363e-4
4007,0.0028213944522737303,0.0012215706353628565
4008,0.002519163876479481,0.003369513248654022
4009,0.002636883026363899,0.0066682144661112846
4010,0.0019392799987137652,0.004075262676992004
4011,0.0019231137520150574,0.008168654911762096
4012,0.0026649868688767616,0.010393032718417055
4013,0.002672547916902695,0.004561324721136698
4014,0.002853989391013958,0.013775500319141237
4015,0.002422814683606757,0.008057084795523053
4016,0.002665414436728315,0.0109488663365843
4017,0.0026519565857805326,0.0036721951230558464
4018,0.003767332127308117,0.013580001392392172
4019,0.0027709066480968844,-0.001081620160039615
4020,0.0025341354865588304,0.0032922125887675452
4021,0.0026336164661705797,0.0037239367619242786
4022,0.0029224826336165834,8.259558527873249e-4
4023,0.0026014085013319624,0.0013578865014948508
4024,0.0032269188967813983,0.004865816099872139
4025,0.003449134977565063,0.0012813880945800084
4026,0.003105153575250115,0.00689837168025562
4027,0.0027516463513530425,0.005745752096630222
4028,0.0016268772172855818,0.00824757462241011
4029,0.003500037317551793,-0.004634161334321561
4030,0.003056733198657485,0.007636698408462544
4031,0.0027423850141545213,0.003324776759526045
4032,0.0029928298132974093,0.008185338986597589
4033,0.0024317099566870224,0.005784023374672228
4034,0.001980170746819441,0.0030405915730692123
4035,0.0015931003745920775,0.0017405756652978397
4036,0.002957591230788851,-0.004045494644422991
4037,0.002357043202583291,0.012086692206204688
4038,0.002924705313682196,-0.001318433219779743
4039,0.0026361611215040825,0.004605733984891383
4040,0.00346430667977914,0.01048236416109839
4041,0.0030494198157629128,0.011492530148361626
4042,0.002720269293854798,0.006623974532955541
4043,0.002787706078402941,0.00729011022122363
4044,0.002431964265363591,0.00999811144600973
4045,0.0038644670915745773,0.01225188605227565
4046,0.002854305036600137,0.0025790098872870834
4047,0.0034056316762995247,0.005794005644716184
4048,0.0024462813406637292,0.009347008900983682
4049,0.0026582338492664127,0.0019693861308788573
4050,0.002184288352577942,0.004089580324169672
4051,0.0029692985746617765,0.005583497335458808
4052,0.00257398960394517,0.001936877511149241
4053,0.003481419026613019,0.005795287387463442
4054,0.00196864516739957,0.0014634088213093168
4055,0.0029714077457549774,0.00619640056579206
4056,0.002671507257696981,0.002648978736809674
4057,0.003017905042393078,0.002601560912335968
4058,0.0035136082246322578,0.010848706029845466
4059,0.003219880950718544,0.01022044420362008
4060,0.001892418437860852,0.007769219431098727
4061,0.003499174755900259,0.0017766378848843526
4062,0.0029668572578537894,0.007711073399256858
4063,0.0034075629623013283,0.013612168156768105
4064,0.0027200832585181555,0.0032534147662863127
4065,0.00229218719936455,8.954682588583358e-4
4066,0.002144798600468747,0.005608356626370818
4067,0.0026302679979354118,0.007860437549234427
4068,0.0030923363761646942,0.007034710306275686
4069,0.0024027828632722245,0.00713681321225028
4070,0.0030063786773838986,0.012928998771961499
4071,0.002233747775067278,0.014784382522085138
4072,0.0031442099580072823,0.005407777949787975
4073,0.0029003289667989705,0.014950645238572542
4074,0.0029301470972478245,0.003771567995192446
4075,0.0026522046653575946,0.005804177081322785
4076,0.002366566111282831,0.00631970248840494
4077,0.0033746400517052424,0.00704019257898074
4078,0.0032038658447948046,0.0037527047180595462
4079,0.0032503220465363815,0.010776421120914694
4080,0.0026022460234996717,0.0013727136934494448
4081,0.0035183322494415606,0.00820563505525061
4082,0.003181279259060083,0.005266543495255991
4083,0.003764895124538773,0.012981935929030453
4084,0.0035547270949714475,0.0011013385525859148
4085,0.003130986535092829,0.008505899731644801
4086,0.004033505355394125,0.0028198665392828947
4087,0.0032889076000928922,0.009364666984798011
4088,0.0028366895485325396,-0.004045342884669577
4089,0.0026607753350885834,0.009301312240370705
4090,0.002949447522882394,0.0053100790981720335
4091,0.002424348819089806,0.008794014869532291
4092,0.0036244901130238994,0.0056106905981437765
4093,0.0019355353076612781,0.006345678344832703
4094,0.003145370511228729,0.0074547468578871
4095,0.0028005252140220266,0.008848746948952138
4096,0.0027055227313750887,0.013840708478032912
4097,0.0029486161257723693,0.008192431778071755
4098,0.003179732132551602,0.008888543190915543
4099,0.001900691739444819,0.010859476059173366
4100,0.0025744959924127917,-9.894701563432006e-4
4101,0.0029336476719526213,0.009090239013523939
4102,0.004165980524525831,0.008798593666342341
4103,0.0029301614269283825,0.005152623928960334
4104,0.0016892168635010978,0.008991015512188125
4105,0.002672626447325321,0.0029011255657450576
4106,0.002520089656923203,0.0037725772696880462
4107,0.002571876827425102,-0.005447872377926344
4108,0.003295271359570205,0.007536295608760488
4109,0.00248115686837542,0.01337093067132545
4110,0.0026581931184516574,0.011671248826367364
4111,0.002756649411951863,-8.023751130026074e-4
4112,0.003458023230105347,0.003407415003729523
4113,0.00285459444145626,0.011419859465475477
4114,0.0033695150914304474,0.0024657330397749883
4115,0.003113785656624335,0.006558511414829193
4116,0.002438536361363819,0.008903963852669743
4117,0.0032706101329150264,0.009913018446841036
4118,0.002254631094890249,0.012668866272917972
4119,0.0010166154292401775,0.006058159727442305
4120,0.0032511854377249363,0.0053227259783548315
4121,0.0031801475741594035,0.010507986281081134
4122,0.0028877854743498545,0.006263107023890333
4123,0.0032191868006033126,0.00436065921323098
4124,0.003172934095178073,0.010746929259812056
4125,0.0030401466955761163,9.898762318951652e-4
4126,0.0027761595965606393,0.005480095868919762
4127,0.002877066128865417,0.007625531469296891
4128,0.002871713656772288,0.00362365926485661
4129,0.0030851271455336025,0.010261797918906301
4130,0.0018743050069524594,0.018215535866349723
4131,0.0031084797519816834,0.009752944196136055
4132,0.0031398808899195103,4.165374460741197e-4
4133,0.0016905588297614204,0.002319432215713052
4134,0.002339059648676335,0.01709266970886278
4135,0.002760251216564653,0.002478398731581141
4136,0.002398032434938465,0.008925442151288208
4137,0.0038786224270383482,6.413636965757717e-4
4138,0.002809571738586845,3.005747363910311e-4
4139,0.003208600431938542,0.011661087369409762
4140,0.002678972651783702,0.008518304004620135
4141,0.0029796283194898298,0.006378121436052778
4142,0.003054697632581088,0.011204312917055871
4143,0.0034173285039865455,0.0020359896773147284
4144,0.00283593940765958,0.00386078322473837
4145,0.0033437433489822365,0.0036520748926747726
4146,0.0034250466374961116,0.013425582227581624
4147,0.002668638528163533,0.005864755869188119
4148,0.0026785666782099407,0.002212517298994455
4149,0.003153591210613357,0.003482846221673873
4150,0.002728588409790544,0.007274982339700473
4151,0.003310059756639037,0.004274786579095739
4152,0.0033484129198199514,0.012684551637691284
4153,0.0022416847082392067,0.006271476056307039
4154,0.0015759450807381198,0.006074599749032026
4155,0.003374567215140593,0.007370614140783082
4156,0.0030671676493436053,-6.472264996993174e-5
4157,0.002190507578882647,0.0064722748569610924
4158,0.0021330077407770718,0.008183842332249107
4159,0.0034439027527843283,0.010276807735055205
4160,0.0029533281808515046,0.0034988247860535055
4161,0.0027314349203638962,0.011464949762858815
4162,0.0028716583957951658,0.004864217920158462
4163,0.0024383718614045466,0.002902104150626385
4164,0.003413151859324304,-9.356799827886052e-4
4165,0.0032670878910948204,0.014042721437890822
4166,0.001821497263525196,-0.006094357076516541
4167,0.0021934359774472656,0.002423189693720652
4168,0.002750772117025766,0.006975996015924178
4169,0.0028282178665190723,-6.795016262247534e-4
4170,0.001893235421456807,0.0047596333493211416
4171,0.002945489653811241,0.00358063493865585
4172,0.002733704610019747,0.003855717894371377
4173,0.002766096478259408,0.0030697359134245795
4174,0.002983506631342379,0.012921914438228061
4175,0.0032310773673294717,-7.505020675694094e-4
4176,0.003055294786551166,9.352174908768092e-4
4177,0.0031110890774109167,0.008641547697147927
4178,0.0028463192298125387,-0.0030621821865588253
4179,0.0035641002360198336,0.012999168394237221
4180,0.0026436815912168413,0.004925816454253893
4181,0.003202447735429029,0.005483586894375369
4182,0.0026989764602460184,0.008357900232475898
4183,0.0030534369848766512,0.012374140371038617
4184,0.0026255766240461244,3.948180786170828e-4
4185,0.0032351634647552127,0.0035265923323346956
4186,0.003306919146130279,0.011829976680678391
4187,0.0029248929274336404,0.005727726044247886
4188,0.0029321174757607196,-0.001990430855711546
4189,0.0023573773184594553,0.007386304132346022
4190,0.003316884869009907,0.010348729166532301
4191,0.0037689654974358126,0.012717548571782297
4192,0.003716648143672693,0.003112177568155906
4193,0.0033460406655486893,0.010824547874134708
4194,0.002962662335537643,0.009194385215585738
4195,0.003804802238661936,0.0072343800664056565
4196,0.003500969184962396,0.008858007608935759
4197,0.0017795232821315261,0.005376076331269673
4198,0.0031272195063794233,-0.0035764968870633015
4199,0.0036283777633779454,0.0010932347684390713
4200,0.0032979146731280332,0.007197064560573354
4201,0.0028092364513119267,0.012537564107036832
4202,0.002503367970988487,0.006652571657956784
4203,0.0016163888365455445,0.004957170086592471
4204,0.002435595107887502,0.012591705610810838
4205,0.0022975691727599875,0.00911164434490567
4206,0.0030317660983548832,0.007013887607218736
4207,0.0021004598101808745,0.010858184116899067
4208,0.0027942026921146624,0.002171481290876222
4209,0.0029759888995746836,0.002783467668947357
4210,0.0029255419947067183,0.0073838880316565245
4211,0.003906781900508259,0.005337605025276465
4212,0.003431569910145906,0.008527472352327002
4213,0.0030020976282563593,0.006676246969884469
4214,0.0025807376974030186,0.010681606728378664
4215,0.0027888196339618905,0.0024764936489696404
4216,0.0025032892332071685,0.009476308350986944
4217,0.0029078379570467326,0.011708709098405726
4218,0.002277020473620687,0.008333039780282579
4219,0.0032192449979742068,0.010499239835141278
4220,0.003203589693732829,0.008335589937046682
4221,0.0024466834097180445,0.01135369517867872
4222,0.0031167002658305,0.007182614398449259
4223,0.003029964564148684,0.012108801114974727
4224,0.0031297228584533134,0.0010048255758881852
4225,0.001392016172252993,0.006817275469332501
4226,0.0022616970356065125,0.004659517543650924
4227,0.0024414220422671225,0.003012494249017687
4228,0.003145701848129654,0.003099118585102304
4229,0.002855846201759223,0.004761927178805877
4230,0.0027268058256133486,0.004272915620232712
4231,0.002552463660215223,-0.0023611113892383143
4232,0.002221471623796444,0.010624235079368778
4233,0.0037336567307468134,0.005298220286553287
4234,0.00311111531369686,0.0028419644655454917
4235,0.0033677861954660247,0.004041275510491462
4236,0.0035840355912236752,-0.0012636347877758433
4237,0.0038014521770365246,0.010079972196056513
4238,0.002842868761094797,0.0048645050550210275
4239,0.003615646740634464,0.004690357783581622
4240,0.003456811495521096,0.00955787535430967
4241,0.002258752747229907,0.008101520024588138
4242,0.0032948714087310074,-0.001124798368187283
4243,0.0030758052752683286,0.0027975914552932097
4244,0.003532687135105507,0.008960153638666965
4245,0.003117516837897189,0.011209305549684745
4246,0.0023574495937991632,0.00964955523471362
4247,0.004209304359981787,0.014533391647244404
4248,0.0024392437335924166,0.00782467438971089
4249,0.0033963760901271345,0.0018450554817139378
4250,0.002909746810985566,0.008045095823323974
4251,0.003531223799591479,0.006020967960032641
4252,0.0035947190296287002,3.691559590153267e-4
4253,0.002986377093188534,0.014341027909150152
4254,0.0024804993070164393,0.005784191882420506
4255,0.0038308483006069542,0.00448037515534785
4256,0.0030205387262931577,0.0063981378507119826
4257,0.0030312040179077716,0.003844996423296397
4258,0.0031566886047284344,0.01404861100292617
4259,0.0023069523552769864,0.002049837684156527
4260,0.002498903398359036,4.970465137044315e-4
4261,0.0030381741888356535,0.0049688737526016056
4262,0.003056382112203383,0.0029601672200604053
4263,0.0032925994158210536,0.012836409106994878
4264,0.002906670701246016,0.00295747449082351
4265,0.0023049767484782124,0.006795205748363473
4266,0.00321574013057083,-8.907663459850135e-4
4267,0.0039347069391018645,0.0060578278520812216
4268,0.002619018852369875,-0.0026759112746977095
4269,0.002911291916935769,0.002198745749959714
4270,0.0037602559808493606,0.007136332721519596
4271,0.002364951695809571,-0.0012377417844516257
4272,0.003383824236828989,0.006615978896823624
4273,0.00372166455669037,0.009587066896887467
4274,0.0035168062878576573,0.012370386389785522
4275,0.0032350667753420974,6.726477924521514e-4
4276,0.0027094970082771667,0.005878272277538103
4277,0.0031207765801295894,0.01591051236802188
4278,0.0025042237246666187,0.008265207044953152
4279,0.002466201549188249,-0.004563108193845063
4280,0.002986116521711039,0.009900753159958732
4281,0.002882196728883699,0.007253867251172564
4282,0.0031073669624695015,0.01040677220037294
4283,0.00241949461760528,0.008715449463000485
4284,0.002141005328981131,0.008979198648632962
4285,0.0029922342472453135,0.007853033215332672
4286,0.002401710477692916,0.013448790154638613
4287,0.0031639888955955005,-0.0022605293448411125
4288,0.0035214223967252253,0.004645112262793932
4289,0.003173251714877858,0.002598930088337195
4290,0.003381110654470104,0.0034584775805624416
4291,0.0037081453676522584,0.0038964412681236245
4292,0.0032293769613291144,0.010025666658836172
4293,0.0031081453610506604,0.010893542833304206
4294,0.0032553948105736546,0.007656075396153008
4295,0.0018974225851120558,0.0037302435355737987
4296,0.003839790690860783,-0.0024493296235250624
4297,0.0031434606990931465,0.005934705168875193
4298,0.002971188967181615,0.003874955162776181
4299,0.0028707474820906095,0.005029947555217886
4300,0.0027153165949882234,0.002302141349289655
4301,0.0037642365374901915,0.008842133401520206
4302,0.002290002690309876,0.005083220545117698
4303,0.003997207547788128,0.004845195214299463
4304,0.0025162435050037337,0.0017920787234396674
4305,0.003042946332151029,0.005354878357972147
4306,0.004020588032539678,-0.0022205695216955725
4307,0.0027289060332813574,0.005401588478371103
4308,0.0033494082042721924,0.002644314851887369
4309,0.003118290906476587,0.0020006492831052035
4310,0.002745976876625067,-0.0011051608058044032
4311,0.0027049326980304158,0.004168211876011914
4312,0.0022616914567719832,0.006489678372278183
4313,0.003930012754927216,0.010122342019575417
4314,0.0030617975413942356,0.009026480787775695
4315,0.003031632524993271,0.005487177929236652
4316,0.003538187756793556,0.002833506163222387
4317,0.002330426765684168,0.008852521409013398
4318,0.003308132062657434,0.007810349791155364
4319,0.0019412619069879655,0.00802397782168509
4320,0.003028070308855002,0.011000689934110379
4321,0.0030984201884298,-0.0019201767032632905
4322,0.002400054131176681,0.010411025466459375
4323,0.003314319852482357,1.249467308212411e-4
4324,0.002760711331501168,9.890724690221615e-4
4325,0.002916745797730616,-0.005214441258076147
4326,0.003158629968494829,0.0032900328443358417
4327,0.0035849286548124025,0.0061458587951378095
4328,0.00319228193831661,0.0034256067381453724
4329,0.0019605756861131624,0.006084770677759394
4330,0.002971339801379847,0.00720842780740638
4331,0.002841841503516007,0.005583034014887229
4332,0.0035593439077306597,0.009239408015849458
4333,0.0022999266866228275,-0.0019965215613707253
4334,0.003567489240741616,0.002565938644780645
4335,0.0026235258332230845,0.005452786131188488
4336,0.0031579418528966743,0.012475414444653093
4337,0.0028093257556813934,0.005102712235354677
4338,0.0034330825178131045,0.0022591928283157686
4339,0.0031893027822325506,-8.36291782869078e-4
4340,0.002680160919617293,0.010366234878571173
4341,0.0019128789943043383,0.005209694005561291
4342,0.0035024833600055313,0.01632525041633924
4343,0.003960092255582888,0.011675177313972433
4344,0.0031443129160020297,0.01249837510121328
4345,0.002638352582954041,0.007498076160338191
4346,0.00308380327228079,0.012046294168135706
4347,0.003571713430802816,0.007234065568528561
4348,0.002770585807141433,0.007354284887100114
4349,0.0030518396593208277,0.010817706230287348
4350,0.0027873551245708944,0.002705678294395623
4351,0.0026878024851597544,0.005144897666996841
4352,0.002774233120811097,0.0046454391602620574
4353,0.0033886970412016996,0.010424126161032037
4354,0.0035413425698130898,0.005786186840244109
4355,0.0035548735050443315,0.007321069756480747
4356,0.0026847362730025434,0.001160329771057374
4357,0.001435866796777099,0.004912220535347421
4358,0.0031026869010583073,0.007188455538238688
4359,0.002817995303248047,0.014084047047808726
4360,0.0026815926450008253,0.0024071688981700105
4361,0.0035816458422841414,8.516633181946233e-4
4362,0.003458102029899956,0.00278857217661199
4363,0.0031420749437131375,0.004572717366951319
4364,0.002009191741215928,0.00609019818082571
4365,0.003051938287998763,-1.7493119428173016e-4
4366,0.0023460562172099523,0.006166472255185784
4367,0.0021824985994418943,0.00566294705761485
4368,0.003198149845384151,0.009871312098052169
4369,0.0028679311918140024,0.007638038304271039
4370,0.003192535327108998,0.01386790455852443
4371,0.0024422638149852968,0.006908373137829495
4372,0.0031748751006667195,0.001634002660675875
4373,0.002826030836660153,0.005056979340524001
4374,0.002833874133145766,0.00972372820286331
4375,0.0032425631876771693,0.005221750613762089
4376,0.003220465715146701,0.011113879666847903
4377,0.004115999490410981,0.011601413773028847
4378,0.0031965698478593303,0.007087025264104853
4379,0.002989253008334687,0.012612526752656106
4380,0.00332021549566069,0.00475028905232071
4381,0.002835727442824097,0.0051653131441361955
4382,0.0029633329816651315,0.011247736522971282
4383,0.0032848780513442307,0.01084260385082563
4384,0.002585430502962543,-0.0012983980493378906
4385,0.0035553749698353327,0.005156840249111413
4386,0.0023421959418988875,0.012537870916549402
4387,0.002898667944269786,0.008503219103487449
4388,0.0035750197807715963,0.008968392942851424
4389,0.002969835814784451,0.005794210508463091
4390,0.0025943348025347654,0.0015787639282164598
4391,0.002939434986905259,0.00933077319219445
4392,0.0034029594327996235,0.0072946177156013
4393,0.003661335420346754,8.806405376266604e-4
4394,0.002767555173854734,0.008430839555974328
4395,0.0033793270742854247,0.003650042406332302
4396,0.003988197056307653,0.004622615678693421
4397,0.002201022613677307,0.008317685519725098
4398,0.0031250847878980135,0.008853480114251796
4399,0.0034124018205991995,9.336388644419127e-4
4400,0.0030637646263343733,0.008139603332769802
4401,0.0033828293295742884,0.0024129809283104497
4402,0.0025845465973019987,0.002007450805634899
4403,0.0024421728743966786,0.005783154674159886
4404,0.003546822924342825,0.011600284568593296
4405,0.003905136827478807,-0.002930517418589883
4406,0.003338240694109255,2.8125840005984674e-4
4407,0.003292406528379268,0.0035673248728942597
4408,0.002967022528402815,0.0050586337812104105
4409,0.0037199325602739466,7.457571443491998e-5
4410,0.002925731099363594,0.002777057241133374
4411,0.003922087575006925,0.004696764783087531
4412,0.002357387722633649,0.001561380520734213
4413,0.002965815006636528,0.005571025235538006
4414,0.0033765471641303254,0.001752908826085791
4415,0.0029921028452444425,0.0018619664333033468
4416,0.003394735097621823,0.009762411796465932
4417,0.0026444144794741152,0.009809884193578866
4418,0.0016669759456166705,0.006648920583229018
4419,0.0026231073422271155,0.00791300144914323
4420,0.0018298471158368975,0.00838070246606767
4421,0.0030634020139100287,-0.004890491470556049
4422,0.003277279493786022,0.008036009776653927
4423,0.0034719267793724817,0.005335759716399354
4424,0.003195052246190815,1.8335045177427824e-4
4425,0.0027317285711986566,0.0019063324641031545
4426,0.002770433410614406,0.013771327257668838
4427,0.00253028607616988,0.0024409869327979474
4428,0.0031381728158258416,0.010215195950188518
4429,0.0028857129576754276,0.0038521420049847767
4430,0.002335914741370528,0.009633730526693966
4431,0.0020536962751359572,0.0035564721413352445
4432,0.0036251965135597032,0.003704611351638281
4433,0.0019909337402453584,0.0032654596356128094
4434,0.0016413846440652595,0.012588329730962425
4435,0.0017098465961454153,0.002586864939574054
4436,0.0022756501403770582,0.009243853289450118
4437,0.0021349548025390037,0.003241503012279218
4438,0.0027754042061223995,0.006966125664335337
4439,0.003302940383858872,0.003962339303954333
4440,0.003615023908662413,0.007812694999929209
4441,0.003113454148114168,0.006479784591575677
4442,0.002909276238374942,0.009584384981409778
4443,0.003895235621785913,0.00378807843533389
4444,0.0021403439267107566,-0.003796805363476265
4445,0.0033497655826042064,0.008051306009844564
4446,0.003176326587042962,0.009056002699515954
4447,0.0027206913492426746,0.004036357912422623
4448,0.002639497777867838,0.00744542907520301
4449,0.002446287536240272,0.009607862964016568
4450,0.0032585244900140246,0.002087589516799367
4451,0.0026917295630332996,0.0030714930935808005
4452,0.0028224842988988923,-6.27894089695484e-4
4453,0.00335486884912413,4.57020472578866e-4
4454,0.002091585520581203,0.012490674484800738
4455,0.002797996734867937,0.006412955745893135
4456,0.0029503850409310934,0.005009501659839049
4457,0.0029531778963796185,0.008465500454639768
4458,0.0025768833515404104,0.0024133222000476268
4459,0.002752981389930718,0.0034578113254577205
4460,0.0025894043163813634,-0.0022010909138476436
4461,0.003131492326377966,0.008148284094686372
4462,0.004354124989113064,5.253684768980766e-4
4463,0.003225920736033801,0.003974303398996562
4464,0.0026104496864088,0.016776255445846783
4465,0.002068978497909809,0.010888828183757096
4466,0.0036198426067630975,0.001091447650008055
4467,0.003132447935221127,0.002277171495691041
4468,0.0025394004372132953,-0.002216709584692874
4469,0.0025019293805214927,0.009359648347144204
4470,0.0026823398641205656,0.010002700729366584
4471,0.0031400772545980083,0.0027633588082677653
4472,0.002900081017206803,0.009515249842843188
4473,0.002343994157528227,0.010037622047324281
4474,0.0027905303304183544,0.006826250523254835
4475,0.0030398185992370442,0.015366031245403616
4476,0.0015364328621528776,0.010031437258117499
4477,0.004070261111518945,0.005000416752751297
4478,0.00267507014827246,-0.0019054328237781476
4479,0.003412326390873338,0.007085113700013449
4480,0.0026074450863534113,0.0040321514007038905
4481,0.0027113553550731392,0.005166562522257362
4482,0.00278860219633656,0.010284820263679783
4483,0.0031150942215700536,0.004890717659918152
4484,0.0030141727322542506,0.01093049810694821
4485,0.002249245912343982,0.014181704332138133
4486,0.0019521905761229425,-0.001294874750871598
4487,0.004097068736646658,0.005956925409583316
4488,0.004162368820251318,0.003436940181630523
4489,0.002691698338852423,0.005095409760283786
4490,0.002153213472825241,0.009413945856813011
4491,0.002121917763207321,0.0061986703106666225
4492,0.002504450941574338,7.079565225276488e-4
4493,0.002717998496884935,0.008426106213380332
4494,0.0027151512115200856,0.006849434621544084
4495,0.0033656419129167135,0.003703915300243927
4496,0.003481257099977943,0.006077667201282376
4497,0.0030016514971696008,0.00885224964878871
4498,0.004068488983355721,0.0031825556011863187
4499,0.0030424761766172813,0.008353409583483587
4500,0.0025865694610333083,0.010886737356129411
4501,0.001810937785743013,0.001964134080474011
4502,0.003476751357156228,0.0025181332149410095
4503,0.0033442060970596127,0.007079565546647906
4504,0.0037469861818563333,0.0061859891959668
4505,0.0033983627948096537,0.004487951972942357
4506,0.0029978201312244185,0.0099753931956469
4507,0.002874642579238108,0.005738402343615506
4508,0.003353480222644154,0.0027186875141673177
4509,0.0026034738695938967,0.013801329958956684
4510,0.00311258482389843,0.0040216419834776616
4511,0.0030355610425814986,0.007756105243551444
4512,0.0029093223911039593,0.00888503944088547
4513,0.0023179075489249924,0.006275226065072098
4514,0.0034074425879218316,0.0099918368091867
4515,0.0037241664406993304,0.008200184796190158
4516,0.002415649407953874,0.010143770353278986
4517,0.0030697835844994553,0.00983517482337747
4518,0.0028795636426175173,0.003010748076773639
4519,0.003265750310604017,0.011729932282507115
4520,0.003005392399562369,-0.0013195760300236956
4521,0.003074812382762465,0.006017556346113929
4522,0.0027804417685158745,-1.8651313345404222e-4
4523,0.003524601997925088,0.005642969823541093
4524,0.00272871329102342,0.0032398419095320667
4525,0.0032820830227155897,0.00824798039936212
4526,0.0024837921036385017,2.152545424999432e-4
4527,0.002381710435069589,0.003669830522400941
4528,0.0034103557322465406,-7.976745463529654e-4
4529,0.0028459028254791637,0.0015062239195149148
4530,0.0016800921730182289,0.003438498330338733
4531,0.002289914094967415,0.0110705959710635
4532,0.0031186409716865244,0.011546152542100575
4533,0.0032896934041851678,0.002218313660964322
4534,0.0021239378612438803,0.010645277108816947
4535,0.002010235391846819,0.012939974718603031
4536,0.0029873773371893292,0.0022663853500265426
4537,0.002655069887600912,0.0092881824490255
4538,0.0025778504529808443,0.006483569184516851
4539,0.003322743735501283,0.005733749944836868
4540,0.0028762007640320392,0.01115029860092254
4541,0.003020876143319846,8.569584760206687e-4
4542,0.0030400422167828362,0.009659648648205274
4543,0.0034655760923420526,4.964231520528141e-4
4544,0.003491773304188582,0.007988680017530815
4545,0.0028129248697515573,0.009290079656530479
4546,0.0026899804384130374,0.0010750601699733263
4547,0.0030167673324545956,0.010750010474877574
4548,0.0025617504522701846,0.010488561628750021
4549,0.0032131674748765286,0.008966451319412993
4550,0.003245744110993402,4.053142673070276e-5
4551,0.002717595990690656,0.0019499776881539144
4552,0.002617377649169417,0.004659225279256524
4553,0.0027881760729622784,0.0014136755235522654
4554,0.0024432415296620647,0.006639385923737125
4555,0.002650799084429954,0.004780428514208658
4556,0.0028326903028732652,0.013312133135604549
4557,0.0029335625918095647,5.076308780458481e-4
4558,0.003239424722433902,-0.002270767360796632
4559,0.0027611452011371894,0.008929753897734196
4560,0.0021731059248096722,0.006913568323242454
4561,0.0026882627123148697,-3.529638419554884e-4
4562,0.0026198605117473475,0.006963384452983807
4563,0.0026236038410886223,0.006038885766554671
4564,0.002894728399103378,0.0019258507993916395
4565,0.002592019206433826,0.006767716590357416
4566,0.0027408242977134773,0.0012350169115572778
4567,0.003078056585247806,0.004752045775173699
4568,0.002733987506082133,-0.0025429189091832204
4569,0.0033602529622362098,0.008521426744283973
4570,0.0019405847385314937,0.008867845849133898
4571,0.003395436749898217,0.009434566912799699
4572,0.0031799669548305243,0.0027251382929347426
4573,0.0028223760324013174,0.006750943041430258
4574,0.0036416584071768173,0.01172976512362913
4575,0.002972541378491829,0.005147934608910033
4576,0.003599279705421657,0.010776290686594709
4577,0.0031732290128596006,0.004545434411489146
4578,0.002526539988649117,0.0071246605441962225
4579,0.0024073256909550233,-5.339258002005302e-5
4580,0.0024926404506830603,0.010100966273837395
4581,0.0025310734160792,0.005520195348323431
4582,0.0026447976679960525,0.011249846977359533
4583,0.002800243216803961,0.00940213308560222
4584,0.002824596470009308,0.0071927889547700645
4585,0.0030434393412376525,0.001625457800326367
4586,0.00225238663104756,0.0026599632881910236
4587,0.0030500965616171195,0.007833093620116142
4588,0.002850094412627939,0.014251860117902767
4589,0.003465288420667955,0.007274587193051664
4590,0.002867670912279736,0.0024343531619061276
4591,0.0025525850541660614,0.004502722972558248
4592,0.0033531595507737266,4.496512345201391e-4
4593,0.0019976335400240094,0.011670505974996798
4594,0.0030037458096847103,0.011979494074817037
4595,0.0032479287978394913,0.004405989894537119
4596,0.0024246221765107023,0.00902668812701176
4597,0.002841436326033921,0.010971244321377433
4598,0.0026448278463186764,0.005185451514150384
4599,0.0031936833009999117,0.00714002487028005
4600,0.0026340754539380786,0.0024827440399712835
4601,0.0031679639953508124,0.014611404366404221
4602,0.00249716927688824,0.0038359343716988445
4603,0.002878337467280008,0.006541217845775415
4604,0.003140305477670291,0.007804565016619918
4605,0.0030757669613924936,0.010418219375674755
4606,0.003244896530787686,0.013613935967147682
4607,0.0033615439404685752,0.013515936645707223
4608,0.00313558472807648,0.004874950517477137
4609,0.002522354945520732,0.004709252048106264
4610,0.002160306537392367,0.015642657812699936
4611,0.0028256120125589364,0.008876141219739257
4612,0.0020653357856054546,0.0041538804347094355
4613,0.0020841006915462046,0.008289427399517695
4614,0.003328222207779913,0.0026196070653918056
4615,0.0031777422248562433,0.010292705758168947
4616,0.0033008353205989556,0.0025446427109461676
4617,0.0028626538868572774,2.1297058529569542e-4
4618,0.0028519462506448293,0.003816894375112411
4619,0.0028669368278322416,0.008438545097599007
4620,0.002543851184512218,0.0049186704758125204
4621,0.003132381298262302,0.003502203641769958
4622,0.0031419805079359276,0.00665693364961561
4623,0.002611323085264442,0.0031332437911321008
4624,0.0029854281405862545,0.0026499548854645883
4625,0.002803196075658817,-0.0010632120129336628
4626,0.0027511892824931545,0.005967272600954697
4627,0.00259010059391926,0.007505782658366843
4628,0.0040288082193124025,8.067456203680358e-5
4629,0.0022236326749548773,0.005431928673173489
4630,0.0034666879705583424,0.018171100880213772
4631,0.0036263448901836864,0.0065356416778160585
4632,0.0025706290890573852,0.012763858858702189
4633,0.0034316275186030854,0.012080838111810658
4634,0.0022316110304236676,0.010462517945525681
4635,0.0024820633781550555,0.007944345904308203
4636,0.002727728204904359,0.011203867426938413
4637,0.003270362426404249,0.011645721072636572
4638,0.0012926328566508767,0.008577515729490316
4639,0.0024863590223722534,0.011578690666430528
4640,0.002832938719209533,0.005025704667761293
4641,0.0030868166368826513,0.0047889453882717994
4642,0.0025339481376769448,0.0028306173845831805
4643,0.0022130954426519255,0.006147537597281547
4644,0.002950449117013191,0.011677214876499422
4645,0.0030011782718808787,0.004371193230013139
4646,0.0032130539777545063,0.00315661858757789
4647,0.002809784392139112,6.082550912985089e-4
4648,0.003487236729672213,0.012391508385368802
4649,0.002069382533052256,0.00815981748252119
4650,0.0033129170714491832,-5.893313267765297e-4
4651,0.003324393739820552,0.008736843192909448
4652,0.0032002285685305363,0.0038913726870282534
4653,0.0032340492443110836,0.008839525200620686
4654,0.0026401786655885348,0.0010282725930796772
4655,0.0035134562247389,0.004932958642761336
4656,0.002418880973249167,0.01012422169266306
4657,0.003747904226777826,0.002277890971982351
4658,0.0036220553656446976,0.007753353859969616
4659,0.002010452979623852,0.006136560192321498
4660,0.002282884260199628,0.008600982851086951
4661,0.0027893008344919406,0.010193413176407944
4662,0.0035722570023585896,-6.570049054581968e-4
4663,0.0023661048723441864,0.005416508943145132
4664,0.003397582207288683,0.011271560723182753
4665,0.003397936739263422,0.010423599404450845
4666,0.0033182987826808888,6.522064669420768e-4
4667,0.002437869896671676,-2.1830590053869723e-4
4668,0.0027420772935359636,-0.005040919542082434
4669,0.0023598363607909545,0.0050009837599818046
4670,0.0020755693870744946,0.00999912697231806
4671,0.0030639148393731778,0.0034239445753568507
4672,0.0033163934799865145,0.005941086775169151
4673,0.0035873243260252543,0.011411843559214149
4674,0.0026988899595964456,0.016632654823178716
4675,0.00380879925137667,0.005884765409778371
4676,0.0024122859727228265,0.009285464923755937
4677,0.0027755987453709384,0.009602001785128534
4678,0.003434212595993716,0.005940884254026273
4679,0.0024096129567112725,0.003907089538698204
4680,0.0035265178782477756,-3.7152413712017614e-4
4681,0.0031296033966011017,0.002014451139265189
4682,0.003120359399887458,0.008724787442493177
4683,0.0033760265138540945,0.005802313899293152
4684,0.0021752854943405567,0.0036339936298576034
4685,0.002516672762269469,0.011615004015257968
4686,0.002555766395986372,0.009714976149714031
4687,0.003103860646954402,0.008151661134920541
4688,0.0031795194306835904,0.01247394660986658
4689,0.0037548156841497203,-9.656470075780493e-4
4690,0.0029894203042467224,0.01315260703122
4691,0.0028129478885827535,0.011970596546486334
4692,0.0026055613039415292,0.006701962113997283
4693,0.0027880984045493195,0.009437635596674866
4694,0.0015484366688702563,0.009711687822256704
4695,0.003730957719126588,0.004761200987489054
4696,0.0038991981586108974,0.00515333011604715
4697,0.0031855272456226815,0.0020314968714550416
4698,0.0028722135104133273,0.0016436594909664808
4699,0.003379666211145953,0.0030209400900686155
4700,0.001888405518369518,0.0029347626463506887
4701,0.0028400431912461175,0.013793445623070943
4702,0.0027497500629006144,0.006766773639068398
4703,0.0027462783853413573,0.00513278912770509
4704,0.002735385911964589,0.007469779790135493
4705,0.003983582176451502,0.009707442750165534
4706,0.002378485900532979,0.0025818099355296277
4707,0.003497979128771945,0.013417660675285185
4708,0.0026728445713809,0.013699430563291766
4709,0.003329965441162325,-0.004065378217330279
4710,0.003647211998997589,0.00288810372648021
4711,0.003659151176162896,3.426176348460524e-4
4712,0.003412208165596261,0.0014498645736411488
4713,0.0028008115570802967,0.012286004517915072
4714,0.0030069730033834563,0.01291927537054806
4715,0.0027728833596029896,0.01153095931688334
4716,0.002132572691360036,0.01041404323099027
4717,0.0031121095764072614,0.006390517591987229
4718,0.0033689763601164532,0.007116042597210598
4719,0.0029540518263015043,0.004836831706286404
4720,0.0021998972199330485,0.003909688105969274
4721,0.002971412865497941,0.0023195245655570533
4722,0.0028762889691063085,0.008509841549294114
4723,0.0034502601530466814,0.0087868613622309015
4724,0.0032467167695459384,0.006873594578825669
4725,0.0025169316175836006,6.756707317548362e-5
4726,0.00265433148055385,0.01048003195561895
4727,0.003445090588202415,-0.0029867209824468626
4728,0.002468889453319317,0.007857514746714936
4729,0.003065809576264013,-4.470732581339336e-5
4730,0.0027734643873526077,0.008493294987899639
4731,0.002648566974934082,0.0066565741183790125
4732,0.0027793109749915616,0.007341891471686687
4733,0.002865962223541831,0.011917033459240995
4734,0.0028274273827245486,0.010071044930775083
4735,0.002378436964716008,0.0070479400537655345
4736,0.002885045547436095,9.899380672824584e-4
4737,0.0036969688454304367,0.0017454795186695642
4738,0.0022297184617165984,0.008891138934352196
4739,0.0028020369533295953,0.012188217448995429
4740,0.003415069252401898,0.007006534728253363
4741,0.002390193384263326,0.00802989380272382
4742,0.003602983220381813,-0.003936146686668731
4743,0.002183534243324005,0.0032417734780142353
4744,0.003153161894168741,0.009552726317050945
4745,0.003741678427055661,0.005144129986184611
4746,0.002753317790462726,0.00784948297969894
4747,0.0027834088878944565,0.00363278545143884
4748,0.002899635482887202,0.006935250927597481
4749,0.002948798388328655,0.012168915833010696
4750,0.00350184188173244,0.014430197813662353
4751,0.003016525353142227,0.0014627241169804048
4752,0.002286008915436703,0.00442501885256494
4753,0.002700279370017355,0.010248483799779063
4754,0.002886173244332219,-0.004026773792400757
4755,0.0031117396733859447,0.007930422621318732
4756,0.0025516855630903774,-0.001213923343051164
4757,0.002759410059784577,0.004337878475800746
4758,0.0028169989855961037,0.005438028671608837
4759,0.0031725587273107258,0.0018930280658171878
4760,0.0021123794798761104,0.006439137545602767
4761,0.0030581617848712424,0.0024417196890554604
4762,0.0032347807889816184,0.010930736090368258
4763,0.0028415642409270548,0.0052466732192799174
4764,0.0030821260777895015,0.0032273532261616507
4765,0.0030226419235340578,0.002715999544411006
4766,0.002923472895568418,0.00836767125817548
4767,0.0035518483008917115,0.013220072669503657
4768,0.002571585701253283,0.014303148622299124
4769,0.0029401279642943395,0.00558017237280644
4770,0.0038458867188868357,0.007082842096140822
4771,0.001988292196283554,0.009272960722408385
4772,0.002240343470022263,0.004327549140125597
4773,0.0026425891939491695,-0.001336468398057491
4774,0.0030564239306128706,0.008777244944179167
4775,0.002241733742585585,0.009080116113329257
4776,0.0030062974533921196,-0.006624961742155716
4777,0.003172470964546227,0.005176791030133466
4778,0.0033345158862318576,0.00976644723052751
4779,0.0028912974351640534,0.004848428401930851
4780,0.0025624447306066478,0.010976651132258885
4781,0.00264834862064109,0.004369608458056526
4782,0.002861195399042884,0.010953253671388623
4783,0.003932501318594924,0.0035312564719784455
4784,0.0034122824883854983,0.01122813285225844
4785,0.0027318395731543493,0.0072339296633366044
4786,0.002858648806861813,0.005231570782201524
4787,0.0027417061430531635,0.016530992126422474
4788,0.003099031327527424,0.006311653599203649
4789,0.002109067746002785,0.0040158694034751734
4790,0.0030316103819287344,0.004902539317223916
4791,0.002684639781567652,0.004967538014100053
4792,0.002655837414655072,0.005531613142347588
4793,0.0031092652215105746,0.007521929409118869
4794,0.0033655024273336986,8.723780365540099e-4
4795,0.00268927981321076,0.00457598528524382
4796,0.0024968585751680445,0.008975392095860854
4797,0.0036095824394853588,0.01237482581873038
4798,0.002470704003819373,0.007068390866920537
4799,0.0022856710158295048,0.0037931548681221002
4800,0.002508499798982276,0.0029765344941903474
4801,0.003009572417402762,0.004806474684110739
4802,0.0029892239159123235,0.010162921227877769
4803,0.0028440145619443745,0.01014051426347179
4804,0.003159260627826902,0.00146301841110524
4805,0.002651883541528601,0.009962122040368818
4806,0.0030904758096932596,0.0018161652743920445
4807,0.0034956199008367,0.01607761281649323
4808,0.0021366935564901546,0.009434625688223529
4809,0.002857803661786623,0.004798578269542714
4810,0.003330315391330381,0.003402312843039502
4811,0.0038658845631800815,0.010470937880476667
4812,0.0034085229013051917,-7.587763442457875e-4
4813,0.003602118741784546,0.003945681149740733
4814,0.0028793533295066,0.004380997630861857
4815,0.0032544790143510392,0.00251106552478419
4816,0.003237774400641284,0.009924866603411726
4817,0.002853317824392767,0.0074321948163747304
4818,0.0023386190062669693,0.004812380169230596
4819,0.0031339101896868055,0.008118476047762044
4820,0.002738954035521073,0.010751514380796644
4821,0.0023510707112113947,0.006921994091496322
4822,0.0033126109475993207,-0.00575061892739731
4823,0.0023730835821001318,0.012227103364987854
4824,0.002537565419443721,0.013065251294844583
4825,0.003197724389438594,0.0049445579369680435
4826,0.004251212677812309,0.01534474910959961
4827,0.0031818205620704927,0.009308602180852686
4828,0.002899740548200912,0.001259028029281836
4829,0.003174821562544895,0.0021006278680652606
4830,0.0032431253637898454,0.004435858318214387
4831,0.002936396997857709,0.00882651847904734
4832,0.004107951874382079,0.006497353277799524
4833,0.0037857974928736386,0.004228940648956089
4834,0.0026760682980863162,0.006647034204510187
4835,0.002870535957735886,0.007689527184560471
4836,0.0028086391801920192,0.005098237393494566
4837,0.0025753841586256257,0.0028939224889232605
4838,0.003373610246472037,9.196782255745965e-4
4839,0.0021778529327660537,0.010603773718193842
4840,0.0035896129497208886,0.006340451504476723
4841,0.0031688596518313016,0.0076814485593644085
4842,0.0031639757213212496,0.0025259499911078473
4843,0.0037714302685325786,-0.0013990881304233528
4844,0.0027767425030853082,0.004380166358978317
4845,0.0019812930030918044,-9.742914393925006e-4
4846,0.002428312488845636,0.007742624832030648
4847,0.0034490847959334405,0.013253620594467929
4848,0.0028283022012918243,0.005209888911474359
4849,0.0026937049309557304,0.01155354740164589
4850,0.0025673340770046424,0.0019331409090856484
4851,0.00406042356850112,0.00725329311346036
4852,0.003410305856999994,0.007932202784305106
4853,0.0025661637841011137,0.0021771371124614707
4854,0.0029456263958093296,0.004824342800703419
4855,0.0020485735702997204,0.008707864063886218
4856,0.0032236725400081826,0.006469909545116732
4857,0.002391539833396629,0.010294297502154007
4858,0.002374250967750826,0.0076065003840963185
4859,0.003698641904554885,1.321038842968204e-4
4860,0.00271194929996093,-8.669919882011805e-4
4861,0.002520592966239429,0.008424746443548983
4862,0.003293547885080116,0.005049754211810722
4863,0.0031306831958586947,0.0037970411481389123
4864,0.002809602296632676,0.011076831996336299
4865,0.0021496343760119743,0.009693479502719185
4866,0.0024391160216964618,-8.705214461707609e-4
4867,0.0034428959079655552,0.013185409211751948
4868,0.0019220583513503459,0.012146113850490385
4869,0.0011716666476526045,0.0065988415240549395
4870,0.003638457183208122,0.0075876172149594145
4871,0.0032495823731431275,0.0016176607210498129
4872,0.0023639599434902275,0.0023720611473685947
4873,0.0031572347108025853,0.010131566783033195
4874,0.00263905016784854,0.007741115460847607
4875,0.002427130926331923,0.001700573888916865
4876,0.003192055249684236,0.005039698398359716
4877,0.0033396349063328644,-0.0035618355384379754
4878,0.002200561601260688,0.004447329723185381
4879,0.0031316732857294733,-3.959671357334489e-4
4880,0.0035656494358718574,0.010282044532753045
4881,0.003399054746275487,0.0111460085463941
4882,0.0027958283437986803,0.003345103464726708
4883,0.003945431853838837,0.00521909878602478
4884,0.002537581666815362,0.008258091455160311
4885,0.0024936885919225405,0.010487330221146887
4886,0.002845758011830119,0.007726656340604877
4887,0.003186309135173582,0.004998199452350012
4888,0.00372529373972082,0.013073044894599567
4889,0.002748880004403117,0.007822765792493568
4890,0.0036676738653989077,0.007133956474853467
4891,0.002126599561498285,0.009368055706004092
4892,0.0032212690150263687,0.0074169980781153035
4893,0.0025173932059233146,0.0023281310365891868
4894,0.0018277684414282481,0.013494013178591108
4895,0.0036174908994547833,0.0033191095771861953
4896,0.0035261696029398517,0.008345246594601084
4897,0.0026559489384678572,0.007828963751625855
4898,0.0027693635926144076,0.010774798202698043
4899,0.003107333316700563,0.012490447925062344
4900,0.0024686078273678537,-4.868062243804467e-4
4901,0.002548854280604834,0.001302045778966322
4902,0.002127044792264899,0.010579678830383844
4903,0.0019312027619722608,0.007383646114508629
4904,0.0028299979307024573,0.015798990674037887
4905,0.00290574815946953,0.008595509853053117
4906,0.003009755704089304,0.007912512732295082
4907,0.002947790626124304,0.0067386851024473365
4908,0.0026408228118909092,0.0028996928772983955
4909,0.0033398050893376206,0.010967346549021395
4910,0.002990862416350015,0.007966810215584406
4911,0.0029774501381632954,0.012538617200470645
4912,0.003202224638916432,0.005015036601838199
4913,0.0019412225057387931,0.009723404576307928
4914,0.0031157171741282193,0.00498307036305657
4915,0.003522206289424985,-2.862751916956549e-4
4916,0.002932146022038498,-0.004046459177750293
4917,0.0024316771261418224,0.003813770214518282
4918,0.003684195816794457,0.00380363991437263
4919,0.003821081471207307,0.011919342324423168
4920,0.0030582134022545345,0.00936958240860189
4921,0.0029576035445725256,-5.876676195793302e-4
4922,0.00270617208511987,0.0056490230083570845
4923,0.0024650086979046116,0.010015681346500176
4924,0.0027978147699695057,0.009962894780605459
4925,0.0029275264918690942,0.005373573771685762
4926,0.0025331100896010196,0.013254620588563231
4927,0.0021850125865688227,0.011926667472017663
4928,0.0017271317434218894,0.0015273702898798845
4929,0.0035858917061875276,0.009887477916774896
4930,0.002813175771344621,0.010366106832407393
4931,0.0029501171738347074,0.006565014377133699
4932,0.0032306327572627887,6.029255525841952e-4
4933,0.002371977314837345,0.008325858795507537
4934,0.003638350986313843,0.0010918535573578914
4935,0.0020681029812772683,0.006315327275514989
4936,0.002562231322612204,0.006820810725593211
4937,0.0018377890907418362,0.010318693865360115
4938,0.0026338622117652037,0.015848624086081398
4939,0.004400517971261368,0.004008759963186213
4940,0.003454106393001613,0.002277766815875792
4941,0.002134834075737049,-0.003201760818980147
4942,0.0028659461111341065,4.3504927736150775e-4
4943,0.0023118747870065916,0.010770678607856611
4944,0.0033180007308315227,0.005320606187908935
4945,0.0029141339903370933,0.002963515869923469
4946,0.003200883319548097,0.00681083669249864
4947,0.00333495915450174,0.00793023802055816
4948,0.0033661010450786216,0.009643987910030374
4949,0.0028645868263452658,0.0025864815464896663
4950,0.003376212201623576,6.583658838662841e-4
4951,0.0029231700623289863,-0.0030423374754785294
4952,0.003659643149566416,0.0047432969699838096
4953,0.0032332732741801964,0.004318872458237907
4954,0.0037585600847652566,0.008088780047480176
4955,0.0028453678093795015,0.011699502879761844
4956,0.0026614314201314133,0.006382074238825685
4957,0.003188046775840326,0.0083485673922764
4958,0.003115862007273342,0.006502310138969528
4959,0.003284986263513057,-5.239079648561348e-4
4960,0.002972043574275013,0.008930324928850573
4961,0.0031738995278972923,0.004909817449810929
4962,0.0030928676022739516,0.0037317466119772495
4963,0.0033316873336790083,0.008208662959995977
4964,0.003356023561649003,0.013582147586042993
4965,0.0024140762780600076,0.003278037785389628
4966,0.0034811058340843658,0.005056464147096235
4967,0.0026924839334331314,0.0112939373662364
4968,0.0031219485466042036,0.004401042981679921
4969,0.0031224744607968053,0.00720397596129593
4970,0.0032578389662261554,8.394353949164176e-4
4971,0.0033209823354036915,0.004245741431714361
4972,0.0031074228627200624,0.007003711059383112
4973,0.003530426690296877,0.011740371965966815
4974,0.003736668932143883,0.004705193383977873
4975,0.0028572000261559826,0.003351571995435147
4976,0.00346834598649357,9.219937216204419e-4
4977,0.0035663589913272624,0.007127972698880415
4978,0.002832116065200263,0.007059686861008248
4979,0.002846068382291707,-0.001970970986105352
4980,0.0029435773915495044,0.005015974821091337
4981,0.002223207440774341,0.0018280535192121096
4982,0.0022727953329602893,-0.0017731626309059338
4983,0.003753697926163139,0.015717036433626538
4984,0.002936794824780674,0.013514126062791308
4985,0.003475980454512326,0.006227816730162066
4986,0.003815152912547207,-0.0029967755217992576
4987,0.0030401565815553937,0.0033737328953260455
4988,0.0030932759071688343,0.002881350943648004
4989,0.0032331226085238456,0.006144100763264391
4990,0.002921390521479391,0.012575872941137559
4991,0.0030011916247009635,0.012351205915909356
4992,0.0031559925851138513,0.0067800628493353814
4993,0.003633309466095159,-0.0037075967600511475
4994,0.0030987768945110977,0.008895663213174046
4995,0.00335288880983744,0.0033375998727769585
4996,0.0033484587323892364,0.005926361985814222
4997,0.0031436757093746726,0.008470014150676657
4998,0.0029923947420038826,-2.4672813982140086e-4
4999,0.0035027806331264454,0.005475722007386663
5000,0.002994806432211477,0.007184898808310728
