rule,measure,column,grid_index,old_x,old_predicted,old_conf_low,old_conf_high,corrected_x,corrected_predicted,corrected_conf_low,corrected_conf_high
primary,Distinctiveness,Between-person,1,18,0.1441698192022622,0.08671798806663066,0.20162165033789375,18,0.14473188096815914,0.08733528499057533,0.20212847694574296
primary,Distinctiveness,Between-person,2,18.767676767676768,0.1418150145043529,0.08530157562453652,0.1983284533841693,18.767676767676768,0.14236789580727796,0.08590878989939035,0.19882700171516557
primary,Distinctiveness,Between-person,3,19.535353535353536,0.13946020980644364,0.08388516318244243,0.19503525643044484,19.535353535353536,0.14000391064639678,0.08448229480820535,0.1955255264845882
primary,Distinctiveness,Between-person,4,20.303030303030305,0.13710540510853433,0.08246875074034829,0.19174205947672038,20.303030303030305,0.13763992548551562,0.08305579971702039,0.19222405125401087
primary,Distinctiveness,Between-person,5,21.07070707070707,0.13475060041062503,0.08105233829825417,0.1884488625229959,21.07070707070707,0.13527594032463444,0.0816293046258354,0.18892257602343349
primary,Distinctiveness,Between-person,6,21.838383838383837,0.13239579571271579,0.07963592585616008,0.1851556655692715,21.838383838383837,0.1329119551637533,0.08020280953465042,0.18562110079285615
primary,Distinctiveness,Between-person,7,22.606060606060606,0.13004099101480646,0.07821951341406594,0.18186246861554697,22.606060606060606,0.1305479700028721,0.07877631444346544,0.18231962556227876
primary,Distinctiveness,Between-person,8,23.373737373737374,0.12768618631689718,0.07680310097197182,0.17856927166182254,23.373737373737374,0.12818398484199095,0.07734981935228047,0.17901815033170143
primary,Distinctiveness,Between-person,9,24.141414141414142,0.12533138161898788,0.0753866885298777,0.17527607470809806,24.141414141414142,0.12581999968110974,0.07592332426109545,0.17571667510112404
primary,Distinctiveness,Between-person,10,24.909090909090907,0.1229765769210786,0.0739702760877836,0.1719828777543736,24.909090909090907,0.1234560145202286,0.07449682916991049,0.1724151998705467
primary,Distinctiveness,Between-person,11,25.676767676767675,0.12062177222316932,0.07255386364568948,0.16868968080064917,25.676767676767675,0.12109202935934742,0.0730703340787255,0.16911372463996932
primary,Distinctiveness,Between-person,12,26.444444444444443,0.11826696752526002,0.07113745120359535,0.16539648384692468,26.444444444444443,0.11872804419846625,0.07164383898754052,0.165812249409392
primary,Distinctiveness,Between-person,13,27.21212121212121,0.11591216282735073,0.06972103876150124,0.16210328689320022,27.21212121212121,0.11636405903758508,0.07021734389635555,0.1625107741788146
primary,Distinctiveness,Between-person,14,27.97979797979798,0.11355735812944144,0.06830462631940713,0.15881008993947576,27.97979797979798,0.1140000738767039,0.06879084880517056,0.15920929894823724
primary,Distinctiveness,Between-person,15,28.747474747474747,0.11120255343153215,0.06688821387731302,0.15551689298575128,28.747474747474747,0.11163608871582273,0.06736435371398558,0.15590782371765988
primary,Distinctiveness,Between-person,16,29.515151515151516,0.10884774873362285,0.06547180143521888,0.15222369603202682,29.515151515151516,0.10927210355494155,0.06593785862280058,0.15260634848708252
primary,Distinctiveness,Between-person,17,30.282828282828284,0.10649294403571356,0.06405538899312477,0.14893049907830236,30.282828282828284,0.10690811839406038,0.0645113635316156,0.14930487325650516
primary,Distinctiveness,Between-person,18,31.050505050505052,0.10413813933780428,0.06263897655103065,0.1456373021245779,31.050505050505052,0.10454413323317921,0.06308486844043062,0.1460033980259278
primary,Distinctiveness,Between-person,19,31.818181818181817,0.101783334639895,0.06122256410893655,0.14234410517085344,31.818181818181817,0.10218014807229805,0.06165837334924565,0.14270192279535046
primary,Distinctiveness,Between-person,20,32.58585858585859,0.09942852994198569,0.059806151666842416,0.13905090821712895,32.58585858585859,0.09981616291141686,0.06023187825806065,0.13940044756477307
primary,Distinctiveness,Between-person,21,33.35353535353535,0.09707372524407641,0.058389739224748306,0.13575771126340452,33.35353535353535,0.0974521777505357,0.05880538316687568,0.1360989723341957
primary,Distinctiveness,Between-person,22,34.121212121212125,0.09471892054616711,0.05697332678265418,0.13246451430968004,34.121212121212125,0.09508819258965451,0.05737888807569068,0.13279749710361832
primary,Distinctiveness,Between-person,23,34.888888888888886,0.09236411584825784,0.05555691434056007,0.1291713173559556,34.888888888888886,0.09272420742877335,0.05595239298450571,0.129496021873041
primary,Distinctiveness,Between-person,24,35.656565656565654,0.09000931115034855,0.05414050189846596,0.12587812040223112,35.656565656565654,0.09036022226789218,0.054525897893320734,0.12619454664246363
primary,Distinctiveness,Between-person,25,36.42424242424242,0.08765450645243925,0.05272408945637183,0.12258492344850666,36.42424242424242,0.08799623710701102,0.05309940280213575,0.12289307141188628
primary,Distinctiveness,Between-person,26,37.19191919191919,0.08529970175452996,0.051307677014277714,0.1192917264947822,37.19191919191919,0.08563225194612983,0.05167290771095076,0.1195915961813089
primary,Distinctiveness,Between-person,27,37.95959595959596,0.08294489705662067,0.049891264572183604,0.11599852954105774,37.95959595959596,0.08326826678524867,0.050246412619765785,0.11629012095073155
primary,Distinctiveness,Between-person,28,38.72727272727273,0.08059009235871137,0.04847485213008947,0.11270533258733326,38.72727272727273,0.08090428162436748,0.04881991752858079,0.11298864572015418
primary,Distinctiveness,Between-person,29,39.494949494949495,0.07823528766080208,0.04705843968799536,0.1094121356336088,39.494949494949495,0.07854029646348631,0.04739342243739581,0.10968717048957682
primary,Distinctiveness,Between-person,30,40.262626262626256,0.0758804829628928,0.045642027245901245,0.10611893867988437,40.262626262626256,0.07617631130260516,0.045966927346210835,0.10638569525899949
primary,Distinctiveness,Between-person,31,41.03030303030303,0.0735256782649835,0.04422561480380713,0.10282574172615988,41.03030303030303,0.07381232614172396,0.04454043225502584,0.10308422002842209
primary,Distinctiveness,Between-person,32,41.79797979797979,0.07117087356707423,0.04280920236171302,0.09953254477243545,41.79797979797979,0.07144834098084281,0.04311393716384086,0.09978274479784476
primary,Distinctiveness,Between-person,33,42.56565656565657,0.06881606886916491,0.04139278991961889,0.09623934781871094,42.56565656565657,0.06908435581996163,0.041687442072655886,0.09648126956726737
primary,Distinctiveness,Between-person,34,43.33333333333333,0.06646126417125564,0.03997637747752478,0.0929461508649865,43.33333333333333,0.06672037065908047,0.04026094698147091,0.09317979433669003
primary,Distinctiveness,Between-person,35,44.101010101010104,0.064106459473346325,0.038559965035430646,0.089652953911262,44.101010101010104,0.06435638549819928,0.03883445189028591,0.08987831910611263
primary,Distinctiveness,Between-person,36,44.868686868686865,0.06175165477543706,0.03714355259333654,0.08635975695753757,44.868686868686865,0.06199240033731812,0.03740795679910094,0.0865768438755353
primary,Distinctiveness,Between-person,37,45.63636363636363,0.05939685007752777,0.035727140151242426,0.08306656000381311,45.63636363636363,0.059628415176436945,0.035981461707915954,0.08327536864495794
primary,Distinctiveness,Between-person,38,46.4040404040404,0.057042045379618475,0.03431072770914831,0.07977336305008864,46.4040404040404,0.05726443001555577,0.034554966616730964,0.07997389341438058
primary,Distinctiveness,Between-person,39,47.17171717171717,0.05468724068170919,0.03289431526705419,0.07648016609636418,47.17171717171717,0.0549004448546746,0.03312847152554599,0.07667241818380321
primary,Distinctiveness,Between-person,40,47.93939393939394,0.05233243598379989,0.03147790282496007,0.07318696914263972,47.93939393939394,0.052536459693793426,0.031701976434361005,0.07337094295322585
primary,Distinctiveness,Between-person,41,48.707070707070706,0.0499776312858906,0.030061490382865947,0.06989377218891525,48.707070707070706,0.05017247453291225,0.03027548134317602,0.07006946772264848
primary,Distinctiveness,Between-person,42,49.474747474747474,0.04762282658798131,0.02864507794077183,0.06660057523519079,49.474747474747474,0.047808489372031075,0.028848986251991032,0.06676799249207112
primary,Distinctiveness,Between-person,43,50.24242424242424,0.045268021890072015,0.02722866549867771,0.06330737828146632,50.24242424242424,0.04544450421114991,0.027422491160806056,0.06346651726149376
primary,Distinctiveness,Between-person,44,51.01010101010101,0.04291321719216273,0.025812253056583596,0.06001418132774186,51.01010101010101,0.04308051905026873,0.02599599606962107,0.060165042030916396
primary,Distinctiveness,Between-person,45,51.77777777777778,0.04055841249425343,0.02439584061448947,0.05672098437401739,51.77777777777778,0.040716533889387556,0.024569500978436083,0.05686356680033903
primary,Distinctiveness,Between-person,46,52.54545454545454,0.038203607796344165,0.022979428172395372,0.05342778742029296,52.54545454545454,0.0383525487285064,0.02314300588725111,0.05356209156976169
primary,Distinctiveness,Between-person,47,53.31313131313131,0.03584880309843487,0.021563015730301248,0.05013459046656849,53.31313131313131,0.03598856356762523,0.02171651079606613,0.050260616339184334
primary,Distinctiveness,Between-person,48,54.080808080808076,0.03349399840052558,0.020146603288207134,0.046841393512844026,54.080808080808076,0.03362457840674406,0.020290015704881148,0.04695914110860697
primary,Distinctiveness,Between-person,49,54.848484848484844,0.031139193702616287,0.018730190846113014,0.04354819655911956,54.848484848484844,0.03126059324586288,0.01886352061369616,0.043657665878029606
primary,Distinctiveness,Between-person,50,55.61616161616161,0.028784389004706996,0.017313778404018897,0.040254999605395095,55.61616161616161,0.02889660808498171,0.01743702552251118,0.040356190647452245
primary,Distinctiveness,Between-person,51,56.38383838383838,0.026429584306797704,0.015897365961924776,0.036961802651670636,56.38383838383838,0.026532622924100534,0.016010530431326192,0.03705471541687488
primary,Distinctiveness,Between-person,52,57.15151515151515,0.024074779608888413,0.014480953519830657,0.03366860569794617,57.15151515151515,0.024168637763219362,0.014584035340141212,0.03375324018629751
primary,Distinctiveness,Between-person,53,57.91919191919192,0.021719974910979118,0.013064541077736537,0.030375408744221698,57.91919191919192,0.021804652602338187,0.013157540248956226,0.030451764955720148
primary,Distinctiveness,Between-person,54,58.686868686868685,0.019365170213069827,0.011648128635642418,0.027082211790497236,58.686868686868685,0.019440667441457015,0.011731045157771245,0.027150289725142787
primary,Distinctiveness,Between-person,55,59.45454545454545,0.017010365515160535,0.0102317161935483,0.02378901483677277,59.45454545454545,0.01707668228057584,0.01030455006658626,0.02384881449456542
primary,Distinctiveness,Between-person,56,60.22222222222222,0.014655560817251244,0.008815303751454182,0.020495817883048308,60.22222222222222,0.014712697119694666,0.008878054975401275,0.02054733926398806
primary,Distinctiveness,Between-person,57,60.98989898989899,0.012300756119341952,0.007398891309360064,0.017202620929323842,60.98989898989899,0.012348711958813492,0.007451559884216292,0.01724586403341069
primary,Distinctiveness,Between-person,58,61.75757575757576,0.00994595142143266,0.005982478867265943,0.013909423975599376,61.75757575757576,0.0099847267979323185,0.006025064793031308,0.01394438880283333
primary,Distinctiveness,Between-person,59,62.52525252525252,0.00759114672352339,0.004566066425171838,0.010616227021874942,62.52525252525252,0.007620741637051167,0.004598569701846338,0.010642913572255996
primary,Distinctiveness,Between-person,60,63.29292929292929,0.005236342025614098,0.0031496539830777204,0.007323030068150476,63.29292929292929,0.005256756476169994,0.003172074610661355,0.007341438341678632
primary,Distinctiveness,Between-person,61,64.06060606060606,0.0028815373277047843,0.0017332415409835884,0.00402983311442598,64.06060606060606,0.0028927713152887974,0.0017455795194763573,0.004039963111101237
primary,Distinctiveness,Between-person,62,64.82828282828282,5.267326297955142e-4,3.1682909888948273e-4,7.366361607015455e-4,64.82828282828282,5.287861544076457e-4,3.190844282913868e-4,7.384878805239046e-4
primary,Distinctiveness,Between-person,63,65,-0,-0,0,65,-0,-0,0
primary,Distinctiveness,Between-person,64,65.59595959595958,-0.001828072068113756,-0.002556560793022889,-0.0010995833432046228,65.59595959595958,-0.0018351990064735062,-0.0025629873500534286,-0.0011074106628935839
primary,Distinctiveness,Between-person,65,66.36363636363636,-0.00418287676602307,-0.005849757746747385,-0.002515995785298755,66.36363636363636,-0.004199184167354702,-0.005864462580630824,-0.0025339057540785808
primary,Distinctiveness,Between-person,66,67.13131313131314,-0.006537681463932383,-0.00914295470047188,-0.003932408227392886,67.13131313131314,-0.0065631693282358974,-0.009165937811208218,-0.003960400845263577
primary,Distinctiveness,Between-person,67,67.8989898989899,-0.008892486161841653,-0.012436151654196315,-0.005348820669486991,67.8989898989899,-0.00892715448911705,-0.01246741304178555,-0.005386895936448549
primary,Distinctiveness,Between-person,68,68.66666666666666,-0.011247290859750923,-0.01572934860792075,-0.0067652331115810975,68.66666666666666,-0.011291139649998201,-0.015768888272362884,-0.006813391027633519
primary,Distinctiveness,Between-person,69,69.43434343434343,-0.013602095557660237,-0.019022545561645246,-0.008181645553675228,69.43434343434343,-0.013655124810879398,-0.01907036350294028,-0.008239886118818516
primary,Distinctiveness,Between-person,70,70.20202020202021,-0.01595690025556955,-0.02231574251536974,-0.009598057995769361,70.20202020202021,-0.016019109971760592,-0.022371838733517672,-0.009666381210003513
primary,Distinctiveness,Between-person,71,70.96969696969697,-0.018311704953478822,-0.025608939469094177,-0.011014470437863466,70.96969696969697,-0.018383095132641743,-0.025673313964095005,-0.011092876301188482
primary,Distinctiveness,Between-person,72,71.73737373737373,-0.020666509651388092,-0.028902136422818612,-0.012430882879957573,71.73737373737373,-0.020747080293522898,-0.02897478919467234,-0.012519371392373455
primary,Distinctiveness,Between-person,73,72.50505050505049,-0.023021314349297363,-0.032195333376543046,-0.01384729532205168,72.50505050505049,-0.02311106545440405,-0.032276264425249675,-0.013945866483558425
primary,Distinctiveness,Between-person,74,73.27272727272727,-0.025376119047206675,-0.03548853033026754,-0.01526370776414581,73.27272727272727,-0.025475050615285245,-0.03557773965582707,-0.015372361574743422
primary,Distinctiveness,Between-person,75,74.04040404040404,-0.027730923745115987,-0.03878172728399203,-0.01668012020623994,74.04040404040404,-0.027839035776166438,-0.03887921488640446,-0.016798856665928417
primary,Distinctiveness,Between-person,76,74.8080808080808,-0.030085728443025258,-0.04207492423771647,-0.018096532648334045,74.8080808080808,-0.030203020937047593,-0.04218069011698179,-0.01822535175711339
primary,Distinctiveness,Between-person,77,75.57575757575756,-0.03244053314093453,-0.0453681211914409,-0.01951294509042815,75.57575757575756,-0.032567006097928744,-0.045482165347559125,-0.01965184684829836
primary,Distinctiveness,Between-person,78,76.34343434343434,-0.034795337838843844,-0.0486613181451654,-0.020929357532522286,76.34343434343434,-0.03493099125880994,-0.04878364057813652,-0.02107834193948336
primary,Distinctiveness,Between-person,79,77.11111111111111,-0.03715014253675315,-0.05195451509888989,-0.022345769974616413,77.11111111111111,-0.037294976419691137,-0.05208511580871392,-0.022504837030668357
primary,Distinctiveness,Between-person,80,77.87878787878788,-0.03950494723466243,-0.055247712052614334,-0.023762182416710523,77.87878787878788,-0.039658961580572284,-0.05538659103929125,-0.023931332121853322
primary,Distinctiveness,Between-person,81,78.64646464646464,-0.041859751932571694,-0.058540909006338765,-0.025178594858804623,78.64646464646464,-0.04202294674145344,-0.05868806626986858,-0.025357827213038295
primary,Distinctiveness,Between-person,82,79.41414141414141,-0.04421455663048101,-0.061834105960063265,-0.026595007300898758,79.41414141414141,-0.044386931902334635,-0.06198954150044598,-0.02678432230422329
primary,Distinctiveness,Between-person,83,80.18181818181819,-0.046569361328390325,-0.06512730291378777,-0.028011419742992892,80.18181818181819,-0.04675091706321583,-0.06529101673102337,-0.02821081739540829
primary,Distinctiveness,Between-person,84,80.94949494949495,-0.04892416602629959,-0.0684204998675122,-0.029427832185086995,80.94949494949495,-0.04911490222409698,-0.06859249196160071,-0.029637312486593254
primary,Distinctiveness,Between-person,85,81.71717171717171,-0.05127897072420887,-0.07171369682123663,-0.030844244627181105,81.71717171717171,-0.051478887384978134,-0.07189396719217804,-0.03106380757777823
primary,Distinctiveness,Between-person,86,82.48484848484848,-0.053633775422118175,-0.07500689377496111,-0.032260657069275236,82.48484848484848,-0.05384287254585933,-0.07519544242275543,-0.03249030266896323
primary,Distinctiveness,Between-person,87,83.25252525252525,-0.05598858012002745,-0.07830009072868556,-0.03367706951136934,83.25252525252525,-0.056206857706740485,-0.07849691765333278,-0.0339167977601482
primary,Distinctiveness,Between-person,88,84.02020202020202,-0.058343384817936765,-0.08159328768241006,-0.03509348195346347,84.02020202020202,-0.058570842867621674,-0.08179839288391016,-0.03534329285133319
primary,Distinctiveness,Between-person,89,84.78787878787878,-0.06069818951584603,-0.08488648463613449,-0.036509894395557574,84.78787878787878,-0.06093482802850283,-0.0850998681144875,-0.03676978794251816
primary,Distinctiveness,Between-person,90,85.55555555555556,-0.06305299421375535,-0.08817968158985898,-0.03792630683765171,85.55555555555556,-0.06329881318938402,-0.08840134334506489,-0.038196283033703156
primary,Distinctiveness,Between-person,91,86.32323232323232,-0.06540779891166462,-0.09147287854358342,-0.03934271927974582,86.32323232323232,-0.06566279835026517,-0.09170281857564222,-0.039622778124888125
primary,Distinctiveness,Between-person,92,87.09090909090908,-0.06776260360957388,-0.09476607549730785,-0.04075913172183991,87.09090909090908,-0.06802678351114633,-0.09500429380621955,-0.0410492732160731
primary,Distinctiveness,Between-person,93,87.85858585858585,-0.0701174083074832,-0.09805927245103235,-0.04217554416393405,87.85858585858585,-0.07039076867202752,-0.09830576903679694,-0.0424757683072581
primary,Distinctiveness,Between-person,94,88.62626262626262,-0.07247221300539247,-0.10135246940475678,-0.04359195660602816,88.62626262626262,-0.07275475383290868,-0.10160724426737429,-0.04390226339844307
primary,Distinctiveness,Between-person,95,89.39393939393939,-0.07482701770330179,-0.10464566635848128,-0.04500836904812229,89.39393939393939,-0.07511873899378987,-0.10490871949795168,-0.04532875848962807
primary,Distinctiveness,Between-person,96,90.16161616161615,-0.07718182240121105,-0.1079388633122057,-0.046424781490216394,90.16161616161615,-0.07748272415467103,-0.10821019472852901,-0.04675525358081305
primary,Distinctiveness,Between-person,97,90.92929292929293,-0.07953662709912036,-0.1112320602659302,-0.047841193932310525,90.92929292929293,-0.07984670931555223,-0.11151166995910641,-0.04818174867199804
primary,Distinctiveness,Between-person,98,91.69696969696969,-0.08189143179702964,-0.11452525721965465,-0.049257606374404635,91.69696969696969,-0.08221069447643337,-0.11481314518968373,-0.049608243763183
primary,Distinctiveness,Between-person,99,92.46464646464646,-0.08424623649493895,-0.11781845417337913,-0.050674018816498766,92.46464646464646,-0.08457467963731456,-0.11811462042026113,-0.051034738854367996
primary,Distinctiveness,Between-person,100,93.23232323232322,-0.08660104119284823,-0.12111165112710358,-0.052090431258592876,93.23232323232322,-0.08693866479819572,-0.12141609565083847,-0.05246123394555297
primary,Distinctiveness,Between-person,101,94,-0.08895584589075753,-0.12440484808082806,-0.05350684370068699,94,-0.08930264995907691,-0.12471757088141586,-0.05388772903673797
primary,Distinctiveness,Within-person,1,0,-0,-0,0,0,-0,-0,0
primary,Distinctiveness,Within-person,2,0.061302681992337196,-5.97557657231668e-4,-0.0014514716328346276,2.5635631837129147e-4,0.05555555555555555,-5.121857442395739e-4,-0.0012807195126754577,2.5634802419631e-4
primary,Distinctiveness,Within-person,3,0.12260536398467439,-0.001195115314463336,-0.002902943265669255,5.127126367425829e-4,0.1111111111111111,-0.0010243714884791478,-0.0025614390253509154,5.1269604839262e-4
primary,Distinctiveness,Within-person,4,0.1839080459770116,-0.0017926729716950041,-0.004354414898503883,7.690689551138748e-4,0.16666666666666666,-0.0015365572327187215,-0.003842158538026373,7.690440725889301e-4
primary,Distinctiveness,Within-person,5,0.24521072796934879,-0.002390230628926672,-0.00580588653133851,0.0010254252734851659,0.2222222222222222,-0.0020487429769582956,-0.005122878050701831,0.00102539209678524
primary,Distinctiveness,Within-person,6,0.30651340996168597,-0.00298778828615834,-0.007257358164173137,0.0012817815918564571,0.2777777777777778,-0.0025609287211978693,-0.00640359756337729,0.0012817401209815507
primary,Distinctiveness,Within-person,7,0.3678160919540232,-0.0035853459433900082,-0.008708829797007767,0.0015381379102277497,0.3333333333333333,-0.003073114465437443,-0.007684317076052746,0.0015380881451778601
primary,Distinctiveness,Within-person,8,0.4291187739463604,-0.0041829036006216765,-0.010160301429842394,0.0017944942285990405,0.38888888888888884,-0.0035853002096770167,-0.008965036588728204,0.00179443616937417
primary,Distinctiveness,Within-person,9,0.49042145593869757,-0.004780461257853344,-0.01161177306267702,0.0020508505469703318,0.4444444444444444,-0.004097485953916591,-0.010245756101403661,0.00205078419357048
primary,Distinctiveness,Within-person,10,0.5517241379310348,-0.005378018915085013,-0.01306324469551165,0.002307206865341623,0.5,-0.004609671698156165,-0.01152647561407912,0.0023071322177667906
primary,Distinctiveness,Within-person,11,0.6130268199233719,-0.00597557657231668,-0.014514716328346274,0.0025635631837129143,0.5555555555555556,-0.005121857442395739,-0.01280719512675458,0.0025634802419631014
primary,Distinctiveness,Within-person,12,0.6743295019157092,-0.006573134229548349,-0.015966187961180905,0.0028199195020842064,0.611111111111111,-0.005634043186635312,-0.014087914639430033,0.0028198282661594095
primary,Distinctiveness,Within-person,13,0.7356321839080464,-0.0071706918867800165,-0.017417659594015533,0.0030762758204554994,0.6666666666666666,-0.006146228930874886,-0.015368634152105492,0.0030761762903557203
primary,Distinctiveness,Within-person,14,0.7969348659003835,-0.007768249544011684,-0.018869131226850158,0.003332632138826789,0.7222222222222222,-0.0066584146751144605,-0.01664935366478095,0.00333252431455203
primary,Distinctiveness,Within-person,15,0.8582375478927208,-0.008365807201243353,-0.02032060285968479,0.003588988457198081,0.7777777777777777,-0.007170600419354033,-0.01793007317745641,0.00358887233874834
primary,Distinctiveness,Within-person,16,0.9195402298850579,-0.00896336485847502,-0.021772074492519413,0.003845344775569373,0.8333333333333333,-0.007682786163593608,-0.019210792690131866,0.00384522036294465
primary,Distinctiveness,Within-person,17,0.9808429118773951,-0.009560922515706689,-0.02322354612535404,0.0041017010939406635,0.8888888888888888,-0.008194971907833182,-0.020491512202807323,0.00410156838714096
primary,Distinctiveness,Within-person,18,1.0421455938697324,-0.010158480172938357,-0.024675017758188672,0.004358057412311956,0.9444444444444444,-0.008707157652072755,-0.02177223171548278,0.004357916411337271
primary,Distinctiveness,Within-person,19,1.1034482758620696,-0.010756037830170026,-0.0261264893910233,0.004614413730683246,1,-0.00921934339631233,-0.02305295122815824,0.004614264435533581
primary,Distinctiveness,Within-person,20,1.1647509578544066,-0.011353595487401691,-0.02757796102385792,0.00487077004905454,1.0555555555555556,-0.009731529140551904,-0.0243336707408337,0.004870612459729891
primary,Distinctiveness,Within-person,21,1.2260536398467439,-0.01195115314463336,-0.02902943265669255,0.0051271263674258286,1.1111111111111112,-0.010243714884791477,-0.02561439025350916,0.005126960483926203
primary,Distinctiveness,Within-person,22,1.287356321839081,-0.012548710801865029,-0.030480904289527176,0.005383482685797121,1.1666666666666665,-0.01075590062903105,-0.02689510976618461,0.005383308508122511
primary,Distinctiveness,Within-person,23,1.3486590038314183,-0.013146268459096697,-0.03193237592236181,0.005639839004168413,1.222222222222222,-0.011268086373270625,-0.028175829278860066,0.005639656532318819
primary,Distinctiveness,Within-person,24,1.4099616858237556,-0.013743826116328366,-0.03338384755519644,0.005896195322539705,1.2777777777777777,-0.011780272117510199,-0.02945654879153553,0.005896004556515131
primary,Distinctiveness,Within-person,25,1.4712643678160928,-0.014341383773560033,-0.034835319188031066,0.006152551640910999,1.3333333333333333,-0.012292457861749772,-0.030737268304210984,0.0061523525807114406
primary,Distinctiveness,Within-person,26,1.5325670498084298,-0.0149389414307917,-0.03628679082086569,0.006408907959282289,1.3888888888888888,-0.012804643605989346,-0.032017987816886445,0.006408700604907752
primary,Distinctiveness,Within-person,27,1.593869731800767,-0.015536499088023369,-0.037738262453700315,0.006665264277653578,1.4444444444444444,-0.013316829350228921,-0.0332987073295619,0.00666504862910406
primary,Distinctiveness,Within-person,28,1.6551724137931043,-0.016134056745255036,-0.03918973408653494,0.006921620596024872,1.5,-0.013829015094468496,-0.03457942684223736,0.006921396653300372
primary,Distinctiveness,Within-person,29,1.7164750957854416,-0.016731614402486706,-0.04064120571936958,0.007177976914396162,1.5555555555555554,-0.014341200838708067,-0.03586014635491282,0.00717774467749668
primary,Distinctiveness,Within-person,30,1.7777777777777788,-0.017329172059718373,-0.042092677352204205,0.007434333232767456,1.611111111111111,-0.014853386582947641,-0.037140865867588274,0.007434092701692992
primary,Distinctiveness,Within-person,31,1.8390804597701158,-0.01792672971695004,-0.043544148985038826,0.007690689551138746,1.6666666666666665,-0.015365572327187216,-0.03842158538026373,0.0076904407258893
primary,Distinctiveness,Within-person,32,1.900383141762453,-0.018524287374181707,-0.04499562061787345,0.007947045869510037,1.722222222222222,-0.01587775807142679,-0.03970230489293919,0.007946788750085611
primary,Distinctiveness,Within-person,33,1.9616858237547903,-0.019121845031413377,-0.04644709225070808,0.008203402187881327,1.7777777777777777,-0.016389943815666365,-0.040983024405614646,0.00820313677428192
primary,Distinctiveness,Within-person,34,2.0229885057471275,-0.019719402688645044,-0.04789856388354271,0.008459758506252621,1.8333333333333333,-0.016902129559905936,-0.0422637439182901,0.008459484798478235
primary,Distinctiveness,Within-person,35,2.0842911877394648,-0.020316960345876715,-0.049350035516377344,0.008716114824623911,1.8888888888888888,-0.01741431530414551,-0.04354446343096556,0.008715832822674543
primary,Distinctiveness,Within-person,36,2.145593869731802,-0.02091451800310838,-0.05080150714921197,0.008972471142995205,1.9444444444444444,-0.017926501048385085,-0.044825182943641025,0.008972180846870854
primary,Distinctiveness,Within-person,37,2.2068965517241392,-0.021512075660340052,-0.0522529787820466,0.009228827461366492,2,-0.01843868679262466,-0.04610590245631648,0.009228528871067163
primary,Distinctiveness,Within-person,38,2.2681992337164765,-0.02210963331757172,-0.05370445041488123,0.009485183779737786,2.0555555555555554,-0.01895087253686423,-0.04738662196899193,0.009484876895263474
primary,Distinctiveness,Within-person,39,2.3295019157088133,-0.022707190974803382,-0.05515592204771584,0.00974154009810908,2.111111111111111,-0.01946305828110381,-0.0486673414816674,0.009741224919459782
primary,Distinctiveness,Within-person,40,2.3908045977011505,-0.023304748632035053,-0.05660739368055047,0.009997896416480367,2.1666666666666665,-0.01997524402534338,-0.04994806099434285,0.00999757294365609
primary,Distinctiveness,Within-person,41,2.4521072796934877,-0.02390230628926672,-0.0580588653133851,0.010254252734851657,2.2222222222222223,-0.020487429769582954,-0.05122878050701832,0.010253920967852406
primary,Distinctiveness,Within-person,42,2.513409961685825,-0.024499863946498387,-0.059510336946219725,0.010510609053222954,2.2777777777777777,-0.02099961551382253,-0.052509500019693775,0.010510268992048714
primary,Distinctiveness,Within-person,43,2.574712643678162,-0.025097421603730057,-0.06096180857905435,0.010766965371594241,2.333333333333333,-0.0215118012580621,-0.05379021953236922,0.010766617016245022
primary,Distinctiveness,Within-person,44,2.6360153256704995,-0.025694979260961724,-0.06241328021188899,0.011023321689965539,2.388888888888889,-0.022023987002301678,-0.05507093904504469,0.01102296504044133
primary,Distinctiveness,Within-person,45,2.6973180076628367,-0.026292536918193395,-0.06386475184472362,0.011279678008336826,2.444444444444444,-0.02253617274654125,-0.05635165855772013,0.011279313064637638
primary,Distinctiveness,Within-person,46,2.758620689655174,-0.02689009457542506,-0.06531622347755824,0.011536034326708116,2.5,-0.023048358490780824,-0.057632378070395604,0.011535661088833957
primary,Distinctiveness,Within-person,47,2.819923371647511,-0.027487652232656732,-0.06676769511039288,0.01179239064507941,2.5555555555555554,-0.023560544235020398,-0.05891309758307106,0.011792009113030261
primary,Distinctiveness,Within-person,48,2.8812260536398484,-0.0280852098898884,-0.0682191667432275,0.0120487469634507,2.611111111111111,-0.024072729979259973,-0.06019381709574652,0.012048357137226573
primary,Distinctiveness,Within-person,49,2.9425287356321856,-0.028682767547120066,-0.06967063837606213,0.012305103281821998,2.6666666666666665,-0.024584915723499544,-0.06147453660842197,0.012304705161422881
primary,Distinctiveness,Within-person,50,3.0038314176245224,-0.029280325204351733,-0.07112211000889675,0.012561459600193281,2.722222222222222,-0.02509710146773912,-0.06275525612109743,0.012561053185619193
primary,Distinctiveness,Within-person,51,3.0651340996168597,-0.0298778828615834,-0.07257358164173137,0.012817815918564578,2.7777777777777777,-0.025609287211978693,-0.06403597563377289,0.012817401209815504
primary,Distinctiveness,Within-person,52,3.126436781609197,-0.030475440518815067,-0.074025053274566,0.013074172236935869,2.833333333333333,-0.026121472956218264,-0.06531669514644833,0.013073749234011812
primary,Distinctiveness,Within-person,53,3.187739463601534,-0.031072998176046737,-0.07547652490740063,0.013330528555307156,2.888888888888889,-0.026633658700457842,-0.0665974146591238,0.01333009725820812
primary,Distinctiveness,Within-person,54,3.2490421455938714,-0.03167055583327841,-0.07692799654023527,0.01358688487367845,2.944444444444444,-0.027145844444697413,-0.06787813417179926,0.013586445282404436
primary,Distinctiveness,Within-person,55,3.3103448275862086,-0.03226811349051007,-0.07837946817306989,0.013843241192049743,3,-0.02765803018893699,-0.06915885368447472,0.013842793306600744
primary,Distinctiveness,Within-person,56,3.371647509578546,-0.03286567114774174,-0.07983093980590453,0.014099597510421037,3.0555555555555554,-0.028170215933176562,-0.07043957319715018,0.014099141330797052
primary,Distinctiveness,Within-person,57,3.432950191570883,-0.03346322880497341,-0.08128241143873915,0.014355953828792324,3.1111111111111107,-0.028682401677416133,-0.07172029270982563,0.01435548935499336
primary,Distinctiveness,Within-person,58,3.4942528735632203,-0.034060786462205075,-0.08273388307157377,0.014612310147163618,3.1666666666666665,-0.02919458742165571,-0.07300101222250109,0.014611837379189668
primary,Distinctiveness,Within-person,59,3.5555555555555576,-0.034658344119436746,-0.08418535470440841,0.014868666465534912,3.222222222222222,-0.029706773165895282,-0.07428173173517655,0.014868185403385983
primary,Distinctiveness,Within-person,60,3.6168582375478944,-0.03525590177666841,-0.08563682633724301,0.015125022783906199,3.2777777777777777,-0.030218958910134857,-0.075562451247852,0.015124533427582295
primary,Distinctiveness,Within-person,61,3.6781609195402316,-0.03585345943390008,-0.08708829797007765,0.015381379102277493,3.333333333333333,-0.03073114465437443,-0.07684317076052746,0.0153808814517786
primary,Distinctiveness,Within-person,62,3.739463601532569,-0.03645101709113175,-0.08853976960291228,0.01563773542064878,3.388888888888889,-0.031243330398614006,-0.07812389027320292,0.01563722947597491
primary,Distinctiveness,Within-person,63,3.800766283524906,-0.037048574748363414,-0.0899912412357469,0.015894091739020073,3.444444444444444,-0.03175551614285358,-0.07940460978587838,0.015893577500171223
primary,Distinctiveness,Within-person,64,3.8620689655172433,-0.037646132405595084,-0.09144271286858154,0.016150448057391367,3.5,-0.03226770188709315,-0.08068532929855385,0.016149925524367538
primary,Distinctiveness,Within-person,65,3.9233716475095806,-0.038243690062826755,-0.09289418450141616,0.016406804375762654,3.5555555555555554,-0.03277988763133273,-0.08196604881122929,0.01640627354856384
primary,Distinctiveness,Within-person,66,3.984674329501918,-0.038841247720058425,-0.0943456561342508,0.016663160694133948,3.6111111111111107,-0.0332920733755723,-0.08324676832390475,0.016662621572760147
primary,Distinctiveness,Within-person,67,4.045977011494255,-0.03943880537729009,-0.09579712776708542,0.016919517012505242,3.6666666666666665,-0.03380425911981187,-0.0845274878365802,0.01691896959695647
primary,Distinctiveness,Within-person,68,4.107279693486592,-0.04003636303452175,-0.09724859939992003,0.017175873330876536,3.722222222222222,-0.03431644486405145,-0.08580820734925568,0.01717531762115277
primary,Distinctiveness,Within-person,69,4.1685823754789295,-0.04063392069175343,-0.09870007103275469,0.017432229649247823,3.7777777777777777,-0.03482863060829102,-0.08708892686193112,0.017431665645349086
primary,Distinctiveness,Within-person,70,4.229885057471266,-0.04123147834898509,-0.10015154266558929,0.01768858596761911,3.833333333333333,-0.03534081635253059,-0.08836964637460658,0.017688013669545394
primary,Distinctiveness,Within-person,71,4.291187739463604,-0.04182903600621676,-0.10160301429842394,0.01794494228599041,3.888888888888889,-0.03585300209677017,-0.08965036588728205,0.01794436169374171
primary,Distinctiveness,Within-person,72,4.352490421455941,-0.04242659366344843,-0.10305448593125854,0.018201298604361697,3.944444444444444,-0.03636518784100974,-0.0909310853999575,0.018200709717938017
primary,Distinctiveness,Within-person,73,4.4137931034482785,-0.043024151320680104,-0.1045059575640932,0.018457654922732984,4,-0.03687737358524932,-0.09221180491263296,0.018457057742134325
primary,Distinctiveness,Within-person,74,4.475095785440615,-0.04362170897791177,-0.10595742919692781,0.018714011241104278,4.055555555555555,-0.03738955932948889,-0.09349252442530842,0.018713405766330633
primary,Distinctiveness,Within-person,75,4.536398467432953,-0.04421926663514344,-0.10740890082976245,0.018970367559475572,4.111111111111111,-0.03790174507372846,-0.09477324393798386,0.01896975379052695
primary,Distinctiveness,Within-person,76,4.59770114942529,-0.0448168242923751,-0.10886037246259707,0.019226723877846866,4.166666666666666,-0.03841393081796803,-0.09605396345065932,0.019226101814723257
primary,Distinctiveness,Within-person,77,4.6590038314176265,-0.045414381949606765,-0.11031184409543168,0.01948308019621816,4.222222222222222,-0.03892611656220762,-0.0973346829633348,0.019482449838919565
primary,Distinctiveness,Within-person,78,4.720306513409964,-0.046011939606838435,-0.11176331572826631,0.019739436514589447,4.277777777777778,-0.03943830230644719,-0.09861540247601025,0.019738797863115873
primary,Distinctiveness,Within-person,79,4.781609195402301,-0.046609497264070106,-0.11321478736110094,0.019995792832960733,4.333333333333333,-0.03995048805068676,-0.0998961219886857,0.01999514588731218
primary,Distinctiveness,Within-person,80,4.842911877394639,-0.047207054921301776,-0.1146662589939356,0.020252149151332034,4.388888888888888,-0.04046267379492633,-0.10117684150136116,0.020251493911508496
primary,Distinctiveness,Within-person,81,4.9042145593869755,-0.04780461257853344,-0.1161177306267702,0.020508505469703314,4.444444444444445,-0.04097485953916591,-0.10245756101403664,0.02050784193570481
primary,Distinctiveness,Within-person,82,4.965517241379313,-0.04840217023576511,-0.11756920225960484,0.020764861788074615,4.5,-0.04148704528340549,-0.10373828052671208,0.020764189959901112
primary,Distinctiveness,Within-person,83,5.02681992337165,-0.048999727892996774,-0.11902067389243945,0.02102121810644591,4.555555555555555,-0.04199923102764506,-0.10501900003938755,0.021020537984097427
primary,Distinctiveness,Within-person,84,5.088122605363988,-0.04959728555022845,-0.12047214552527409,0.02127757442481719,4.611111111111111,-0.04251141677188463,-0.106299719552063,0.02127688600829373
primary,Distinctiveness,Within-person,85,5.149425287356324,-0.050194843207460114,-0.1219236171581087,0.021533930743188483,4.666666666666666,-0.0430236025161242,-0.10758043906473844,0.021533234032490044
primary,Distinctiveness,Within-person,86,5.210727969348662,-0.050792400864691785,-0.12337508879094336,0.021790287061559784,4.722222222222222,-0.04353578826036378,-0.10886115857741392,0.021789582056686366
primary,Distinctiveness,Within-person,87,5.272030651340999,-0.05138995852192345,-0.12482656042377797,0.022046643379931077,4.777777777777778,-0.044047974004603356,-0.11014187809008938,0.02204593008088266
primary,Distinctiveness,Within-person,88,5.333333333333336,-0.05198751617915511,-0.1262780320566126,0.022302999698302357,4.833333333333333,-0.04456015974884293,-0.11142259760276482,0.022302278105078975
primary,Distinctiveness,Within-person,89,5.394636015325673,-0.05258507383638679,-0.12772950368944724,0.02255935601667365,4.888888888888888,-0.0450723454930825,-0.11270331711544027,0.022558626129275276
primary,Distinctiveness,Within-person,90,5.45593869731801,-0.05318263149361845,-0.12918097532228184,0.022815712335044945,4.944444444444444,-0.04558453123732207,-0.11398403662811574,0.02281497415347159
primary,Distinctiveness,Within-person,91,5.517241379310348,-0.05378018915085012,-0.13063244695511647,0.023072068653416232,5,-0.04609671698156165,-0.11526475614079121,0.023071322177667913
primary,Distinctiveness,Within-person,92,5.578544061302685,-0.05437774680808179,-0.1320839185879511,0.023328424971787526,5.055555555555555,-0.04660890272580122,-0.11654547565346665,0.023327670201864215
primary,Distinctiveness,Within-person,93,5.639846743295022,-0.054975304465313464,-0.13353539022078575,0.02358478129015882,5.111111111111111,-0.047121088470040796,-0.11782619516614212,0.023584018226060523
primary,Distinctiveness,Within-person,94,5.701149425287359,-0.05557286212254513,-0.13498686185362035,0.023841137608530114,5.166666666666666,-0.04763327421428037,-0.11910691467881757,0.023840366250256838
primary,Distinctiveness,Within-person,95,5.762452107279697,-0.0561704197797768,-0.136438333486455,0.0240974939269014,5.222222222222222,-0.048145459958519946,-0.12038763419149304,0.024096714274453146
primary,Distinctiveness,Within-person,96,5.823754789272034,-0.05676797743700846,-0.1378898051192896,0.024353850245272694,5.277777777777778,-0.04865764570275952,-0.1216683537041685,0.02435306229864946
primary,Distinctiveness,Within-person,97,5.885057471264371,-0.05736553509424013,-0.13934127675212427,0.024610206563643995,5.333333333333333,-0.04916983144699909,-0.12294907321684394,0.024609410322845762
primary,Distinctiveness,Within-person,98,5.946360153256708,-0.057963092751471795,-0.14079274838495887,0.024866562882015275,5.388888888888888,-0.04968201719123866,-0.1242297927295194,0.024865758347042077
primary,Distinctiveness,Within-person,99,6.007662835249045,-0.058560650408703466,-0.1422442200177935,0.025122919200386562,5.444444444444444,-0.05019420293547824,-0.12551051224219487,0.025122106371238385
primary,Distinctiveness,Within-person,100,6.068965517241383,-0.059158208065935136,-0.14369569165062812,0.025379275518757863,5.5,-0.050706388679717815,-0.12679123175487034,0.025378454395434694
primary,Reliability,Between-person,1,18,0.1495188556959815,0.1081934440928583,0.1908442672991047,18,0.15030374565523283,0.108976062251913,0.19163142905855265
primary,Reliability,Between-person,2,18.767676767676768,0.14707668225241935,0.10642626125360248,0.1877271032512362,18.767676767676768,0.14784875217365154,0.10719609648119617,0.18850140786610692
primary,Reliability,Between-person,3,19.535353535353536,0.14463450880885723,0.10465907841434668,0.18460993920336777,19.535353535353536,0.14539375869207027,0.10541613071047937,0.18537138667366118
primary,Reliability,Between-person,4,20.303030303030305,0.1421923353652951,0.1028918955750909,0.1814927751554993,20.303030303030305,0.14293876521048898,0.10363616493976252,0.18224136548121544
primary,Reliability,Between-person,5,21.07070707070707,0.13975016192173295,0.10112471273583508,0.17837561110763084,21.07070707070707,0.1404837717289077,0.10185619916904569,0.17911134428876968
primary,Reliability,Between-person,6,21.838383838383837,0.13730798847817086,0.09935752989657931,0.1752584470597624,21.838383838383837,0.13802877824732646,0.1000762333983289,0.17598132309632403
primary,Reliability,Between-person,7,22.606060606060606,0.1348658150346087,0.0975903470573235,0.1721412830118939,22.606060606060606,0.13557378476574514,0.09829626762761204,0.17285130190387824
primary,Reliability,Between-person,8,23.373737373737374,0.13242364159104658,0.09582316421806769,0.16902411896402547,23.373737373737374,0.13311879128416387,0.09651630185689522,0.16972128071143253
primary,Reliability,Between-person,9,24.141414141414142,0.12998146814748443,0.09405598137881188,0.16590695491615698,24.141414141414142,0.13066379780258258,0.0947363360861784,0.16659125951898676
primary,Reliability,Between-person,10,24.909090909090907,0.12753929470392233,0.09228879853955613,0.16278979086828854,24.909090909090907,0.12820880432100132,0.09295637031546158,0.16346123832654105
primary,Reliability,Between-person,11,25.676767676767675,0.12509712126036018,0.09052161570030029,0.15967262682042008,25.676767676767675,0.12575381083942003,0.09117640454474474,0.16033121713409532
primary,Reliability,Between-person,12,26.444444444444443,0.12265494781679806,0.08875443286104451,0.1565554627725516,26.444444444444443,0.12329881735783876,0.08939643877402795,0.15720119594164958
primary,Reliability,Between-person,13,27.21212121212121,0.12021277437323592,0.0869872500217887,0.15343829872468315,27.21212121212121,0.12084382387625747,0.0876164730033111,0.15407117474920384
primary,Reliability,Between-person,14,27.97979797979798,0.1177706009296738,0.08522006718253292,0.15032113467681468,27.97979797979798,0.1183888303946762,0.08583650723259428,0.1509411535567581
primary,Reliability,Between-person,15,28.747474747474747,0.11532842748611166,0.0834528843432771,0.14720397062894622,28.747474747474747,0.11593383691309492,0.08405654146187747,0.14781113236431237
primary,Reliability,Between-person,16,29.515151515151516,0.11288625404254952,0.0816857015040213,0.14408680658107775,29.515151515151516,0.11347884343151363,0.08227657569116062,0.14468111117186663
primary,Reliability,Between-person,17,30.282828282828284,0.1104440805989874,0.07991851866476551,0.1409696425332093,30.282828282828284,0.11102384994993235,0.0804966099204438,0.1415510899794209
primary,Reliability,Between-person,18,31.050505050505052,0.10800190715542526,0.0781513358255097,0.13785247848534082,31.050505050505052,0.10856885646835107,0.07871664414972698,0.13842106878697516
primary,Reliability,Between-person,19,31.818181818181817,0.10555973371186315,0.07638415298625392,0.1347353144374724,31.818181818181817,0.10611386298676981,0.07693667837901016,0.13529104759452945
primary,Reliability,Between-person,20,32.58585858585859,0.103117560268301,0.07461697014699811,0.1316181503896039,32.58585858585859,0.1036588695051885,0.07515671260829332,0.1321610264020837
primary,Reliability,Between-person,21,33.35353535353535,0.1006753868247389,0.07284978730774233,0.12850098634173546,33.35353535353535,0.10120387602360725,0.07337674683757651,0.129031005209638
primary,Reliability,Between-person,22,34.121212121212125,0.09823321338117674,0.07108260446848652,0.12538382229386696,34.121212121212125,0.09874888254202595,0.07159678106685967,0.1259009840171922
primary,Reliability,Between-person,23,34.888888888888886,0.09579103993761463,0.06931542162923074,0.12226665824599853,34.888888888888886,0.09629388906044468,0.06981681529614286,0.1227709628247465
primary,Reliability,Between-person,24,35.656565656565654,0.0933488664940525,0.06754823878997493,0.11914949419813006,35.656565656565654,0.09383889557886341,0.06803684952542603,0.11964094163230078
primary,Reliability,Between-person,25,36.42424242424242,0.09090669305049036,0.06578105595071912,0.1160323301502616,36.42424242424242,0.09138390209728212,0.0662568837547092,0.11651092043985503
primary,Reliability,Between-person,26,37.19191919191919,0.08846451960692824,0.06401387311146334,0.11291516610239313,37.19191919191919,0.08892890861570084,0.06447691798399238,0.1133808992474093
primary,Reliability,Between-person,27,37.95959595959596,0.0860223461633661,0.06224669027220753,0.10979800205452467,37.95959595959596,0.08647391513411956,0.06269695221327555,0.11025087805496357
primary,Reliability,Between-person,28,38.72727272727273,0.08358017271980397,0.06047950743295174,0.1066808380066562,38.72727272727273,0.08401892165253828,0.06091698644255873,0.10712085686251784
primary,Reliability,Between-person,29,39.494949494949495,0.08113799927624184,0.058712324593695936,0.10356367395878774,39.494949494949495,0.08156392817095699,0.05913702067184189,0.10399083567007208
primary,Reliability,Between-person,30,40.262626262626256,0.07869582583267973,0.056945141754440154,0.1004465099109193,40.262626262626256,0.07910893468937574,0.057357054901125096,0.10086081447762639
primary,Reliability,Between-person,31,41.03030303030303,0.07625365238911758,0.05517795891518434,0.09732934586305081,41.03030303030303,0.07665394120779444,0.05557708913040825,0.09773079328518063
primary,Reliability,Between-person,32,41.79797979797979,0.07381147894555547,0.053410776075928555,0.09421218181518237,41.79797979797979,0.07419894772621317,0.05379712335969143,0.09460077209273492
primary,Reliability,Between-person,33,42.56565656565657,0.0713693055019933,0.051643593236672725,0.09109501776731388,42.56565656565657,0.07174395424463187,0.052017157588974586,0.09147075090028915
primary,Reliability,Between-person,34,43.33333333333333,0.06892713205843119,0.04987641039741694,0.08797785371944544,43.33333333333333,0.0692889607630506,0.050237191818257775,0.08834072970784343
primary,Reliability,Between-person,35,44.101010101010104,0.06648495861486904,0.04810922755816113,0.08486068967157695,44.101010101010104,0.0668339672814693,0.048457226047540936,0.08521070851539767
primary,Reliability,Between-person,36,44.868686868686865,0.06404278517130693,0.04634204471890535,0.08174352562370851,44.868686868686865,0.06437897379988805,0.04667726027682413,0.08208068732295197
primary,Reliability,Between-person,37,45.63636363636363,0.0616006117277448,0.044574861879649555,0.07862636157584005,45.63636363636363,0.061923980318306766,0.0448972945061073,0.07895066613050623
primary,Reliability,Between-person,38,46.4040404040404,0.05915843828418267,0.04280767904039376,0.07550919752797158,46.4040404040404,0.05946898683672548,0.04311732873539047,0.0758206449380605
primary,Reliability,Between-person,39,47.17171717171717,0.05671626484062054,0.041040496201137956,0.07239203348010312,47.17171717171717,0.057013993355144205,0.04133736296467365,0.07269062374561476
primary,Reliability,Between-person,40,47.93939393939394,0.054274091397058404,0.03927331336188215,0.06927486943223465,47.93939393939394,0.05455899987356292,0.03955739719395682,0.06956060255316902
primary,Reliability,Between-person,41,48.707070707070706,0.05183191795349627,0.03750613052262636,0.06615770538436619,48.707070707070706,0.05210400639198164,0.03777743142324,0.06643058136072329
primary,Reliability,Between-person,42,49.474747474747474,0.04938974450993414,0.035738947683370555,0.06304054133649772,49.474747474747474,0.04964901291040036,0.03599746565252317,0.06330056016827755
primary,Reliability,Between-person,43,50.24242424242424,0.04694757106637201,0.03397176484411476,0.059923377288629266,50.24242424242424,0.04719401942881908,0.03421749988180635,0.060170538975831814
primary,Reliability,Between-person,44,51.01010101010101,0.044505397622809875,0.032204582004858956,0.056806213240760794,51.01010101010101,0.0447390259472378,0.03243753411108952,0.05704051778338608
primary,Reliability,Between-person,45,51.77777777777778,0.042063224179247745,0.030437399165603157,0.05368904919289233,51.77777777777778,0.04228403246565651,0.030657568340372685,0.05391049659094034
primary,Reliability,Between-person,46,52.54545454545454,0.039621050735685635,0.02867021632634737,0.0505718851450239,52.54545454545454,0.039829038984075256,0.02887760256965588,0.05078047539849463
primary,Reliability,Between-person,47,53.31313131313131,0.037178877292123505,0.026903033487091575,0.047454721097155435,53.31313131313131,0.03737404550249397,0.027097636798939048,0.047650454206048895
primary,Reliability,Between-person,48,54.080808080808076,0.034736703848561375,0.02513585064783578,0.04433755704928697,54.080808080808076,0.034919052020912694,0.025317671028222227,0.04452043301360316
primary,Reliability,Between-person,49,54.848484848484844,0.03229453040499924,0.023368667808579973,0.0412203930014185,54.848484848484844,0.03246405853933141,0.023537705257505398,0.04139041182115742
primary,Reliability,Between-person,50,55.61616161616161,0.029852356961437107,0.021601484969324174,0.03810322895355004,55.61616161616161,0.03000906505775013,0.021757739486788573,0.038260390628711685
primary,Reliability,Between-person,51,56.38383838383838,0.027410183517874977,0.019834302130068378,0.034986064905681576,56.38383838383838,0.027554071576168848,0.019977773716071744,0.03513036943626595
primary,Reliability,Between-person,52,57.15151515151515,0.024968010074312843,0.018067119290812575,0.03186890085781311,57.15151515151515,0.025099078094587567,0.01819780794535492,0.03200034824382022
primary,Reliability,Between-person,53,57.91919191919192,0.022525836630750713,0.01629993645155678,0.028751736809944646,57.91919191919192,0.022644084613006286,0.01641784217463809,0.028870327051374482
primary,Reliability,Between-person,54,58.686868686868685,0.02008366318718858,0.014532753612300976,0.02563457276207618,58.686868686868685,0.020189091131425006,0.014637876403921266,0.025740305858928746
primary,Reliability,Between-person,55,59.45454545454545,0.01764148974362645,0.01276557077304518,0.022517408714207716,59.45454545454545,0.017734097649843725,0.01285791063320444,0.02261028466648301
primary,Reliability,Between-person,56,60.22222222222222,0.015199316300064315,0.010998387933789378,0.01940024466633925,60.22222222222222,0.015279104168262442,0.011077944862487612,0.019480263474037272
primary,Reliability,Between-person,57,60.98989898989899,0.012757142856502183,0.009231205094533578,0.016283080618470787,60.98989898989899,0.01282411068668116,0.009297979091770785,0.016350242281591532
primary,Reliability,Between-person,58,61.75757575757576,0.01031496941294005,0.007464022255277779,0.013165916570602322,61.75757575757576,0.010369117205099879,0.00751801332105396,0.013220221089145797
primary,Reliability,Between-person,59,62.52525252525252,0.007872795969377941,0.005696839416021996,0.010048752522733885,62.52525252525252,0.00791412372351862,0.00573804755033715,0.01009019989670009
primary,Reliability,Between-person,60,63.29292929292929,0.005430622525815809,0.0039296565767661966,0.006931588474865421,63.29292929292929,0.005459130241937339,0.003958081779620323,0.0069601787042543545
primary,Reliability,Between-person,61,64.06060606060606,0.002988449082253654,0.0021624737375103807,0.0038144244269969277,64.06060606060606,0.0030041367603560343,0.00217811600890348,0.003830157511808589
primary,Reliability,Between-person,62,64.82828282828282,5.462756386915447e-4,3.952908982545977e-4,6.972603791284917e-4,64.82828282828282,5.491432787747756e-4,3.9815023818666966e-4,7.001363193628815e-4
primary,Reliability,Between-person,63,65,-0,-0,0,65,-0,-0,0
primary,Reliability,Between-person,64,65.59595959595958,-0.0018958978048705648,-0.0024199036687399442,-0.0013718919410011855,65.59595959595958,-0.0019058502028064831,-0.002429884873082826,-0.0013818155325301404
primary,Reliability,Between-person,65,66.36363636363636,-0.0043380712484327195,-0.005537067716608437,-0.0031390747802570013,66.36363636363636,-0.004360843684387787,-0.005559906065528591,-0.0031617813032469837
primary,Reliability,Between-person,66,67.13131313131314,-0.006780244691994874,-0.008654231764476931,-0.004906257619512817,67.13131313131314,-0.006815837165969092,-0.008689927257974357,-0.004941747073963826
primary,Reliability,Between-person,67,67.8989898989899,-0.009222418135556984,-0.011771395812345367,-0.0066734404587686005,67.8989898989899,-0.009270830647550351,-0.011819948450420064,-0.006721712844680637
primary,Reliability,Between-person,68,68.66666666666666,-0.011664591579119093,-0.014888559860213802,-0.008440623298024384,68.66666666666666,-0.01172582412913161,-0.014949969642865771,-0.008501678615397447
primary,Reliability,Between-person,69,69.43434343434343,-0.014106765022681248,-0.018005723908082298,-0.0102078061372802,69.43434343434343,-0.014180817610712913,-0.018079990835311536,-0.01028164438611429
primary,Reliability,Between-person,70,70.20202020202021,-0.016548938466243404,-0.02112288795595079,-0.011974988976536018,70.20202020202021,-0.016635811092294218,-0.021210012027757304,-0.012061610156831134
primary,Reliability,Between-person,71,70.96969696969697,-0.01899111190980551,-0.024240052003819224,-0.013742171815791796,70.96969696969697,-0.019090804573875474,-0.024340033220203006,-0.013841575927547941
primary,Reliability,Between-person,72,71.73737373737373,-0.02143328535336762,-0.027357216051687658,-0.01550935465504758,71.73737373737373,-0.021545798055456734,-0.027470054412648715,-0.015621541698264753
primary,Reliability,Between-person,73,72.50505050505049,-0.02387545879692973,-0.030474380099556095,-0.017276537494303364,72.50505050505049,-0.024000791537037994,-0.030600075605094423,-0.017401507468981565
primary,Reliability,Between-person,74,73.27272727272727,-0.026317632240491884,-0.03359154414742459,-0.01904372033355918,73.27272727272727,-0.026455785018619296,-0.03373009679754019,-0.019181473239698404
primary,Reliability,Between-person,75,74.04040404040404,-0.028759805684054042,-0.03670870819529309,-0.020810903172814997,74.04040404040404,-0.0289107785002006,-0.03686011798998595,-0.02096143901041525
primary,Reliability,Between-person,76,74.8080808080808,-0.031201979127616148,-0.03982587224316152,-0.02257808601207078,74.8080808080808,-0.03136577198178186,-0.03999013918243166,-0.022741404781132055
primary,Reliability,Between-person,77,75.57575757575756,-0.03364415257117826,-0.042943036291029954,-0.024345268851326565,75.57575757575756,-0.03382076546336312,-0.04312016037487737,-0.024521370551848873
primary,Reliability,Between-person,78,76.34343434343434,-0.03608632601474041,-0.04606020033889845,-0.026112451690582378,76.34343434343434,-0.036275758944944426,-0.046250181567323134,-0.026301336322565715
primary,Reliability,Between-person,79,77.11111111111111,-0.03852849945830257,-0.049177364386766946,-0.027879634529838195,77.11111111111111,-0.038730752426525725,-0.0493802027597689,-0.02808130209328255
primary,Reliability,Between-person,80,77.87878787878788,-0.04097067290186468,-0.05229452843463538,-0.029646817369093977,77.87878787878788,-0.04118574590810699,-0.05251022395221461,-0.02986126786399937
primary,Reliability,Between-person,81,78.64646464646464,-0.04341284634542679,-0.05541169248250381,-0.031414000208349765,78.64646464646464,-0.043640739389688245,-0.055640245144660316,-0.03164123363471617
primary,Reliability,Between-person,82,79.41414141414141,-0.04585501978898894,-0.058528856530372306,-0.033181183047605575,79.41414141414141,-0.04609573287126955,-0.05877026633710608,-0.03342119940543302
primary,Reliability,Between-person,83,80.18181818181819,-0.0482971932325511,-0.061646020578240805,-0.03494836588686139,80.18181818181819,-0.048550726352850855,-0.061900287529551845,-0.035201165176149865
primary,Reliability,Between-person,84,80.94949494949495,-0.05073936667611321,-0.06476318462610924,-0.03671554872611718,80.94949494949495,-0.05100571983443211,-0.06503030872199755,-0.03698113094686667
primary,Reliability,Between-person,85,81.71717171717171,-0.05318154011967532,-0.06788034867397767,-0.03848273156537296,81.71717171717171,-0.05346071331601337,-0.06816032991444326,-0.03876109671758348
primary,Reliability,Between-person,86,82.48484848484848,-0.05562371356323747,-0.07099751272184616,-0.04024991440462877,82.48484848484848,-0.05591570679759467,-0.07129035110688903,-0.04054106248830032
primary,Reliability,Between-person,87,83.25252525252525,-0.05806588700679958,-0.0741146767697146,-0.042017097243884555,83.25252525252525,-0.05837070027917594,-0.07442037229933474,-0.04232102825901714
primary,Reliability,Between-person,88,84.02020202020202,-0.060508060450361736,-0.0772318408175831,-0.04378428008314038,84.02020202020202,-0.060825693760757235,-0.0775503934917805,-0.04410099402973397
primary,Reliability,Between-person,89,84.78787878787878,-0.06295023389392385,-0.08034900486545153,-0.04555146292239616,84.78787878787878,-0.0632806872423385,-0.08068041468422621,-0.04588095980045079
primary,Reliability,Between-person,90,85.55555555555556,-0.065392407337486,-0.08346616891332002,-0.04731864576165197,85.55555555555556,-0.0657356807239198,-0.08381043587667197,-0.047660925571167634
primary,Reliability,Between-person,91,86.32323232323232,-0.0678345807810481,-0.08658333296118846,-0.04908582860090775,86.32323232323232,-0.06819067420550105,-0.08694045706911767,-0.04944089134188444
primary,Reliability,Between-person,92,87.09090909090908,-0.07027675422461022,-0.0897004970090569,-0.050853011440163534,87.09090909090908,-0.07064566768708232,-0.09007047826156339,-0.05122085711260125
primary,Reliability,Between-person,93,87.85858585858585,-0.07271892766817237,-0.09281766105692539,-0.052620194279419344,87.85858585858585,-0.07310066116866362,-0.09320049945400916,-0.05300082288331809
primary,Reliability,Between-person,94,88.62626262626262,-0.07516110111173448,-0.09593482510479381,-0.05438737711867513,88.62626262626262,-0.07555565465024489,-0.09633052064645486,-0.054780788654034906
primary,Reliability,Between-person,95,89.39393939393939,-0.07760327455529664,-0.09905198915266233,-0.056154559957930957,89.39393939393939,-0.07801064813182619,-0.09946054183890063,-0.05656075442475175
primary,Reliability,Between-person,96,90.16161616161615,-0.08004544799885875,-0.10216915320053076,-0.057921742797186745,90.16161616161615,-0.08046564161340744,-0.10259056303134632,-0.05834072019546856
primary,Reliability,Between-person,97,90.92929292929293,-0.0824876214424209,-0.10528631724839925,-0.059688925636442555,90.92929292929293,-0.08292063509498875,-0.1057205842237921,-0.060120685966185396
primary,Reliability,Between-person,98,91.69696969696969,-0.08492979488598301,-0.10840348129626769,-0.06145610847569834,91.69696969696969,-0.08537562857657001,-0.10885060541623781,-0.061900651736902214
primary,Reliability,Between-person,99,92.46464646464646,-0.08737196832954516,-0.11152064534413618,-0.06322329131495415,92.46464646464646,-0.08783062205815131,-0.11198062660868358,-0.06368061750761905
primary,Reliability,Between-person,100,93.23232323232322,-0.08981414177310727,-0.11463780939200462,-0.06499047415420993,93.23232323232322,-0.09028561553973256,-0.11511064780112927,-0.06546058327833586
primary,Reliability,Between-person,101,94,-0.09225631521666942,-0.1177549734398731,-0.06675765699346575,94,-0.09274060902131387,-0.11824066899357503,-0.0672405490490527
primary,Reliability,Within-person,1,0,-0,-0,0,0,-0,-0,0
primary,Reliability,Within-person,2,0.061302681992337196,-5.992994297898695e-4,-0.0011177408552627654,-8.085800431697349e-5,0.05555555555555555,-4.939568495803661e-4,-9.615882256506993e-4,-2.6325473510032836e-5
primary,Reliability,Within-person,3,0.12260536398467439,-0.001198598859579739,-0.002235481710525531,-1.6171600863394697e-4,0.1111111111111111,-9.879136991607321e-4,-0.0019231764513013986,-5.265094702006567e-5
primary,Reliability,Within-person,4,0.1839080459770116,-0.0017978982893696084,-0.0033532225657882967,-2.4257401295092024e-4,0.16666666666666666,-0.0014818705487410983,-0.002884764676952098,-7.897642053009872e-5
primary,Reliability,Within-person,5,0.24521072796934879,-0.002397197719159478,-0.004470963421051062,-3.2343201726789395e-4,0.2222222222222222,-0.0019758273983214642,-0.003846352902602797,-1.0530189404013134e-4
primary,Reliability,Within-person,6,0.30651340996168597,-0.002996497148949347,-0.005588704276313827,-4.0429002158486743e-4,0.2777777777777778,-0.0024697842479018306,-0.004807941128253497,-1.316273675501644e-4
primary,Reliability,Within-person,7,0.3678160919540232,-0.0035957965787392168,-0.0067064451315765935,-4.851480259018405e-4,0.3333333333333333,-0.0029637410974821966,-0.005769529353904196,-1.5795284106019745e-4
primary,Reliability,Within-person,8,0.4291187739463604,-0.004195096008529086,-0.007824185986839358,-5.66006030218814e-4,0.38888888888888884,-0.003457697947062562,-0.006731117579554894,-1.8427831457023007e-4
primary,Reliability,Within-person,9,0.49042145593869757,-0.004794395438318956,-0.008941926842102123,-6.468640345357879e-4,0.4444444444444444,-0.0039516547966429285,-0.007692705805205594,-2.1060378808026269e-4
primary,Reliability,Within-person,10,0.5517241379310348,-0.005393694868108825,-0.01005966769736489,-7.277220388527614e-4,0.5,-0.004445611646223295,-0.008654294030856293,-2.3692926159029574e-4
primary,Reliability,Within-person,11,0.6130268199233719,-0.005992994297898694,-0.011177408552627653,-8.085800431697349e-4,0.5555555555555556,-0.004939568495803661,-0.009615882256506994,-2.632547351003288e-4
primary,Reliability,Within-person,12,0.6743295019157092,-0.006592293727688564,-0.01229514940789042,-8.894380474867083e-4,0.611111111111111,-0.005433525345384027,-0.01057747048215769,-2.8958020861036184e-4
primary,Reliability,Within-person,13,0.7356321839080464,-0.0071915931574784335,-0.013412890263153187,-9.70296051803681e-4,0.6666666666666666,-0.005927482194964393,-0.011539058707808391,-3.159056821203949e-4
primary,Reliability,Within-person,14,0.7969348659003835,-0.007790892587268302,-0.01453063111841595,-0.0010511540561206545,0.7222222222222222,-0.0064214390445447595,-0.012500646933459092,-3.4223115563042795e-4
primary,Reliability,Within-person,15,0.8582375478927208,-0.008390192017058172,-0.015648371973678715,-0.001132012060437628,0.7777777777777777,-0.006915395894125124,-0.013462235159109787,-3.6855662914046013e-4
primary,Reliability,Within-person,16,0.9195402298850579,-0.008989491446848042,-0.01676611282894148,-0.0012128700647546023,0.8333333333333333,-0.0074093527437054905,-0.01442382338476049,-3.948821026504923e-4
primary,Reliability,Within-person,17,0.9808429118773951,-0.009588790876637911,-0.017883853684204247,-0.0012937280690715758,0.8888888888888888,-0.007903309593285857,-0.015385411610411188,-4.2120757616052537e-4
primary,Reliability,Within-person,18,1.0421455938697324,-0.010188090306427781,-0.019001594539467013,-0.0013745860733885493,0.9444444444444444,-0.008397266442866223,-0.016346999836061887,-4.475330496705593e-4
primary,Reliability,Within-person,19,1.1034482758620696,-0.01078738973621765,-0.02011933539472978,-0.0014554440777055228,1,-0.00889122329244659,-0.017308588061712586,-4.738585231805915e-4
primary,Reliability,Within-person,20,1.1647509578544066,-0.011386689166007519,-0.02123707624999254,-0.0015363020820224962,1.0555555555555556,-0.009385180142026956,-0.01827017628736329,-5.001839966906237e-4
primary,Reliability,Within-person,21,1.2260536398467439,-0.011985988595797388,-0.022354817105255307,-0.0016171600863394697,1.1111111111111112,-0.009879136991607322,-0.019231764513013987,-5.265094702006576e-4
primary,Reliability,Within-person,22,1.287356321839081,-0.012585288025587258,-0.023472557960518073,-0.0016980180906564432,1.1666666666666665,-0.010373093841187687,-0.020193352738664683,-5.528349437106898e-4
primary,Reliability,Within-person,23,1.3486590038314183,-0.013184587455377128,-0.02459029881578084,-0.0017788760949734167,1.222222222222222,-0.010867050690768053,-0.02115494096431538,-5.791604172207237e-4
primary,Reliability,Within-person,24,1.4099616858237556,-0.013783886885166997,-0.025708039671043605,-0.0018597340992903902,1.2777777777777777,-0.01136100754034842,-0.022116529189966084,-6.054858907307559e-4
primary,Reliability,Within-person,25,1.4712643678160928,-0.014383186314956867,-0.026825780526306374,-0.001940592103607362,1.3333333333333333,-0.011854964389928786,-0.023078117415616783,-6.318113642407898e-4
primary,Reliability,Within-person,26,1.5325670498084298,-0.014982485744746735,-0.027943521381569136,-0.0020214501079243354,1.3888888888888888,-0.012348921239509153,-0.024039705641267485,-6.58136837750822e-4
primary,Reliability,Within-person,27,1.593869731800767,-0.015581785174536605,-0.0290612622368319,-0.002102308112241309,1.4444444444444444,-0.012842878089089519,-0.025001293866918184,-6.844623112608559e-4
primary,Reliability,Within-person,28,1.6551724137931043,-0.016181084604326476,-0.030179003092094668,-0.002183166116558284,1.5,-0.013336834938669884,-0.025962882092568883,-7.107877847708863e-4
primary,Reliability,Within-person,29,1.7164750957854416,-0.016780384034116344,-0.03129674394735743,-0.002264024120875256,1.5555555555555554,-0.013830791788250248,-0.026924470318219575,-7.371132582809203e-4
primary,Reliability,Within-person,30,1.7777777777777788,-0.017379683463906215,-0.0324144848026202,-0.002344882125192231,1.611111111111111,-0.014324748637830615,-0.027886058543870277,-7.634387317909525e-4
primary,Reliability,Within-person,31,1.8390804597701158,-0.017978982893696083,-0.03353222565788296,-0.0024257401295092046,1.6666666666666665,-0.014818705487410981,-0.02884764676952098,-7.897642053009846e-4
primary,Reliability,Within-person,32,1.900383141762453,-0.01857828232348595,-0.034649966513145725,-0.002506598133826178,1.722222222222222,-0.015312662336991347,-0.029809234995171678,-8.160896788110186e-4
primary,Reliability,Within-person,33,1.9616858237547903,-0.019177581753275823,-0.035767707368408494,-0.0025874561381431516,1.7777777777777777,-0.015806619186571714,-0.030770823220822377,-8.424151523210507e-4
primary,Reliability,Within-person,34,2.0229885057471275,-0.01977688118306569,-0.03688544822367126,-0.0026683141424601216,1.8333333333333333,-0.016300576036152082,-0.031732411446473076,-8.687406258310864e-4
primary,Reliability,Within-person,35,2.0842911877394648,-0.020376180612855562,-0.038003189078934026,-0.0027491721467770985,1.8888888888888888,-0.016794532885732447,-0.032693999672123775,-8.950660993411186e-4
primary,Reliability,Within-person,36,2.145593869731802,-0.02097548004264543,-0.03912092993419679,-0.0028300301510940686,1.9444444444444444,-0.017288489735312815,-0.03365558789777448,-9.213915728511525e-4
primary,Reliability,Within-person,37,2.2068965517241392,-0.0215747794724353,-0.04023867078945956,-0.0029108881554110455,2,-0.01778244658489318,-0.03461717612342517,-9.47717046361183e-4
primary,Reliability,Within-person,38,2.2681992337164765,-0.02217407890222517,-0.04135641164472233,-0.0029917461597280155,2.0555555555555554,-0.018276403434473544,-0.03557876434907587,-9.740425198712169e-4
primary,Reliability,Within-person,39,2.3295019157088133,-0.022773378332015037,-0.04247415249998508,-0.0030726041640449925,2.111111111111111,-0.018770360284053912,-0.03654035257472658,-0.0010003679933812473
primary,Reliability,Within-person,40,2.3908045977011505,-0.023372677761804905,-0.04359189335524785,-0.0031534621683619625,2.1666666666666665,-0.019264317133634277,-0.037501940800377276,-0.0010266934668912812
primary,Reliability,Within-person,41,2.4521072796934877,-0.023971977191594777,-0.044709634210510614,-0.0032343201726789395,2.2222222222222223,-0.019758273983214645,-0.038463529026027975,-0.0010530189404013152
primary,Reliability,Within-person,42,2.513409961685825,-0.024571276621384645,-0.045827375065773376,-0.0033151781769959095,2.2777777777777777,-0.02025223083279501,-0.039425117251678674,-0.001079344413911349
primary,Reliability,Within-person,43,2.574712643678162,-0.025170576051174516,-0.046945115921036146,-0.0033960361813128864,2.333333333333333,-0.020746187682375374,-0.040386705477329365,-0.0011056698874213795
primary,Reliability,Within-person,44,2.6360153256704995,-0.025769875480964384,-0.048062856776298915,-0.0034768941856298564,2.388888888888889,-0.021240144531955742,-0.04134829370298007,-0.0011319953609314135
primary,Reliability,Within-person,45,2.6973180076628367,-0.026369174910754255,-0.04918059763156168,-0.0035577521899468334,2.444444444444444,-0.021734101381536107,-0.04230988192863076,-0.0011583208344414474
primary,Reliability,Within-person,46,2.758620689655174,-0.026968474340544123,-0.05029833848682444,-0.0036386101942638034,2.5,-0.022228058231116475,-0.04327147015428147,-0.0011846463079514813
primary,Reliability,Within-person,47,2.819923371647511,-0.027567773770333995,-0.05141607934208721,-0.0037194681985807804,2.5555555555555554,-0.02272201508069684,-0.04423305837993217,-0.0012109717814615117
primary,Reliability,Within-person,48,2.8812260536398484,-0.028167073200123866,-0.05253382019734998,-0.003800326202897754,2.611111111111111,-0.023215971930277208,-0.04519464660558287,-0.0012372972549715457
primary,Reliability,Within-person,49,2.9425287356321856,-0.028766372629913734,-0.05365156105261275,-0.003881184207214724,2.6666666666666665,-0.023709928779857573,-0.046156234831233565,-0.0012636227284815796
primary,Reliability,Within-person,50,3.0038314176245224,-0.0293656720597036,-0.0547693019078755,-0.003962042211531697,2.722222222222222,-0.024203885629437937,-0.047117823056884264,-0.00128994820199161
primary,Reliability,Within-person,51,3.0651340996168597,-0.02996497148949347,-0.05588704276313827,-0.004042900215848671,2.7777777777777777,-0.024697842479018305,-0.04807941128253497,-0.001316273675501644
primary,Reliability,Within-person,52,3.126436781609197,-0.030564270919283338,-0.05700478361840103,-0.004123758220165644,2.833333333333333,-0.025191799328598666,-0.04904099950818566,-0.0013425991490116744
primary,Reliability,Within-person,53,3.187739463601534,-0.03116357034907321,-0.0581225244736638,-0.004204616224482618,2.888888888888889,-0.025685756178179038,-0.05000258773383637,-0.0013689246225217118
primary,Reliability,Within-person,54,3.2490421455938714,-0.03176286977886308,-0.05924026532892657,-0.004285474228799591,2.944444444444444,-0.0261797130277594,-0.05096417595948706,-0.0013952500960317388
primary,Reliability,Within-person,55,3.3103448275862086,-0.03236216920865295,-0.060358006184189336,-0.004366332233116568,3,-0.026673669877339767,-0.051925764185137765,-0.0014215755695417727
primary,Reliability,Within-person,56,3.371647509578546,-0.03296146863844282,-0.0614757470394521,-0.004447190237433542,3.0555555555555554,-0.027167626726920132,-0.05288735241078846,-0.0014479010430518066
primary,Reliability,Within-person,57,3.432950191570883,-0.03356076806823269,-0.06259348789471486,-0.004528048241750512,3.1111111111111107,-0.027661583576500497,-0.05384894063643915,-0.0014742265165618405
primary,Reliability,Within-person,58,3.4942528735632203,-0.034160067498022556,-0.06371122874997763,-0.004608906246067485,3.1666666666666665,-0.028155540426080865,-0.054810528862089855,-0.001500551990071871
primary,Reliability,Within-person,59,3.5555555555555576,-0.03475936692781243,-0.0648289696052404,-0.004689764250384462,3.222222222222222,-0.02864949727566123,-0.055772117087740554,-0.001526877463581905
primary,Reliability,Within-person,60,3.6168582375478944,-0.03535866635760229,-0.06594671046050316,-0.004770622254701432,3.2777777777777777,-0.029143454125241598,-0.05673370531339125,-0.0015532029370919388
primary,Reliability,Within-person,61,3.6781609195402316,-0.03595796578739217,-0.06706445131576592,-0.004851480259018409,3.333333333333333,-0.029637410974821962,-0.05769529353904196,-0.0015795284106019693
primary,Reliability,Within-person,62,3.739463601532569,-0.036557265217182035,-0.0681821921710287,-0.004932338263335383,3.388888888888889,-0.03013136782440233,-0.05865688176469266,-0.0016058538841120032
primary,Reliability,Within-person,63,3.800766283524906,-0.0371565646469719,-0.06929993302629145,-0.005013196267652356,3.444444444444444,-0.030625324673982695,-0.059618469990343356,-0.0016321793576220371
primary,Reliability,Within-person,64,3.8620689655172433,-0.03775586407676177,-0.07041767388155422,-0.005094054271969323,3.5,-0.031119281523563063,-0.06058005821599406,-0.0016585048311320676
primary,Reliability,Within-person,65,3.9233716475095806,-0.038355163506551646,-0.07153541473681699,-0.005174912276286303,3.5555555555555554,-0.03161323837314343,-0.061541646441644754,-0.0016848303046421015
primary,Reliability,Within-person,66,3.984674329501918,-0.038954462936341513,-0.07265315559207974,-0.005255770280603277,3.6111111111111107,-0.032107195222723796,-0.06250323466729546,-0.0017111557781521389
primary,Reliability,Within-person,67,4.045977011494255,-0.03955376236613138,-0.07377089644734253,-0.005336628284920243,3.6666666666666665,-0.032601152072304164,-0.06346482289294615,-0.0017374812516621728
primary,Reliability,Within-person,68,4.107279693486592,-0.04015306179592125,-0.07488863730260528,-0.005417486289237224,3.722222222222222,-0.033095108921884525,-0.06442641111859684,-0.0017638067251721998
primary,Reliability,Within-person,69,4.1685823754789295,-0.040752361225711124,-0.07600637815786805,-0.005498344293554197,3.7777777777777777,-0.03358906577146489,-0.06538799934424755,-0.0017901321986822372
primary,Reliability,Within-person,70,4.229885057471266,-0.041351660655500985,-0.0771241190131308,-0.005579202297871164,3.833333333333333,-0.034083022621045254,-0.06634958756989826,-0.0018164576721922607
primary,Reliability,Within-person,71,4.291187739463604,-0.04195096008529086,-0.07824185986839358,-0.005660060302188137,3.888888888888889,-0.03457697947062563,-0.06731117579554896,-0.001842783145702305
primary,Reliability,Within-person,72,4.352490421455941,-0.04255025951508073,-0.07935960072365633,-0.0057409183065051175,3.944444444444444,-0.03507093632020599,-0.06827276402119964,-0.0018691086192123355
primary,Reliability,Within-person,73,4.4137931034482785,-0.0431495589448706,-0.08047734157891911,-0.005821776310822091,4,-0.03556489316978636,-0.06923435224685034,-0.001895434092722366
primary,Reliability,Within-person,74,4.475095785440615,-0.043748858374660464,-0.08159508243418187,-0.0059026343151390576,4.055555555555555,-0.03605885001936672,-0.07019594047250105,-0.0019217595662323964
primary,Reliability,Within-person,75,4.536398467432953,-0.04434815780445034,-0.08271282328944465,-0.005983492319456031,4.111111111111111,-0.03655280686894709,-0.07115752869815174,-0.0019480850397424337
primary,Reliability,Within-person,76,4.59770114942529,-0.04494745723424021,-0.08383056414470741,-0.0060643503237730115,4.166666666666666,-0.03704676371852745,-0.07211911692380243,-0.001974410513252464
primary,Reliability,Within-person,77,4.6590038314176265,-0.045546756664030075,-0.08494830499997016,-0.006145208328089985,4.222222222222222,-0.037540720568107824,-0.07308070514945315,-0.0020007359867624946
primary,Reliability,Within-person,78,4.720306513409964,-0.04614605609381995,-0.08606604585523295,-0.0062260663324069584,4.277777777777778,-0.038034677417688185,-0.07404229337510385,-0.002027061460272525
primary,Reliability,Within-person,79,4.781609195402301,-0.04674535552360981,-0.0871837867104957,-0.006306924336723925,4.333333333333333,-0.038528634267268554,-0.07500388160075455,-0.0020533869337825625
primary,Reliability,Within-person,80,4.842911877394639,-0.047344654953399685,-0.08830152756575846,-0.006387782341040905,4.388888888888888,-0.039022591116848915,-0.07596546982640523,-0.002079712407292593
primary,Reliability,Within-person,81,4.9042145593869755,-0.04794395438318955,-0.08941926842102123,-0.006468640345357879,4.444444444444445,-0.03951654796642929,-0.07692705805205595,-0.0021060378808026303
primary,Reliability,Within-person,82,4.965517241379313,-0.04854325381297943,-0.090537009276284,-0.006549498349674852,4.5,-0.04001050481600965,-0.07788864627770664,-0.0021323633543126608
primary,Reliability,Within-person,83,5.02681992337165,-0.04914255324276929,-0.09165475013154675,-0.006630356353991819,4.555555555555555,-0.04050446166559002,-0.07885023450335735,-0.002158688827822698
primary,Reliability,Within-person,84,5.088122605363988,-0.049741852672559164,-0.09277249098680954,-0.006711214358308792,4.611111111111111,-0.04099841851517038,-0.07981182272900803,-0.0021850143013327286
primary,Reliability,Within-person,85,5.149425287356324,-0.05034115210234903,-0.09389023184207229,-0.006792072362625773,4.666666666666666,-0.04149237536475075,-0.08077341095465873,-0.002211339774842759
primary,Reliability,Within-person,86,5.210727969348662,-0.05094045153213891,-0.09500797269733507,-0.006872930366942746,4.722222222222222,-0.04198633221433112,-0.08173499918030944,-0.0022376652483527895
primary,Reliability,Within-person,87,5.272030651340999,-0.05153975096192877,-0.09612571355259783,-0.006953788371259713,4.777777777777778,-0.042480289063911485,-0.08269658740596014,-0.002263990721862827
primary,Reliability,Within-person,88,5.333333333333336,-0.052139050391718636,-0.09724345440786059,-0.007034646375576686,4.833333333333333,-0.042974245913491846,-0.08365817563161083,-0.0022903161953728574
primary,Reliability,Within-person,89,5.394636015325673,-0.05273834982150851,-0.09836119526312335,-0.007115504379893667,4.888888888888888,-0.043468202763072214,-0.08461976385726153,-0.0023166416688828947
primary,Reliability,Within-person,90,5.45593869731801,-0.05333764925129838,-0.09947893611838612,-0.00719636238421064,4.944444444444444,-0.043962159612652575,-0.08558135208291223,-0.002342967142392925
primary,Reliability,Within-person,91,5.517241379310348,-0.05393694868108825,-0.10059667697364888,-0.007277220388527607,5,-0.04445611646223295,-0.08654294030856294,-0.0023692926159029626
primary,Reliability,Within-person,92,5.578544061302685,-0.054536248110878115,-0.10171441782891165,-0.00735807839284458,5.055555555555555,-0.04495007331181331,-0.08750452853421364,-0.002395618089412986
primary,Reliability,Within-person,93,5.639846743295022,-0.05513554754066799,-0.10283215868417442,-0.007438936397161561,5.111111111111111,-0.04544403016139368,-0.08846611675986434,-0.0024219435629230235
primary,Reliability,Within-person,94,5.701149425287359,-0.05573484697045786,-0.10394989953943717,-0.007519794401478534,5.166666666666666,-0.04593798701097404,-0.08942770498551503,-0.002448269036433054
primary,Reliability,Within-person,95,5.762452107279697,-0.05633414640024773,-0.10506764039469996,-0.007600652405795508,5.222222222222222,-0.046431943860554416,-0.09038929321116573,-0.0024745945099430913
primary,Reliability,Within-person,96,5.823754789272034,-0.05693344583003759,-0.10618538124996271,-0.007681510410112474,5.277777777777778,-0.04692590071013478,-0.09135088143681644,-0.0025009199834531218
primary,Reliability,Within-person,97,5.885057471264371,-0.05753274525982747,-0.1073031221052255,-0.007762368414429448,5.333333333333333,-0.047419857559715145,-0.09231246966246713,-0.002527245456963159
primary,Reliability,Within-person,98,5.946360153256708,-0.058132044689617336,-0.10842086296048825,-0.007843226418746428,5.388888888888888,-0.047913814409295506,-0.09327405788811782,-0.0025535709304731896
primary,Reliability,Within-person,99,6.007662835249045,-0.0587313441194072,-0.109538603815751,-0.007924084423063395,5.444444444444444,-0.048407771258875874,-0.09423564611376853,-0.00257989640398322
primary,Reliability,Within-person,100,6.068965517241383,-0.05933064354919707,-0.11065634467101378,-0.008004942427380368,5.5,-0.04890172810845624,-0.09519723433941923,-0.0026062218774932505
primary,Confusability,Between-person,1,18,0.005047941412120732,-0.035713482555258504,0.04580936537949997,18,0.005252208482664345,-0.03545300183455425,0.045957418799882944
primary,Confusability,Between-person,2,18.767676767676768,0.00496549061751055,-0.035130154664822305,0.04506113589984341,18.767676767676768,0.005166421282001871,-0.03487392851853746,0.0452067710825412
primary,Confusability,Between-person,3,19.535353535353536,0.004883039822900368,-0.0345468267743861,0.04431290642018684,19.535353535353536,0.005080634081339397,-0.03429485520252067,0.04445612336519946
primary,Confusability,Between-person,4,20.303030303030305,0.004800589028290186,-0.0339634988839499,0.04356467694053027,20.303030303030305,0.004994846880676924,-0.033715781886503884,0.04370547564785773
primary,Confusability,Between-person,5,21.07070707070707,0.004718138233680004,-0.0333801709935137,0.04281644746087371,21.07070707070707,0.00490905968001445,-0.033136708570487096,0.04295482793051599
primary,Confusability,Between-person,6,21.838383838383837,0.004635687439069823,-0.032796843103077504,0.04206821798121715,21.838383838383837,0.0048232724793519765,-0.03255763525447031,0.042204180213174264
primary,Confusability,Between-person,7,22.606060606060606,0.004553236644459641,-0.0322135152126413,0.04131998850156058,22.606060606060606,0.004737485278689502,-0.03197856193845351,0.041453532495832515
primary,Confusability,Between-person,8,23.373737373737374,0.00447078584984946,-0.0316301873222051,0.04057175902190402,23.373737373737374,0.0046516980780270285,-0.03139948862243673,0.04070288477849078
primary,Confusability,Between-person,9,24.141414141414142,0.004388335055239277,-0.031046859431768888,0.039823529542247445,24.141414141414142,0.0045659108773645546,-0.030820415306419928,0.03995223706114904
primary,Confusability,Between-person,10,24.909090909090907,0.004305884260629096,-0.030463531541332696,0.03907530006259089,24.909090909090907,0.0044801236767020814,-0.030241341990403143,0.039201589343807304
primary,Confusability,Between-person,11,25.676767676767675,0.004223433466018915,-0.02988020365089649,0.038327070582934324,25.676767676767675,0.0043943364760396075,-0.029662268674386358,0.038450941626465576
primary,Confusability,Between-person,12,26.444444444444443,0.004140982671408733,-0.02929687576046029,0.037578841103277756,26.444444444444443,0.0043085492753771335,-0.02908319535836957,0.037700293909123835
primary,Confusability,Between-person,13,27.21212121212121,0.004058531876798551,-0.02871354787002409,0.036830611623621196,27.21212121212121,0.00422276207471466,-0.028504122042352777,0.0369496461917821
primary,Confusability,Between-person,14,27.97979797979798,0.003976081082188369,-0.028130219979587884,0.03608238214396462,27.97979797979798,0.004136974874052186,-0.027925048726335985,0.03619899847444036
primary,Confusability,Between-person,15,28.747474747474747,0.0038936302875781873,-0.027546892089151682,0.035334152664308054,28.747474747474747,0.004051187673389712,-0.027345975410319193,0.035448350757098616
primary,Confusability,Between-person,16,29.515151515151516,0.0038111794929680054,-0.026963564198715484,0.03458592318465149,29.515151515151516,0.0039654004727272384,-0.02676690209430241,0.03469770303975688
primary,Confusability,Between-person,17,30.282828282828284,0.0037287286983578236,-0.02638023630827928,0.033837693704994926,30.282828282828284,0.003879613272064765,-0.026187828778285616,0.03394705532241515
primary,Confusability,Between-person,18,31.050505050505052,0.003646277903747642,-0.025796908417843076,0.03308946422533836,31.050505050505052,0.0037938260714022913,-0.025608755462268824,0.033196407605073405
primary,Confusability,Between-person,19,31.818181818181817,0.003563827109137461,-0.02521358052740688,0.032341234745681804,31.818181818181817,0.0037080388707398182,-0.02502968214625204,0.03244575988773168
primary,Confusability,Between-person,20,32.58585858585859,0.0034813763145272784,-0.024630252636970676,0.03159300526602523,32.58585858585859,0.003622251670077344,-0.024450608830235244,0.03169511217038993
primary,Confusability,Between-person,21,33.35353535353535,0.0033989255199170973,-0.024046924746534477,0.03084477578636867,33.35353535353535,0.0035364644694148707,-0.02387153551421846,0.0309444644530482
primary,Confusability,Between-person,22,34.121212121212125,0.003316474725306915,-0.02346359685609827,0.0300965463067121,34.121212121212125,0.0034506772687523963,-0.023292462198201663,0.030193816735706452
primary,Confusability,Between-person,23,34.888888888888886,0.0032340239306967336,-0.022880268965662073,0.02934831682705554,34.888888888888886,0.003364890068089923,-0.02271338888218488,0.029443169018364725
primary,Confusability,Between-person,24,35.656565656565654,0.003151573136086552,-0.022296941075225868,0.028600087347398974,35.656565656565654,0.003279102867427449,-0.02213431556616809,0.028692521301022986
primary,Confusability,Between-person,25,36.42424242424242,0.0030691223414763703,-0.02171361318478967,0.027851857867742406,36.42424242424242,0.0031933156667649757,-0.021555242250151298,0.027941873583681248
primary,Confusability,Between-person,26,37.19191919191919,0.0029866715468661884,-0.021130285294353467,0.027103628388085842,37.19191919191919,0.0031075284661025017,-0.02097616893413451,0.027191225866339513
primary,Confusability,Between-person,27,37.95959595959596,0.0029042207522560065,-0.020546957403917265,0.02635539890842928,37.95959595959596,0.003021741265440028,-0.020397095618117717,0.026440578148997775
primary,Confusability,Between-person,28,38.72727272727273,0.002821769957645825,-0.01996362951348106,0.02560716942877271,38.72727272727273,0.002935954064777554,-0.019818022302100925,0.025689930431656037
primary,Confusability,Between-person,29,39.494949494949495,0.002739319163035643,-0.019380301623044858,0.024858939949116147,39.494949494949495,0.0028501668641150806,-0.019238948986084137,0.024939282714314295
primary,Confusability,Between-person,30,40.262626262626256,0.002656868368425462,-0.018796973732608663,0.02411071046945959,40.262626262626256,0.0027643796634526075,-0.018659875670067355,0.024188634996972568
primary,Confusability,Between-person,31,41.03030303030303,0.0025744175738152794,-0.018213645842172457,0.023362480989803015,41.03030303030303,0.002678592462790133,-0.018080802354050556,0.023437987279630822
primary,Confusability,Between-person,32,41.79797979797979,0.0024919667792050984,-0.01763031795173626,0.022614251510146455,41.79797979797979,0.00259280526212766,-0.01750172903803377,0.02268733956228909
primary,Confusability,Between-person,33,42.56565656565657,0.002409515984594916,-0.01704699006130005,0.021866022030489884,42.56565656565657,0.0025070180614651856,-0.016922655722016976,0.02193669184494735
primary,Confusability,Between-person,34,43.33333333333333,0.002327065189984735,-0.016463662170863855,0.021117792550833327,43.33333333333333,0.0024212308608027124,-0.01634358240600019,0.021186044127605618
primary,Confusability,Between-person,35,44.101010101010104,0.0022446143953745524,-0.01588033428042765,0.020369563071176752,44.101010101010104,0.002335443660140238,-0.015764509089983395,0.02043539641026387
primary,Confusability,Between-person,36,44.868686868686865,0.0021621636007643713,-0.01529700638999145,0.01962133359152019,44.868686868686865,0.002249656459477765,-0.01518543577396661,0.019684748692922138
primary,Confusability,Between-person,37,45.63636363636363,0.0020797128061541895,-0.014713678499555249,0.018873104111863628,45.63636363636363,0.0021638692588152914,-0.014606362457949822,0.018934100975580404
primary,Confusability,Between-person,38,46.4040404040404,0.0019972620115440076,-0.014130350609119047,0.018124874632207064,46.4040404040404,0.0020780820581528174,-0.01402728914193303,0.018183453258238665
primary,Confusability,Between-person,39,47.17171717171717,0.001914811216933826,-0.013547022718682845,0.017376645152550496,47.17171717171717,0.001992294857490344,-0.013448215825916241,0.017432805540896927
primary,Confusability,Between-person,40,47.93939393939394,0.0018323604223236443,-0.012963694828246641,0.01662841567289393,47.93939393939394,0.0019065076568278699,-0.012869142509899449,0.01668215782355519
primary,Confusability,Between-person,41,48.707070707070706,0.0017499096277134624,-0.01238036693781044,0.015880186193237365,48.707070707070706,0.001820720456165396,-0.012290069193882659,0.01593151010621345
primary,Confusability,Between-person,42,49.474747474747474,0.0016674588331032807,-0.011797039047374237,0.015131956713580799,49.474747474747474,0.0017349332555029223,-0.01171099587786587,0.015180862388871714
primary,Confusability,Between-person,43,50.24242424242424,0.0015850080384930988,-0.011213711156938037,0.014383727233924233,50.24242424242424,0.0016491460548404486,-0.011131922561849078,0.014430214671529976
primary,Confusability,Between-person,44,51.01010101010101,0.001502557243882917,-0.010630383266501833,0.013635497754267667,51.01010101010101,0.0015633588541779748,-0.010552849245832288,0.01367956695418824
primary,Confusability,Between-person,45,51.77777777777778,0.0014201064492727353,-0.010047055376065633,0.012887268274611102,51.77777777777778,0.001477571653515501,-0.0099737759298155,0.012928919236846501
primary,Confusability,Between-person,46,52.54545454545454,0.0013376556546625543,-0.009463727485629434,0.012139038794954544,52.54545454545454,0.0013917844528530282,-0.009394702613798715,0.01217827151950477
primary,Confusability,Between-person,47,53.31313131313131,0.0012552048600523724,-0.008880399595193232,0.011390809315297977,53.31313131313131,0.0013059972521905544,-0.008815629297781923,0.011427623802163032
primary,Confusability,Between-person,48,54.080808080808076,0.0011727540654421908,-0.00829707170475703,0.010642579835641413,54.080808080808076,0.0012202100515280806,-0.008236555981765134,0.010676976084821294
primary,Confusability,Between-person,49,54.848484848484844,0.0010903032708320089,-0.007713743814320828,0.009894350355984845,54.848484848484844,0.0011344228508656069,-0.007657482665748344,0.009926328367479557
primary,Confusability,Between-person,50,55.61616161616161,0.001007852476221827,-0.007130415923884627,0.009146120876328281,55.61616161616161,0.001048635650203133,-0.007078409349731552,0.009175680650137819
primary,Confusability,Between-person,51,56.38383838383838,9.254016816116453e-4,-0.006547088033448424,0.008397891396671716,56.38383838383838,9.628484495406592e-4,-0.006499336033714762,0.00842503293279608
primary,Confusability,Between-person,52,57.15151515151515,8.429508870014636e-4,-0.005963760143012222,0.00764966191701515,57.15151515151515,8.770612488781855e-4,-0.005920262717697972,0.007674385215454343
primary,Confusability,Between-person,53,57.91919191919192,7.605000923912818e-4,-0.00538043225257602,0.006901432437358584,57.91919191919192,7.912740482157117e-4,-0.005341189401681182,0.006923737498112605
primary,Confusability,Between-person,54,58.686868686868685,6.780492977810999e-4,-0.004797104362139818,0.006153202957702018,58.686868686868685,7.05486847553238e-4,-0.004762116085664392,0.006173089780770867
primary,Confusability,Between-person,55,59.45454545454545,5.955985031709182e-4,-0.004213776471703616,0.005404973478045453,59.45454545454545,6.196996468907642e-4,-0.004183042769647601,0.00542244206342913
primary,Confusability,Between-person,56,60.22222222222222,5.131477085607364e-4,-0.003630448581267414,0.004656743998388887,60.22222222222222,5.339124462282904e-4,-0.003603969453630811,0.004671794346087392
primary,Confusability,Between-person,57,60.98989898989899,4.306969139505546e-4,-0.003047120690831212,0.003908514518732321,60.98989898989899,4.4812524556581666e-4,-0.003024896137614021,0.003921146628745654
primary,Confusability,Between-person,58,61.75757575757576,3.4824611934037284e-4,-0.00246379280039501,0.0031602850390757553,61.75757575757576,3.623380449033429e-4,-0.0024458228215972306,0.0031704989114039166
primary,Confusability,Between-person,59,62.52525252525252,2.657953247301918e-4,-0.001880464909958813,0.0024120555594191965,62.52525252525252,2.765508442408699e-4,-0.001866749505580446,0.002419851194062186
primary,Confusability,Between-person,60,63.29292929292929,1.8334453012001e-4,-0.001297137019522611,0.001663826079762631,63.29292929292929,1.9076364357839616e-4,-0.0012876761895636555,0.0016692034767204478
primary,Confusability,Between-person,61,64.06060606060606,1.0089373550982747e-4,-7.138091290864035e-4,9.155966001060583e-4,64.06060606060606,1.0497644291592158e-4,-7.0860287354686e-4,9.185557593787032e-4
primary,Confusability,Between-person,62,64.82828282828282,1.8442940899646438e-5,-1.3048123865020672e-4,1.673671204494996e-4,64.82828282828282,1.9189242253448613e-5,-1.295295575300751e-4,1.6790804203697232e-4
primary,Confusability,Between-person,63,65,-0,-0,0,65,-0,-0,0
primary,Confusability,Between-person,64,65.59595959595958,-6.400785371053458e-5,-5.808623592070592e-4,4.5284665178599e-4,65.59595959595958,-6.659795840902436e-5,-5.827396753047586e-4,4.4954375848670986e-4
primary,Confusability,Between-person,65,66.36363636363636,-1.4645864832071713e-4,-0.0013290918388636317,0.0010361745422221974,66.36363636363636,-1.5238515907149892e-4,-0.0013333873926465033,0.0010286170745035055
primary,Confusability,Between-person,66,67.13131313131314,-2.2890944293089968e-4,-0.0020773213185202046,0.001619502432658405,67.13131313131314,-2.381723597339735e-4,-0.002084035109988248,0.001607690390520301
primary,Confusability,Between-person,67,67.8989898989899,-3.113602375410807e-4,-0.002825550798176763,0.0022028303230946017,67.8989898989899,-3.2395956039644644e-4,-0.0028346828273299787,0.002186763706537086
primary,Confusability,Between-person,68,68.66666666666666,-3.9381103215126173e-4,-0.003573780277833322,0.0027861582135307985,68.66666666666666,-4.0974676105891945e-4,-0.0035853305446717095,0.002765837022553871
primary,Confusability,Between-person,69,69.43434343434343,-4.7626182676144426e-4,-0.0043220097574898945,0.0033694861039670057,69.43434343434343,-4.95533961721394e-4,-0.004335978262013454,0.0033449103385706667
primary,Confusability,Between-person,70,70.20202020202021,-5.587126213716268e-4,-0.005070239237146467,0.003952813994403213,70.20202020202021,-5.813211623838686e-4,-0.005086625979355199,0.003923983654587462
primary,Confusability,Between-person,71,70.96969696969697,-6.411634159818079e-4,-0.005818468716803026,0.00453614188483941,70.96969696969697,-6.671083630463415e-4,-0.00583727369669693,0.004503056970604246
primary,Confusability,Between-person,72,71.73737373737373,-7.236142105919889e-4,-0.006566698196459585,0.0051194697752756065,71.73737373737373,-7.528955637088145e-4,-0.006587921414038661,0.005082130286621031
primary,Confusability,Between-person,73,72.50505050505049,-8.060650052021699e-4,-0.007314927676116144,0.005702797665711803,72.50505050505049,-8.386827643712875e-4,-0.007338569131380392,0.0056612036026378165
primary,Confusability,Between-person,74,73.27272727272727,-8.885157998123524e-4,-0.008063157155772716,0.006286125556148011,73.27272727272727,-9.24469965033762e-4,-0.008089216848722137,0.006240276918654613
primary,Confusability,Between-person,75,74.04040404040404,-9.70966594422535e-4,-0.00881138663542929,0.0068694534465842194,74.04040404040404,-0.0010102571656962365,-0.008839864566063881,0.006819350234671407
primary,Confusability,Between-person,76,74.8080808080808,-0.001053417389032716,-0.009559616115085847,0.0074527813370204145,74.8080808080808,-0.0010960443663587097,-0.009590512283405612,0.007398423550688192
primary,Confusability,Between-person,77,75.57575757575756,-0.001135868183642897,-0.010307845594742406,0.00803610922745661,75.57575757575756,-0.0011818315670211826,-0.010341160000747343,0.007977496866704977
primary,Confusability,Between-person,78,76.34343434343434,-0.0012183189782530796,-0.011056075074398979,0.008619437117892818,76.34343434343434,-0.0012676187676836572,-0.011091807718089089,0.008556570182721773
primary,Confusability,Between-person,79,77.11111111111111,-0.0013007697728632621,-0.011804304554055551,0.009202765008329028,77.11111111111111,-0.0013534059683461316,-0.011842455435430832,0.00913564349873857
primary,Confusability,Between-person,80,77.87878787878788,-0.0013832205674734431,-0.012552534033712108,0.009786092898765223,77.87878787878788,-0.0014391931690086047,-0.012593103152772562,0.009714716814755353
primary,Confusability,Between-person,81,78.64646464646464,-0.0014656713620836241,-0.013300763513368667,0.01036942078920142,78.64646464646464,-0.0015249803696710776,-0.013343750870114293,0.010293790130772138
primary,Confusability,Between-person,82,79.41414141414141,-0.0015481221566938067,-0.01404899299302524,0.010952748679637627,79.41414141414141,-0.0016107675703335522,-0.014094398587456038,0.010872863446788934
primary,Confusability,Between-person,83,80.18181818181819,-0.0016305729513039892,-0.014797222472681814,0.011536076570073836,80.18181818181819,-0.0016965547709960266,-0.014845046304797783,0.01145193676280573
primary,Confusability,Between-person,84,80.94949494949495,-0.0017130237459141702,-0.015545451952338371,0.012119404460510031,80.94949494949495,-0.0017823419716584998,-0.015595694022139514,0.012031010078822514
primary,Confusability,Between-person,85,81.71717171717171,-0.0017954745405243512,-0.01629368143199493,0.012702732350946228,81.71717171717171,-0.0018681291723209727,-0.016346341739481244,0.0126100833948393
primary,Confusability,Between-person,86,82.48484848484848,-0.001877925335134534,-0.017041910911651505,0.013286060241382435,82.48484848484848,-0.001953916372983447,-0.01709698945682299,0.013189156710856097
primary,Confusability,Between-person,87,83.25252525252525,-0.0019603761297447148,-0.017790140391308062,0.013869388131818632,83.25252525252525,-0.00203970357364592,-0.01784763717416472,0.013768230026872882
primary,Confusability,Between-person,88,84.02020202020202,-0.0020428269243548975,-0.018538369870964633,0.01445271602225484,84.02020202020202,-0.0021254907743083946,-0.018598284891506466,0.014347303342889675
primary,Confusability,Between-person,89,84.78787878787878,-0.0021252777189650785,-0.019286599350621193,0.015036043912691038,84.78787878787878,-0.0022112779749708677,-0.019348932608848197,0.01492637665890646
primary,Confusability,Between-person,90,85.55555555555556,-0.002207728513575261,-0.020034828830277768,0.015619371803127245,85.55555555555556,-0.002297065175633342,-0.020099580326189942,0.015505449974923258
primary,Confusability,Between-person,91,86.32323232323232,-0.002290179308185442,-0.020783058309934325,0.01620269969356344,86.32323232323232,-0.0023828523762958152,-0.020850228043531673,0.016084523290940043
primary,Confusability,Between-person,92,87.09090909090908,-0.002372630102795623,-0.021531287789590885,0.01678602758399964,87.09090909090908,-0.0024686395769582883,-0.0216008757608734,0.016663596606956824
primary,Confusability,Between-person,93,87.85858585858585,-0.0024550808974058056,-0.022279517269247456,0.017369355474435848,87.85858585858585,-0.0025544267776207628,-0.022351523478215146,0.017242669922973623
primary,Confusability,Between-person,94,88.62626262626262,-0.0025375316920159866,-0.023027746748904013,0.017952683364872043,88.62626262626262,-0.002640213978283236,-0.023102171195556877,0.01782174323899041
primary,Confusability,Between-person,95,89.39393939393939,-0.0026199824866261693,-0.023775976228560588,0.01853601125530825,89.39393939393939,-0.0027260011789457103,-0.023852818912898623,0.0184008165550072
primary,Confusability,Between-person,96,90.16161616161615,-0.0027024332812363504,-0.02452420570821715,0.019119339145744447,90.16161616161615,-0.0028117883796081834,-0.024603466630240354,0.018979889871023985
primary,Confusability,Between-person,97,90.92929292929293,-0.0027848840758465327,-0.02527243518787372,0.019702667036180656,90.92929292929293,-0.002897575580270658,-0.0253541143475821,0.019558963187040784
primary,Confusability,Between-person,98,91.69696969696969,-0.0028673348704567137,-0.026020664667530276,0.02028599492661685,91.69696969696969,-0.002983362780933131,-0.02610476206492383,0.02013803650305757
primary,Confusability,Between-person,99,92.46464646464646,-0.0029497856650668964,-0.02676889414718685,0.020869322817053056,92.46464646464646,-0.0030691499815956053,-0.026855409782265575,0.02071710981907436
primary,Confusability,Between-person,100,93.23232323232322,-0.0030322364596770774,-0.02751712362684341,0.021452650707489255,93.23232323232322,-0.0031549371822580784,-0.027606057499607303,0.02129618313509115
primary,Confusability,Between-person,101,94,-0.0031146872542872597,-0.028265353106499982,0.022035978597925464,94,-0.003240724382920553,-0.02835670521694905,0.021875256451107942
primary,Confusability,Within-person,1,0,0,0,0,0,0,0,0
primary,Confusability,Within-person,2,0.061302681992337196,1.032416981145483e-6,-7.580079691056861e-4,7.60072803067977e-4,0.05555555555555555,7.251454225263166e-5,-6.074005369576282e-4,7.524296214628916e-4
primary,Confusability,Within-person,3,0.12260536398467439,2.064833962290966e-6,-0.0015160159382113722,0.001520145606135954,0.1111111111111111,1.4502908450526333e-4,-0.0012148010739152565,0.001504859242925783
primary,Confusability,Within-person,4,0.1839080459770116,3.097250943436449e-6,-0.0022740239073170587,0.0022802184092039312,0.16666666666666666,2.17543626757895e-4,-0.0018222016108728847,0.0022572888643886744
primary,Confusability,Within-person,5,0.24521072796934879,4.129667924581932e-6,-0.0030320318764227444,0.003040291212271908,0.2222222222222222,2.9005816901052665e-4,-0.002429602147830513,0.003009718485851566
primary,Confusability,Within-person,6,0.30651340996168597,5.162084905727414e-6,-0.0037900398455284305,0.0038003640153398853,0.2777777777777778,3.625727112631583e-4,-0.0030370026847881416,0.0037621481073144584
primary,Confusability,Within-person,7,0.3678160919540232,6.194501886872898e-6,-0.0045480478146341175,0.0045604368184078625,0.3333333333333333,4.3508725351579e-4,-0.0036444032217457694,0.004514577728777349
primary,Confusability,Within-person,8,0.4291187739463604,7.22691886801838e-6,-0.005306055783739803,0.005320509621475839,0.38888888888888884,5.076017957684215e-4,-0.004251803758703397,0.00526700735024024
primary,Confusability,Within-person,9,0.49042145593869757,8.259335849163863e-6,-0.006064063752845489,0.006080582424543816,0.4444444444444444,5.801163380210533e-4,-0.004859204295661026,0.006019436971703132
primary,Confusability,Within-person,10,0.5517241379310348,9.291752830309347e-6,-0.006822071721951176,0.006840655227611794,0.5,6.52630880273685e-4,-0.0054666048326186545,0.006771866593166025
primary,Confusability,Within-person,11,0.6130268199233719,1.0324169811454828e-5,-0.007580079691056861,0.0076007280306797705,0.5555555555555556,7.251454225263166e-4,-0.006074005369576283,0.007524296214628917
primary,Confusability,Within-person,12,0.6743295019157092,1.1356586792600312e-5,-0.008338087660162549,0.008360800833747748,0.611111111111111,7.976599647789482e-4,-0.00668140590653391,0.008276725836091807
primary,Confusability,Within-person,13,0.7356321839080464,1.2389003773745796e-5,-0.009096095629268235,0.009120873636815725,0.6666666666666666,8.7017450703158e-4,-0.007288806443491539,0.009029155457554698
primary,Confusability,Within-person,14,0.7969348659003835,1.3421420754891276e-5,-0.00985410359837392,0.0098809464398837,0.7222222222222222,9.426890492842116e-4,-0.007896206980449167,0.009781585079017592
primary,Confusability,Within-person,15,0.8582375478927208,1.445383773603676e-5,-0.010612111567479605,0.010641019242951678,0.7777777777777777,0.001015203591536843,-0.008503607517406794,0.01053401470048048
primary,Confusability,Within-person,16,0.9195402298850579,1.5486254717182243e-5,-0.011370119536585292,0.011401092046019655,0.8333333333333333,0.0010877181337894748,-0.009111008054364423,0.011286444321943374
primary,Confusability,Within-person,17,0.9808429118773951,1.6518671698327727e-5,-0.012128127505690978,0.012161164849087632,0.8888888888888888,0.0011602326760421066,-0.009718408591322052,0.012038873943406265
primary,Confusability,Within-person,18,1.0421455938697324,1.755108867947321e-5,-0.012886135474796664,0.01292123765215561,0.9444444444444444,0.0012327472182947382,-0.010325809128279682,0.012791303564869157
primary,Confusability,Within-person,19,1.1034482758620696,1.8583505660618695e-5,-0.013644143443902352,0.013681310455223588,1,0.00130526176054737,-0.010933209665237309,0.01354373318633205
primary,Confusability,Within-person,20,1.1647509578544066,1.9615922641764172e-5,-0.014402151413008034,0.014441383258291562,1.0555555555555556,0.0013777763028000017,-0.011540610202194938,0.01429616280779494
primary,Confusability,Within-person,21,1.2260536398467439,2.0648339622909656e-5,-0.015160159382113722,0.015201456061359541,1.1111111111111112,0.0014502908450526333,-0.012148010739152566,0.015048592429257834
primary,Confusability,Within-person,22,1.287356321839081,2.168075660405514e-5,-0.015918167351219405,0.01596152886442752,1.1666666666666665,0.0015228053873052648,-0.012755411276110193,0.015801022050720724
primary,Confusability,Within-person,23,1.3486590038314183,2.2713173585200624e-5,-0.016676175320325098,0.016721601667495496,1.222222222222222,0.0015953199295578964,-0.01336281181306782,0.016553451672183615
primary,Confusability,Within-person,24,1.4099616858237556,2.3745590566346108e-5,-0.017434183289430784,0.017481674470563473,1.2777777777777777,0.0016678344718105281,-0.013970212350025449,0.017305881293646505
primary,Confusability,Within-person,25,1.4712643678160928,2.4778007547491592e-5,-0.01819219125853647,0.01824174727363145,1.3333333333333333,0.00174034901406316,-0.014577612886983077,0.018058310915109396
primary,Confusability,Within-person,26,1.5325670498084298,2.5810424528637072e-5,-0.018950199227642153,0.019001820076699424,1.3888888888888888,0.0018128635563157915,-0.015185013423940708,0.01881074053657229
primary,Confusability,Within-person,27,1.593869731800767,2.6842841509782553e-5,-0.01970820719674784,0.0197618928797674,1.4444444444444444,0.0018853780985684232,-0.015792413960898335,0.019563170158035183
primary,Confusability,Within-person,28,1.6551724137931043,2.7875258490928037e-5,-0.020466215165853525,0.020521965682835378,1.5,0.0019578926408210548,-0.016399814497855963,0.020315599779498074
primary,Confusability,Within-person,29,1.7164750957854416,2.890767547207352e-5,-0.02122422313495921,0.021282038485903355,1.5555555555555554,0.002030407183073686,-0.01700721503481359,0.02106802940096096
primary,Confusability,Within-person,30,1.7777777777777788,2.9940092453219005e-5,-0.0219822311040649,0.022042111288971336,1.611111111111111,0.002102921725326318,-0.01761461557177122,0.021820459022423855
primary,Confusability,Within-person,31,1.8390804597701158,3.0972509434364486e-5,-0.022740239073170583,0.02280218409203931,1.6666666666666665,0.0021754362675789497,-0.018222016108728846,0.02257288864388675
primary,Confusability,Within-person,32,1.900383141762453,3.2004926415509966e-5,-0.02349824704227627,0.023562256895107287,1.722222222222222,0.0022479508098315814,-0.018829416645686475,0.02332531826534964
primary,Confusability,Within-person,33,1.9616858237547903,3.3037343396655453e-5,-0.024256255011381955,0.024322329698175264,1.7777777777777777,0.002320465352084213,-0.019436817182644103,0.02407774788681253
primary,Confusability,Within-person,34,2.0229885057471275,3.4069760377800934e-5,-0.02501426298048764,0.02508240250124324,1.8333333333333333,0.002392979894336845,-0.020044217719601732,0.02483017750827542
primary,Confusability,Within-person,35,2.0842911877394648,3.510217735894642e-5,-0.025772270949593327,0.02584247530431122,1.8888888888888888,0.0024654944365894763,-0.020651618256559364,0.025582607129738314
primary,Confusability,Within-person,36,2.145593869731802,3.61345943400919e-5,-0.026530278918699017,0.0266025481073792,1.9444444444444444,0.002538008978842108,-0.02125901879351699,0.026335036751201208
primary,Confusability,Within-person,37,2.2068965517241392,3.716701132123739e-5,-0.027288286887804703,0.027362620910447177,2,0.00261052352109474,-0.021866419330474618,0.0270874663726641
primary,Confusability,Within-person,38,2.2681992337164765,3.819942830238287e-5,-0.02804629485691039,0.028122693713515154,2.0555555555555554,0.002683038063347371,-0.022473819867432243,0.027839895994126986
primary,Confusability,Within-person,39,2.3295019157088133,3.9231845283528344e-5,-0.02880430282601607,0.028882766516583124,2.111111111111111,0.0027555526056000034,-0.023081220404389875,0.02859232561558988
primary,Confusability,Within-person,40,2.3908045977011505,4.026426226467383e-5,-0.029562310795121755,0.0296428393196511,2.1666666666666665,0.0028280671478526347,-0.0236886209413475,0.029344755237052773
primary,Confusability,Within-person,41,2.4521072796934877,4.129667924581931e-5,-0.030320318764227444,0.030402912122719082,2.2222222222222223,0.0029005816901052665,-0.024296021478305133,0.030097184858515667
primary,Confusability,Within-person,42,2.513409961685825,4.23290962269648e-5,-0.03107832673333313,0.03116298492578706,2.2777777777777777,0.002973096232357898,-0.024903422015262758,0.030849614479978554
primary,Confusability,Within-person,43,2.574712643678162,4.336151320811028e-5,-0.03183633470243881,0.03192305772885504,2.333333333333333,0.0030456107746105296,-0.025510822552220386,0.03160204410144145
primary,Confusability,Within-person,44,2.6360153256704995,4.439393018925577e-5,-0.0325943426715445,0.03268313053192301,2.388888888888889,0.0031181253168631614,-0.02611822308917802,0.03235447372290434
primary,Confusability,Within-person,45,2.6973180076628367,4.542634717040125e-5,-0.033352350640650195,0.03344320333499099,2.444444444444444,0.0031906398591157927,-0.02672562362613564,0.03310690334436723
primary,Confusability,Within-person,46,2.758620689655174,4.645876415154673e-5,-0.03411035860975588,0.03420327613805897,2.5,0.003263154401368425,-0.027333024163093272,0.03385933296583012
primary,Confusability,Within-person,47,2.819923371647511,4.7491181132692216e-5,-0.03486836657886157,0.034963348941126945,2.5555555555555554,0.0033356689436210563,-0.027940424700050898,0.03461176258729301
primary,Confusability,Within-person,48,2.8812260536398484,4.8523598113837696e-5,-0.03562637454796725,0.035723421744194926,2.611111111111111,0.003408183485873688,-0.028547825237008533,0.03536419220875591
primary,Confusability,Within-person,49,2.9425287356321856,4.9556015094983184e-5,-0.03638438251707294,0.0364834945472629,2.6666666666666665,0.00348069802812632,-0.029155225773966155,0.03611662183021879
primary,Confusability,Within-person,50,3.0038314176245224,5.058843207612866e-5,-0.037142390486178616,0.037243567350330874,2.722222222222222,0.003553212570378951,-0.02976262631092378,0.036869051451681685
primary,Confusability,Within-person,51,3.0651340996168597,5.1620849057274145e-5,-0.037900398455284305,0.03800364015339885,2.7777777777777777,0.003625727112631583,-0.030370026847881416,0.03762148107314458
primary,Confusability,Within-person,52,3.126436781609197,5.2653266038419625e-5,-0.03865840642438999,0.03876371295646683,2.833333333333333,0.0036982416548842142,-0.030977427384839037,0.038373910694607466
primary,Confusability,Within-person,53,3.187739463601534,5.3685683019565106e-5,-0.03941641439349568,0.0395237857595348,2.888888888888889,0.0037707561971368465,-0.03158482792179667,0.03912634031607037
primary,Confusability,Within-person,54,3.2490421455938714,5.471810000071059e-5,-0.04017442236260136,0.04028385856260278,2.944444444444444,0.003843270739389478,-0.0321922284587543,0.039878769937533254
primary,Confusability,Within-person,55,3.3103448275862086,5.5750516981856074e-5,-0.04093243033170705,0.041043931365670756,3,0.0039157852816421096,-0.03279962899571193,0.04063119955899615
primary,Confusability,Within-person,56,3.371647509578546,5.678293396300156e-5,-0.04169043830081273,0.04180400416873874,3.0555555555555554,0.003988299823894741,-0.03340702953266955,0.04138362918045904
primary,Confusability,Within-person,57,3.432950191570883,5.781535094414704e-5,-0.04244844626991842,0.04256407697180671,3.1111111111111107,0.004060814366147372,-0.03401443006962718,0.04213605880192192
primary,Confusability,Within-person,58,3.4942528735632203,5.884776792529253e-5,-0.04320645423902411,0.0433241497748747,3.1666666666666665,0.004133328908400005,-0.03462183060658481,0.04288848842338482
primary,Confusability,Within-person,59,3.5555555555555576,5.988018490643801e-5,-0.0439644622081298,0.04408422257794267,3.222222222222222,0.004205843450652636,-0.03522923114354244,0.04364091804484771
primary,Confusability,Within-person,60,3.6168582375478944,6.0912601887583484e-5,-0.04472247017723548,0.044844295381010646,3.2777777777777777,0.0042783579929052675,-0.03583663168050007,0.044393347666310604
primary,Confusability,Within-person,61,3.6781609195402316,6.194501886872897e-5,-0.045480478146341166,0.04560436818407862,3.333333333333333,0.004350872535157899,-0.03644403221745769,0.0451457772877735
primary,Confusability,Within-person,62,3.739463601532569,6.297743584987445e-5,-0.04623848611544685,0.0463644409871466,3.388888888888889,0.004423387077410531,-0.037051432754415324,0.045898206909236385
primary,Confusability,Within-person,63,3.800766283524906,6.400985283101993e-5,-0.04699649408455254,0.047124513790214574,3.444444444444444,0.004495901619663163,-0.03765883329137295,0.04665063653069928
primary,Confusability,Within-person,64,3.8620689655172433,6.504226981216543e-5,-0.04775450205365822,0.047884586593282555,3.5,0.004568416161915795,-0.03826623382833058,0.047403066152162165
primary,Confusability,Within-person,65,3.9233716475095806,6.607468679331091e-5,-0.04851251002276391,0.04864465939635053,3.5555555555555554,0.004640930704168426,-0.03887363436528821,0.04815549577362506
primary,Confusability,Within-person,66,3.984674329501918,6.710710377445639e-5,-0.04927051799186959,0.04940473219941851,3.6111111111111107,0.004713445246421057,-0.03948103490224583,0.04890792539508795
primary,Confusability,Within-person,67,4.045977011494255,6.813952075560187e-5,-0.05002852596097528,0.05016480500248648,3.6666666666666665,0.00478595978867369,-0.040088435439203464,0.04966035501655084
primary,Confusability,Within-person,68,4.107279693486592,6.917193773674735e-5,-0.050786533930080965,0.050924877805554464,3.722222222222222,0.004858474330926321,-0.04069583597616109,0.050412784638013734
primary,Confusability,Within-person,69,4.1685823754789295,7.020435471789284e-5,-0.051544541899186655,0.05168495060862244,3.7777777777777777,0.004930988873178953,-0.04130323651311873,0.05116521425947663
primary,Confusability,Within-person,70,4.229885057471266,7.123677169903831e-5,-0.05230254986829234,0.05244502341169042,3.833333333333333,0.005003503415431584,-0.041910637050076346,0.051917643880939515
primary,Confusability,Within-person,71,4.291187739463604,7.22691886801838e-5,-0.053060557837398034,0.0532050962147584,3.888888888888889,0.005076017957684216,-0.04251803758703398,0.052670073502402416
primary,Confusability,Within-person,72,4.352490421455941,7.330160566132928e-5,-0.05381856580650371,0.05396516901782637,3.944444444444444,0.005148532499936848,-0.04312543812399161,0.0534225031238653
primary,Confusability,Within-person,73,4.4137931034482785,7.433402264247478e-5,-0.054576573775609406,0.05472524182089435,4,0.00522104704218948,-0.043732838660949236,0.0541749327453282
primary,Confusability,Within-person,74,4.475095785440615,7.536643962362025e-5,-0.05533458174471508,0.05548531462396233,4.055555555555555,0.0052935615844421115,-0.04434023919790686,0.05492736236679109
primary,Confusability,Within-person,75,4.536398467432953,7.639885660476574e-5,-0.05609258971382078,0.05624538742703031,4.111111111111111,0.005366076126694742,-0.044947639734864486,0.05567979198825397
primary,Confusability,Within-person,76,4.59770114942529,7.743127358591122e-5,-0.056850597682926454,0.05700546023009828,4.166666666666666,0.005438590668947374,-0.04555504027182211,0.056432221609716865
primary,Confusability,Within-person,77,4.6590038314176265,7.846369056705669e-5,-0.05760860565203214,0.05776553303316625,4.222222222222222,0.005511105211200007,-0.04616244080877975,0.05718465123117976
primary,Confusability,Within-person,78,4.720306513409964,7.949610754820218e-5,-0.058366613621137826,0.058525605836234236,4.277777777777778,0.005583619753452638,-0.046769841345737376,0.05793708085264265
primary,Confusability,Within-person,79,4.781609195402301,8.052852452934766e-5,-0.05912462159024351,0.0592856786393022,4.333333333333333,0.0056561342957052695,-0.047377241882695,0.05868951047410555
primary,Confusability,Within-person,80,4.842911877394639,8.156094151049316e-5,-0.0598826295593492,0.06004575144237019,4.388888888888888,0.0057286488379579,-0.04798464241965263,0.059441940095568434
primary,Confusability,Within-person,81,4.9042145593869755,8.259335849163862e-5,-0.06064063752845489,0.060805824245438164,4.444444444444445,0.005801163380210533,-0.048592042956610265,0.060194369717031335
primary,Confusability,Within-person,82,4.965517241379313,8.362577547278412e-5,-0.06139864549756057,0.061565897048506145,4.5,0.005873677922463165,-0.0491994434935679,0.06094679933849422
primary,Confusability,Within-person,83,5.02681992337165,8.46581924539296e-5,-0.06215665346666626,0.06232596985157412,4.555555555555555,0.005946192464715796,-0.049806844030525516,0.06169922895995711
primary,Confusability,Within-person,84,5.088122605363988,8.569060943507508e-5,-0.06291466143577196,0.0630860426546421,4.611111111111111,0.0060187070069684274,-0.05041424456748314,0.06245165858142
primary,Confusability,Within-person,85,5.149425287356324,8.672302641622056e-5,-0.06367266940487762,0.06384611545771007,4.666666666666666,0.006091221549221059,-0.05102164510444077,0.0632040882028829
primary,Confusability,Within-person,86,5.210727969348662,8.775544339736605e-5,-0.06443067737398332,0.06460618826077806,4.722222222222222,0.006163736091473692,-0.051629045641398405,0.06395651782434579
primary,Confusability,Within-person,87,5.272030651340999,8.878786037851153e-5,-0.065188685343089,0.06536626106384602,4.777777777777778,0.006236250633726323,-0.05223644617835604,0.06470894744580868
primary,Confusability,Within-person,88,5.333333333333336,8.9820277359657e-5,-0.06594669331219469,0.066126333866914,4.833333333333333,0.0063087651759789545,-0.052843846715313655,0.06546137706727156
primary,Confusability,Within-person,89,5.394636015325673,9.08526943408025e-5,-0.06670470128130039,0.06688640666998198,4.888888888888888,0.0063812797182315854,-0.05345124725227128,0.06621380668873446
primary,Confusability,Within-person,90,5.45593869731801,9.188511132194798e-5,-0.06746270925040605,0.06764647947304996,4.944444444444444,0.006453794260484217,-0.05405864778922891,0.06696623631019735
primary,Confusability,Within-person,91,5.517241379310348,9.291752830309346e-5,-0.06822071721951176,0.06840655227611794,5,0.00652630880273685,-0.054666048326186545,0.06771866593166025
primary,Confusability,Within-person,92,5.578544061302685,9.394994528423894e-5,-0.06897872518861743,0.0691666250791859,5.055555555555555,0.006598823344989481,-0.05527344886314418,0.06847109555312314
primary,Confusability,Within-person,93,5.639846743295022,9.498236226538443e-5,-0.06973673315772314,0.06992669788225389,5.111111111111111,0.0066713378872421125,-0.055880849400101795,0.06922352517458602
primary,Confusability,Within-person,94,5.701149425287359,9.601477924652991e-5,-0.0704947411268288,0.07068677068532186,5.166666666666666,0.006743852429494743,-0.056488249937059434,0.06997595479604891
primary,Confusability,Within-person,95,5.762452107279697,9.704719622767539e-5,-0.0712527490959345,0.07144684348838985,5.222222222222222,0.006816366971747376,-0.057095650474017066,0.07072838441751182
primary,Confusability,Within-person,96,5.823754789272034,9.807961320882087e-5,-0.07201075706504018,0.07220691629145781,5.277777777777778,0.006888881514000008,-0.057703051010974685,0.0714808140389747
primary,Confusability,Within-person,97,5.885057471264371,9.911203018996637e-5,-0.07276876503414588,0.0729669890945258,5.333333333333333,0.00696139605625264,-0.05831045154793231,0.07223324366043758
primary,Confusability,Within-person,98,5.946360153256708,1.0014444717111183e-4,-0.07352677300325154,0.07372706189759377,5.388888888888888,0.0070339105985052705,-0.05891785208488994,0.07298567328190048
primary,Confusability,Within-person,99,6.007662835249045,1.0117686415225731e-4,-0.07428478097235723,0.07448713470066175,5.444444444444444,0.007106425140757902,-0.05952525262184756,0.07373810290336337
primary,Confusability,Within-person,100,6.068965517241383,1.0220928113340281e-4,-0.07504278894146292,0.07524720750372972,5.5,0.007178939683010535,-0.0601326531588052,0.07449053252482626
liberal,Distinctiveness,Between-person,1,18,0.1544200156467142,0.0951995366568446,0.2136404946365838,18,0.15458980149434368,0.0953619538435223,0.21381764914516505
liberal,Distinctiveness,Between-person,2,18.767676767676768,0.15189778887062344,0.0936445904316307,0.21015098730961618,18.767676767676768,0.15206480151291876,0.09380435476935345,0.21032524825648408
liberal,Distinctiveness,Between-person,3,19.535353535353536,0.1493755620945327,0.09208964420641685,0.20666147998264855,19.535353535353536,0.14953980153149385,0.09224675569518459,0.2068328473678031
liberal,Distinctiveness,Between-person,4,20.303030303030305,0.14685333531844194,0.09053469798120295,0.20317197265568093,20.303030303030305,0.14701480155006894,0.09068915662101573,0.20334044647912214
liberal,Distinctiveness,Between-person,5,21.07070707070707,0.14433110854235118,0.08897975175598907,0.19968246532871328,21.07070707070707,0.14448980156864402,0.08913155754684687,0.19984804559044117
liberal,Distinctiveness,Between-person,6,21.838383838383837,0.14180888176626044,0.0874248055307752,0.1961929580017457,21.838383838383837,0.1419648015872191,0.08757395847267802,0.1963556447017602
liberal,Distinctiveness,Between-person,7,22.606060606060606,0.13928665499016968,0.08586985930556132,0.19270345067477804,22.606060606060606,0.1394398016057942,0.08601635939850916,0.19286324381307923
liberal,Distinctiveness,Between-person,8,23.373737373737374,0.13676442821407894,0.08431491308034744,0.18921394334781044,23.373737373737374,0.13691480162436928,0.0844587603243403,0.18937084292439826
liberal,Distinctiveness,Between-person,9,24.141414141414142,0.13424220143798815,0.08275996685513354,0.18572443602084276,24.141414141414142,0.13438980164294437,0.08290116125017144,0.1858784420357173
liberal,Distinctiveness,Between-person,10,24.909090909090907,0.13171997466189742,0.08120502062991966,0.18223492869387517,24.909090909090907,0.13186480166151945,0.08134356217600258,0.18238604114703633
liberal,Distinctiveness,Between-person,11,25.676767676767675,0.12919774788580668,0.0796500744047058,0.17874542136690758,25.676767676767675,0.12933980168009454,0.07978596310183372,0.17889364025835536
liberal,Distinctiveness,Between-person,12,26.444444444444443,0.12667552110971592,0.07809512817949191,0.17525591403993993,26.444444444444443,0.12681480169866963,0.07822836402766487,0.1754012393696744
liberal,Distinctiveness,Between-person,13,27.21212121212121,0.12415329433362515,0.07654018195427803,0.17176640671297227,27.21212121212121,0.12428980171724471,0.076670764953496,0.17190883848099342
liberal,Distinctiveness,Between-person,14,27.97979797979798,0.1216310675575344,0.07498523572906415,0.16827689938600465,27.97979797979798,0.1217648017358198,0.07511316587932715,0.16841643759231245
liberal,Distinctiveness,Between-person,15,28.747474747474747,0.11910884078144364,0.07343028950385025,0.16478739205903703,28.747474747474747,0.11923980175439489,0.07355556680515829,0.16492403670363148
liberal,Distinctiveness,Between-person,16,29.515151515151516,0.11658661400535289,0.07187534327863637,0.1612978847320694,29.515151515151516,0.11671480177296997,0.07199796773098943,0.1614316358149505
liberal,Distinctiveness,Between-person,17,30.282828282828284,0.11406438722926214,0.0703203970534225,0.15780837740510179,30.282828282828284,0.11418980179154506,0.07044036865682057,0.15793923492626954
liberal,Distinctiveness,Between-person,18,31.050505050505052,0.11154216045317138,0.06876545082820862,0.15431887007813413,31.050505050505052,0.11166480181012015,0.06888276958265172,0.15444683403758858
liberal,Distinctiveness,Between-person,19,31.818181818181817,0.10901993367708064,0.06721050460299474,0.15082936275116654,31.818181818181817,0.10913980182869526,0.06732517050848287,0.15095443314890766
liberal,Distinctiveness,Between-person,20,32.58585858585859,0.10649770690098986,0.06565555837778084,0.1473398554241989,32.58585858585859,0.10661480184727032,0.065767571434314,0.14746203226022664
liberal,Distinctiveness,Between-person,21,33.35353535353535,0.10397548012489913,0.06410061215256697,0.1438503480972313,33.35353535353535,0.10408980186584543,0.06420997236014517,0.1439696313715457
liberal,Distinctiveness,Between-person,22,34.121212121212125,0.10145325334880835,0.06254566592735308,0.14036084077026362,34.121212121212125,0.10156480188442049,0.06265237328597628,0.1404772304828647
liberal,Distinctiveness,Between-person,23,34.888888888888886,0.09893102657271763,0.06099071970213922,0.13687133344329605,34.888888888888886,0.0990398019029956,0.061094774211807444,0.13698482959418376
liberal,Distinctiveness,Between-person,24,35.656565656565654,0.09640879979662687,0.05943577347692534,0.1333818261163284,35.656565656565654,0.09651480192157069,0.059537175137638586,0.1334924287055028
liberal,Distinctiveness,Between-person,25,36.42424242424242,0.09388657302053612,0.05788082725171146,0.12989231878936078,36.42424242424242,0.09398980194014576,0.057979576063469714,0.13000002781682182
liberal,Distinctiveness,Between-person,26,37.19191919191919,0.09136434624444535,0.05632588102649757,0.12640281146239313,37.19191919191919,0.09146480195872085,0.056421976989300855,0.12650762692814085
liberal,Distinctiveness,Between-person,27,37.95959595959596,0.0888421194683546,0.05477093480128369,0.1229133041354255,37.95959595959596,0.08893980197729594,0.054864377915132,0.12301522603945989
liberal,Distinctiveness,Between-person,28,38.72727272727273,0.08631989269226384,0.0532159885760698,0.11942379680845788,38.72727272727273,0.08641480199587102,0.05330677884096314,0.11952282515077892
liberal,Distinctiveness,Between-person,29,39.494949494949495,0.08379766591617309,0.051661042350855925,0.11593428948149026,39.494949494949495,0.08388980201444611,0.05174917976679428,0.11603042426209795
liberal,Distinctiveness,Between-person,30,40.262626262626256,0.08127543914008235,0.050106096125642055,0.11244478215452265,40.262626262626256,0.08136480203302122,0.05019158069262544,0.112538023373417
liberal,Distinctiveness,Between-person,31,41.03030303030303,0.07875321236399158,0.048551149900428164,0.10895527482755499,41.03030303030303,0.07883980205159628,0.04863398161845657,0.109045622484736
liberal,Distinctiveness,Between-person,32,41.79797979797979,0.07623098558790084,0.04699620367521429,0.10546576750058739,41.79797979797979,0.0763148020701714,0.047076382544287726,0.10555322159605507
liberal,Distinctiveness,Between-person,33,42.56565656565657,0.07370875881181006,0.0454412574500004,0.10197626017361973,42.56565656565657,0.07378980208874646,0.045518783470118854,0.10206082070737406
liberal,Distinctiveness,Between-person,34,43.33333333333333,0.07118653203571933,0.04388631122478652,0.09848675284665213,43.33333333333333,0.07126480210732157,0.04396118439595001,0.09856841981869313
liberal,Distinctiveness,Between-person,35,44.101010101010104,0.06866430525962855,0.04233136499957263,0.09499724551968447,44.101010101010104,0.06873980212589663,0.04240358532178114,0.09507601893001212
liberal,Distinctiveness,Between-person,36,44.868686868686865,0.06614207848353781,0.04077641877435875,0.09150773819271688,44.868686868686865,0.06621480214447174,0.04084598624761229,0.0915836180413312
liberal,Distinctiveness,Between-person,37,45.63636363636363,0.06361985170744706,0.03922147254914488,0.08801823086574925,45.63636363636363,0.06368980216304682,0.03928838717344342,0.08809121715265021
liberal,Distinctiveness,Between-person,38,46.4040404040404,0.06109762493135631,0.037666526323931,0.08452872353878162,46.4040404040404,0.06116480218162191,0.037730788099274576,0.08459881626396924
liberal,Distinctiveness,Between-person,39,47.17171717171717,0.05857539815526555,0.036111580098717115,0.08103921621181398,47.17171717171717,0.058639802200196996,0.03617318902510572,0.08110641537528827
liberal,Distinctiveness,Between-person,40,47.93939393939394,0.056053171379174795,0.03455663387350323,0.07754970888484636,47.93939393939394,0.05611480221877208,0.03461558995093686,0.0776140144866073
liberal,Distinctiveness,Between-person,41,48.707070707070706,0.05353094460308404,0.033001687648289355,0.07406020155787872,48.707070707070706,0.05358980223734716,0.03305799087676799,0.07412161359792634
liberal,Distinctiveness,Between-person,42,49.474747474747474,0.05100871782699328,0.031446741423075464,0.0705706942309111,49.474747474747474,0.05106480225592225,0.031500391802599136,0.07062921270924535
liberal,Distinctiveness,Between-person,43,50.24242424242424,0.048486491050902525,0.029891795197861584,0.06708118690394346,50.24242424242424,0.048539802274497335,0.029942792728430277,0.06713681182056438
liberal,Distinctiveness,Between-person,44,51.01010101010101,0.04596426427481177,0.0283368489726477,0.06359167957697584,51.01010101010101,0.04601480229307242,0.02838519365426142,0.06364441093188342
liberal,Distinctiveness,Between-person,45,51.77777777777778,0.04344203749872101,0.02678190274743382,0.060102172250008204,51.77777777777778,0.04348980231164751,0.02682759458009256,0.060152010043202454
liberal,Distinctiveness,Between-person,46,52.54545454545454,0.04091981072263028,0.025226956522219953,0.05661266492304061,52.54545454545454,0.040964802330222615,0.025269995505923713,0.05665960915452152
liberal,Distinctiveness,Between-person,47,53.31313131313131,0.038397583946539526,0.023672010297006073,0.05312315759607298,53.31313131313131,0.0384398023487977,0.023712396431754858,0.053167208265840545
liberal,Distinctiveness,Between-person,48,54.080808080808076,0.03587535717044877,0.02211706407179219,0.04963365026910535,54.080808080808076,0.03591480236737279,0.022154797357586,0.049674807377159576
liberal,Distinctiveness,Between-person,49,54.848484848484844,0.03335313039435801,0.020562117846578305,0.04614414294213772,54.848484848484844,0.033389802385947874,0.02059719828341714,0.04618240648847861
liberal,Distinctiveness,Between-person,50,55.61616161616161,0.03083090361826726,0.01900717162136443,0.04265463561517009,55.61616161616161,0.030864802404522957,0.01903959920924828,0.04269000559979763
liberal,Distinctiveness,Between-person,51,56.38383838383838,0.028308676842176504,0.017452225396150545,0.03916512828820246,56.38383838383838,0.028339802423098043,0.01748200013507942,0.03919760471111666
liberal,Distinctiveness,Between-person,52,57.15151515151515,0.025786450066085747,0.01589727917093666,0.03567562096123483,57.15151515151515,0.02581480244167313,0.015924401060910566,0.035705203822435694
liberal,Distinctiveness,Between-person,53,57.91919191919192,0.02326422328999499,0.014342332945722777,0.032186113634267204,57.91919191919192,0.023289802460248216,0.014366801986741706,0.032212802933754725
liberal,Distinctiveness,Between-person,54,58.686868686868685,0.020741996513904234,0.012787386720508893,0.028696606307299574,58.686868686868685,0.020764802478823303,0.012809202912572848,0.028720402045073756
liberal,Distinctiveness,Between-person,55,59.45454545454545,0.01821976973781348,0.011232440495295015,0.025207098980331945,59.45454545454545,0.018239802497398386,0.011251603838403988,0.025228001156392784
liberal,Distinctiveness,Between-person,56,60.22222222222222,0.015697542961722724,0.009677494270081133,0.021717591653364315,60.22222222222222,0.015714802515973472,0.00969400476423513,0.021735600267711815
liberal,Distinctiveness,Between-person,57,60.98989898989899,0.013175316185631968,0.008122548044867249,0.018228084326396686,60.98989898989899,0.013189802534548559,0.00813640569006627,0.018243199379030847
liberal,Distinctiveness,Between-person,58,61.75757575757576,0.010653089409541211,0.006567601819653366,0.014738576999429057,61.75757575757576,0.010664802553123643,0.006578806615897411,0.014750798490349876
liberal,Distinctiveness,Between-person,59,62.52525252525252,0.008130862633450479,0.005012655594439499,0.011249069672461458,62.52525252525252,0.008139802571698752,0.005021207541728566,0.011258397601668938
liberal,Distinctiveness,Between-person,60,63.29292929292929,0.005608635857359723,0.0034577093692256164,0.007759562345493829,63.29292929292929,0.005614802590273839,0.003463608467559709,0.007765996712987969
liberal,Distinctiveness,Between-person,61,64.06060606060606,0.003086409081268944,0.0019027631440117199,0.004270055018526168,64.06060606060606,0.0030898026088489005,0.0019060093933908353,0.004273595824306966
liberal,Distinctiveness,Between-person,62,64.82828282828282,5.64182305178211e-4,3.4781691879785174e-4,7.805476915585703e-4,64.82828282828282,5.648026274240097e-4,3.484103192219912e-4,7.811949356260281e-4
liberal,Distinctiveness,Between-person,63,65,-0,-0,0,65,-0,-0,0
liberal,Distinctiveness,Between-person,64,65.59595959595958,-0.0019580444709125216,-0.002708959635409027,-0.0012071293064160162,65.59595959595958,-0.0019601973540008815,-0.0027112059530549097,-0.0012091887549468532
liberal,Distinctiveness,Between-person,65,66.36363636363636,-0.004480271247003301,-0.0061984669623766885,-0.002762075531629913,66.36363636363636,-0.004485197335425819,-0.006203606841735912,-0.002766787829115726
liberal,Distinctiveness,Between-person,66,67.13131313131314,-0.00700249802309408,-0.00968797428934435,-0.004317021756843809,67.13131313131314,-0.007010197316850757,-0.009696007730416914,-0.004324386903284599
liberal,Distinctiveness,Between-person,67,67.8989898989899,-0.009524724799184812,-0.013177481616311947,-0.005871967982057677,67.8989898989899,-0.009535197298275648,-0.013188408619097852,-0.005881985977453444
liberal,Distinctiveness,Between-person,68,68.66666666666666,-0.012046951575275544,-0.016666988943279545,-0.007426914207271544,68.66666666666666,-0.012060197279700539,-0.01668080950777879,-0.0074395850516222875
liberal,Distinctiveness,Between-person,69,69.43434343434343,-0.014569178351366325,-0.02015649627024721,-0.008981860432485443,69.43434343434343,-0.014585197261125477,-0.020173210396459793,-0.00899718412579116
liberal,Distinctiveness,Between-person,70,70.20202020202021,-0.017091405127457104,-0.02364600359721487,-0.010536806657699339,70.20202020202021,-0.017110197242550414,-0.023665611285140796,-0.010554783199960035
liberal,Distinctiveness,Between-person,71,70.96969696969697,-0.019613631903547837,-0.027135510924182468,-0.012091752882913207,70.96969696969697,-0.019635197223975304,-0.02715801217382173,-0.012112382274128877
liberal,Distinctiveness,Between-person,72,71.73737373737373,-0.02213585867963857,-0.030625018251150063,-0.013646699108127075,71.73737373737373,-0.022160197205400196,-0.03065041306250267,-0.013669981348297723
liberal,Distinctiveness,Between-person,73,72.50505050505049,-0.0246580854557293,-0.03411452557811766,-0.015201645333340941,72.50505050505049,-0.024685197186825086,-0.034142813951183605,-0.015227580422466564
liberal,Distinctiveness,Between-person,74,73.27272727272727,-0.027180312231820082,-0.03760403290508532,-0.016756591558554843,73.27272727272727,-0.027210197168250023,-0.03763521483986461,-0.01678517949663544
liberal,Distinctiveness,Between-person,75,74.04040404040404,-0.02970253900791086,-0.041093540232052986,-0.018311537783768733,74.04040404040404,-0.02973519714967496,-0.04112761572854561,-0.01834277857080431
liberal,Distinctiveness,Between-person,76,74.8080808080808,-0.032224765784001595,-0.04458304755902058,-0.019866484008982607,74.8080808080808,-0.03226019713109985,-0.044620016617226546,-0.019900377644973155
liberal,Distinctiveness,Between-person,77,75.57575757575756,-0.034746992560092324,-0.048072554885988175,-0.02142143023419647,75.57575757575756,-0.03478519711252474,-0.04811241750590749,-0.021457976719142
liberal,Distinctiveness,Between-person,78,76.34343434343434,-0.0372692193361831,-0.05156206221295584,-0.022976376459410364,76.34343434343434,-0.037310197093949685,-0.05160481839458849,-0.02301557579331088
liberal,Distinctiveness,Between-person,79,77.11111111111111,-0.039791446112273886,-0.0550515695399235,-0.024531322684624268,77.11111111111111,-0.03983519707537462,-0.055097219283269494,-0.024573174867479744
liberal,Distinctiveness,Between-person,80,77.87878787878788,-0.042313672888364615,-0.0585410768668911,-0.02608626890983813,77.87878787878788,-0.04236019705679951,-0.058589620171950435,-0.026130773941648592
liberal,Distinctiveness,Between-person,81,78.64646464646464,-0.04483589966445535,-0.0620305841938587,-0.027641215135052,78.64646464646464,-0.044885197038224404,-0.06208202106063137,-0.02768837301581744
liberal,Distinctiveness,Between-person,82,79.41414141414141,-0.04735812644054613,-0.06552009152082636,-0.029196161360265895,79.41414141414141,-0.04741019701964934,-0.06557442194931237,-0.02924597208998631
liberal,Distinctiveness,Between-person,83,80.18181818181819,-0.049880353216636905,-0.06900959884779402,-0.030751107585479793,80.18181818181819,-0.04993519700107428,-0.06906682283799337,-0.030803571164155184
liberal,Distinctiveness,Between-person,84,80.94949494949495,-0.05240257999272764,-0.07249910617476162,-0.032306053810693666,80.94949494949495,-0.052460196982499166,-0.07255922372667431,-0.03236117023832402
liberal,Distinctiveness,Between-person,85,81.71717171717171,-0.05492480676881837,-0.07598861350172921,-0.03386100003590753,81.71717171717171,-0.05498519696392406,-0.07605162461535525,-0.033918769312492866
liberal,Distinctiveness,Between-person,86,82.48484848484848,-0.057447033544909154,-0.07947812082869687,-0.03541594626112143,82.48484848484848,-0.057510196945349,-0.07954402550403625,-0.035476368386661745
liberal,Distinctiveness,Between-person,87,83.25252525252525,-0.05996926032099988,-0.08296762815566447,-0.0369708924863353,83.25252525252525,-0.060035196926773886,-0.08303642639271719,-0.03703396746083058
liberal,Distinctiveness,Between-person,88,84.02020202020202,-0.06249148709709067,-0.08645713548263215,-0.038525838711549194,84.02020202020202,-0.06256019690819882,-0.08652882728139819,-0.038591566534999455
liberal,Distinctiveness,Between-person,89,84.78787878787878,-0.0650137138731814,-0.08994664280959974,-0.040080784936763064,84.78787878787878,-0.06508519688962372,-0.09002122817007913,-0.040149165609168314
liberal,Distinctiveness,Between-person,90,85.55555555555556,-0.06753594064927218,-0.09343615013656739,-0.04163573116197696,85.55555555555556,-0.06761019687104866,-0.09351362905876014,-0.041706764683337186
liberal,Distinctiveness,Between-person,91,86.32323232323232,-0.0700581674253629,-0.09692565746353499,-0.04319067738719082,86.32323232323232,-0.07013519685247355,-0.09700602994744106,-0.04326436375750602
liberal,Distinctiveness,Between-person,92,87.09090909090908,-0.07258039420145364,-0.10041516479050258,-0.04474562361240469,87.09090909090908,-0.07266019683389843,-0.100498430836122,-0.04482196283167486
liberal,Distinctiveness,Between-person,93,87.85858585858585,-0.07510262097754442,-0.10390467211747025,-0.046300569837618585,87.85858585858585,-0.07518519681532337,-0.103990831724803,-0.04637956190584374
liberal,Distinctiveness,Between-person,94,88.62626262626262,-0.07762484775363515,-0.10739417944443785,-0.047855516062832455,88.62626262626262,-0.07771019679674826,-0.10748323261348394,-0.04793716098001258
liberal,Distinctiveness,Between-person,95,89.39393939393939,-0.08014707452972593,-0.1108836867714055,-0.04941046228804635,89.39393939393939,-0.0802351967781732,-0.11097563350216494,-0.04949476005418146
liberal,Distinctiveness,Between-person,96,90.16161616161615,-0.08266930130581666,-0.1143731940983731,-0.05096540851326022,90.16161616161615,-0.0827601967595981,-0.1144680343908459,-0.05105235912835031
liberal,Distinctiveness,Between-person,97,90.92929292929293,-0.08519152808190744,-0.11786270142534078,-0.052520354738474113,90.92929292929293,-0.08528519674102303,-0.11796043527952688,-0.05260995820251917
liberal,Distinctiveness,Between-person,98,91.69696969696969,-0.08771375485799818,-0.12135220875230837,-0.05407530096368798,91.69696969696969,-0.08781019672244793,-0.12145283616820783,-0.054167557276688025
liberal,Distinctiveness,Between-person,99,92.46464646464646,-0.09023598163408895,-0.12484171607927602,-0.05563024718890188,92.46464646464646,-0.09033519670387286,-0.12494523705688881,-0.05572515635085689
liberal,Distinctiveness,Between-person,100,93.23232323232322,-0.09275820841017969,-0.12833122340624364,-0.05718519341411575,93.23232323232322,-0.09286019668529776,-0.12843763794556978,-0.05728275542502574
liberal,Distinctiveness,Between-person,101,94,-0.09528043518627047,-0.1318207307332113,-0.05874013963932965,94,-0.09538519666672268,-0.13193003883425075,-0.0588403544991946
liberal,Distinctiveness,Within-person,1,0,-0,-0,0,0,-0,-0,0
liberal,Distinctiveness,Within-person,2,0.05562289562289562,-5.283295039350831e-4,-0.0012733494530789927,2.1669044520882647e-4,0.05563973063973064,-5.088952883281722e-4,-0.001253724204515921,2.3593362785957652e-4
liberal,Distinctiveness,Within-person,3,0.11124579124579125,-0.0010566590078701663,-0.0025466989061579855,4.3338089041765294e-4,0.11127946127946128,-0.0010177905766563444,-0.002507448409031842,4.7186725571915305e-4
liberal,Distinctiveness,Within-person,4,0.16686868686868686,-0.0015849885118052493,-0.003820048359236978,6.500713356264794e-4,0.1669191919191919,-0.0015266858649845164,-0.003761172613547762,7.078008835787292e-4
liberal,Distinctiveness,Within-person,5,0.2224915824915825,-0.0021133180157403325,-0.005093397812315971,8.667617808353059e-4,0.22255892255892257,-0.0020355811533126888,-0.005014896818063684,9.437345114383061e-4
liberal,Distinctiveness,Within-person,6,0.2781144781144781,-0.0026416475196754156,-0.006366747265394964,0.0010834522260441321,0.2781986531986532,-0.002544476441640861,-0.006268621022579605,0.0011796681392978827
liberal,Distinctiveness,Within-person,7,0.3337373737373737,-0.0031699770236104986,-0.007640096718473956,0.0013001426712529588,0.3338383838383838,-0.0030533717299690327,-0.007522345227095524,0.0014156017671574585
liberal,Distinctiveness,Within-person,8,0.38936026936026935,-0.003698306527545582,-0.00891344617155295,0.001516833116461785,0.3894781144781145,-0.0035622670182972054,-0.008776069431611445,0.0016515353950170351
liberal,Distinctiveness,Within-person,9,0.444983164983165,-0.004226636031480665,-0.010186795624631942,0.0017335235616706118,0.44511784511784513,-0.0040711623066253776,-0.010029793636127368,0.0018874690228766122
liberal,Distinctiveness,Within-person,10,0.5006060606060606,-0.004754965535415748,-0.011460145077710935,0.0019502140068794385,0.5007575757575757,-0.004580057594953549,-0.011283517840643287,0.002123402650736188
liberal,Distinctiveness,Within-person,11,0.5562289562289562,-0.005283295039350831,-0.012733494530789927,0.0021669044520882643,0.5563973063973064,-0.005088952883281722,-0.01253724204515921,0.0023593362785957655
liberal,Distinctiveness,Within-person,12,0.6118518518518519,-0.005811624543285915,-0.014006843983868922,0.002383594897297091,0.612037037037037,-0.005597848171609894,-0.01379096624967513,0.002595269906455342
liberal,Distinctiveness,Within-person,13,0.6674747474747474,-0.006339954047220997,-0.015280193436947913,0.0026002853425059176,0.6676767676767676,-0.0061067434599380655,-0.015044690454191049,0.002831203534314917
liberal,Distinctiveness,Within-person,14,0.7230976430976431,-0.006868283551156081,-0.016553542890026907,0.0028169757877147443,0.7233164983164984,-0.006615638748266239,-0.01629841465870697,0.0030671371621744936
liberal,Distinctiveness,Within-person,15,0.7787205387205387,-0.007396613055091164,-0.0178268923431059,0.00303366623292357,0.778956228956229,-0.007124534036594411,-0.01755213886322289,0.0033030707900340702
liberal,Distinctiveness,Within-person,16,0.8343434343434344,-0.007924942559026248,-0.019100241796184893,0.003250356678132397,0.8345959595959597,-0.007633429324922583,-0.018805863067738814,0.0035390044178936477
liberal,Distinctiveness,Within-person,17,0.88996632996633,-0.00845327206296133,-0.020373591249263884,0.0034670471233412235,0.8902356902356903,-0.008142324613250755,-0.020059587272254736,0.0037749380457532244
liberal,Distinctiveness,Within-person,18,0.9455892255892255,-0.008981601566896412,-0.021646940702342875,0.0036837375685500502,0.9458754208754209,-0.008651219901578928,-0.021313311476770652,0.004010871673612798
liberal,Distinctiveness,Within-person,19,1.0012121212121212,-0.009509931070831496,-0.02292029015542187,0.003900428013758877,1.0015151515151515,-0.009160115189907099,-0.022567035681286575,0.004246805301472376
liberal,Distinctiveness,Within-person,20,1.056835016835017,-0.01003826057476658,-0.024193639608500864,0.004117118458967704,1.0571548821548822,-0.009669010478235271,-0.023820759885802498,0.004482738929331953
liberal,Distinctiveness,Within-person,21,1.1124579124579124,-0.010566590078701662,-0.025466989061579855,0.0043338089041765285,1.112794612794613,-0.010177905766563444,-0.02507448409031842,0.004718672557191531
liberal,Distinctiveness,Within-person,22,1.168080808080808,-0.011094919582636746,-0.02674033851465885,0.004550499349385357,1.1684343434343434,-0.010686801054891615,-0.026328208294834336,0.004954606185051107
liberal,Distinctiveness,Within-person,23,1.2237037037037037,-0.01162324908657183,-0.028013687967737844,0.004767189794594182,1.224074074074074,-0.011195696343219787,-0.02758193249935026,0.005190539812910684
liberal,Distinctiveness,Within-person,24,1.2793265993265994,-0.012151578590506914,-0.029287037420816838,0.00498388023980301,1.2797138047138048,-0.01170459163154796,-0.02883565670386618,0.005426473440770258
liberal,Distinctiveness,Within-person,25,1.3349494949494949,-0.012679908094441994,-0.030560386873895826,0.005200570685011835,1.3353535353535353,-0.012213486919876131,-0.030089380908382098,0.005662407068629834
liberal,Distinctiveness,Within-person,26,1.3905723905723906,-0.013208237598377078,-0.031833736326974824,0.005417261130220664,1.390993265993266,-0.012722382208204305,-0.03134310511289802,0.00589834069648941
liberal,Distinctiveness,Within-person,27,1.4461952861952863,-0.013736567102312162,-0.033107085780053815,0.005633951575429489,1.4466329966329967,-0.013231277496532478,-0.03259682931741394,0.006134274324348987
liberal,Distinctiveness,Within-person,28,1.5018181818181817,-0.014264896606247244,-0.034380435233132806,0.005850642020638315,1.5022727272727274,-0.01374017278486065,-0.033850553521929866,0.006370207952208565
liberal,Distinctiveness,Within-person,29,1.5574410774410774,-0.014793226110182328,-0.0356537846862118,0.00606733246584714,1.557912457912458,-0.014249068073188821,-0.03510427772644578,0.0066061415800681405
liberal,Distinctiveness,Within-person,30,1.613063973063973,-0.015321555614117412,-0.036927134139290795,0.006284022911055969,1.6135521885521886,-0.014757963361516994,-0.036358001930961704,0.006842075207927718
liberal,Distinctiveness,Within-person,31,1.6686868686868688,-0.015849885118052496,-0.038200483592369786,0.006500713356264794,1.6691919191919193,-0.015266858649845167,-0.03761172613547763,0.0070780088357872955
liberal,Distinctiveness,Within-person,32,1.7243097643097642,-0.016378214621987578,-0.039473833045448777,0.00671740380147362,1.7248316498316498,-0.015775753938173338,-0.03886545033999354,0.007313942463646871
liberal,Distinctiveness,Within-person,33,1.77993265993266,-0.01690654412592266,-0.04074718249852777,0.006934094246682447,1.7804713804713805,-0.01628464922650151,-0.04011917454450947,0.007549876091506449
liberal,Distinctiveness,Within-person,34,1.8355555555555556,-0.017434873629857746,-0.042020531951606765,0.007150784691891274,1.8361111111111112,-0.016793544514829683,-0.04137289874902539,0.007785809719366023
liberal,Distinctiveness,Within-person,35,1.891178451178451,-0.017963203133792825,-0.04329388140468575,0.0073674751371001004,1.8917508417508417,-0.017302439803157856,-0.042626622953541304,0.008021743347225597
liberal,Distinctiveness,Within-person,36,1.9468013468013468,-0.01849153263772791,-0.04456723085776475,0.007584165582308927,1.9473905723905724,-0.017811335091486028,-0.043880347158057234,0.008257676975085174
liberal,Distinctiveness,Within-person,37,2.0024242424242424,-0.019019862141662992,-0.04584058031084374,0.007800856027517754,2.003030303030303,-0.018320230379814197,-0.04513407136257315,0.008493610602944752
liberal,Distinctiveness,Within-person,38,2.058047138047138,-0.019548191645598074,-0.04711392976392273,0.00801754647272658,2.0586700336700336,-0.01882912566814237,-0.046387795567089066,0.00872954423080433
liberal,Distinctiveness,Within-person,39,2.113670033670034,-0.02007652114953316,-0.04838727921700173,0.008234236917935407,2.1143097643097644,-0.019338020956470543,-0.047641519771604995,0.008965477858663907
liberal,Distinctiveness,Within-person,40,2.1692929292929293,-0.020604850653468242,-0.04966062867008072,0.008450927363144234,2.169949494949495,-0.019846916244798715,-0.04889524397612091,0.009201411486523484
liberal,Distinctiveness,Within-person,41,2.2249158249158247,-0.021133180157403324,-0.05093397812315971,0.008667617808353057,2.225589225589226,-0.020355811533126888,-0.05014896818063684,0.009437345114383062
liberal,Distinctiveness,Within-person,42,2.2805387205387206,-0.02166150966133841,-0.05220732757623871,0.008884308253561887,2.2812289562289565,-0.02086470682145506,-0.05140269238515276,0.009673278742242636
liberal,Distinctiveness,Within-person,43,2.336161616161616,-0.022189839165273492,-0.0534806770293177,0.009100998698770714,2.3368686868686868,-0.02137360210978323,-0.05265641658966867,0.009909212370102213
liberal,Distinctiveness,Within-person,44,2.3917845117845116,-0.022718168669208574,-0.05475402648239668,0.009317689143979534,2.3925084175084175,-0.021882497398111402,-0.05391014079418459,0.010145145997961787
liberal,Distinctiveness,Within-person,45,2.4474074074074075,-0.02324649817314366,-0.05602737593547569,0.009534379589188364,2.448148148148148,-0.022391392686439575,-0.05516386499870052,0.010381079625821368
liberal,Distinctiveness,Within-person,46,2.503030303030303,-0.023774827677078742,-0.05730072538855467,0.00975107003439719,2.503787878787879,-0.022900287974767747,-0.056417589203216434,0.010617013253680942
liberal,Distinctiveness,Within-person,47,2.558653198653199,-0.024303157181013828,-0.058574074841633676,0.00996776047960602,2.5594276094276096,-0.02340918326309592,-0.05767131340773236,0.010852946881540516
liberal,Distinctiveness,Within-person,48,2.6142760942760943,-0.024831486684948906,-0.05984742429471265,0.010184450924814844,2.6150673400673403,-0.023918078551424096,-0.058925037612248286,0.011088880509400094
liberal,Distinctiveness,Within-person,49,2.6698989898989898,-0.02535981618888399,-0.06112077374779165,0.01040114137002367,2.6707070707070706,-0.024426973839752262,-0.060178761816764195,0.011324814137259668
liberal,Distinctiveness,Within-person,50,2.7255218855218857,-0.025888145692819074,-0.06239412320087065,0.0106178318152325,2.7263468013468013,-0.024935869128080435,-0.06143248602128012,0.011560747765119249
liberal,Distinctiveness,Within-person,51,2.781144781144781,-0.026416475196754156,-0.06366747265394965,0.010834522260441327,2.781986531986532,-0.02544476441640861,-0.06268621022579604,0.01179668139297882
liberal,Distinctiveness,Within-person,52,2.8367676767676766,-0.02694480470068924,-0.06494082210702862,0.011051212705650147,2.8376262626262627,-0.025953659704736783,-0.06393993443031197,0.0120326150208384
liberal,Distinctiveness,Within-person,53,2.8923905723905725,-0.027473134204624324,-0.06621417156010763,0.011267903150858977,2.8932659932659934,-0.026462554993064956,-0.06519365863482789,0.012268548648697974
liberal,Distinctiveness,Within-person,54,2.948013468013468,-0.028001463708559406,-0.06748752101318661,0.011484593596067804,2.948905723905724,-0.02697145028139313,-0.06644738283934382,0.012504482276557555
liberal,Distinctiveness,Within-person,55,3.0036363636363634,-0.02852979321249449,-0.06876087046626561,0.01170128404127663,3.004545454545455,-0.0274803455697213,-0.06770110704385973,0.01274041590441713
liberal,Distinctiveness,Within-person,56,3.0592592592592593,-0.029058122716429574,-0.07003421991934461,0.011917974486485454,3.060185185185185,-0.02798924085804947,-0.06895483124837565,0.012976349532276707
liberal,Distinctiveness,Within-person,57,3.114882154882155,-0.029586452220364656,-0.0713075693724236,0.01213466493169428,3.115824915824916,-0.028498136146377643,-0.07020855545289156,0.013212283160136281
liberal,Distinctiveness,Within-person,58,3.1705050505050503,-0.03011478172429974,-0.07258091882550258,0.012351355376903107,3.1714646464646465,-0.029007031434705816,-0.07146227965740748,0.013448216787995855
liberal,Distinctiveness,Within-person,59,3.226127946127946,-0.030643111228234824,-0.07385426827858159,0.012568045822111937,3.2271043771043773,-0.029515926723033988,-0.07271600386192341,0.013684150415855436
liberal,Distinctiveness,Within-person,60,3.2817508417508416,-0.031171440732169906,-0.07512761773166057,0.012784736267320757,3.282744107744108,-0.03002482201136216,-0.07396972806643934,0.01392008404371501
liberal,Distinctiveness,Within-person,61,3.3373737373737375,-0.03169977023610499,-0.07640096718473957,0.013001426712529587,3.3383838383838387,-0.030533717299690333,-0.07522345227095525,0.014156017671574591
liberal,Distinctiveness,Within-person,62,3.392996632996633,-0.032228099740040074,-0.07767431663781857,0.013218117157738414,3.394023569023569,-0.031042612588018503,-0.07647717647547117,0.014391951299434162
liberal,Distinctiveness,Within-person,63,3.4486195286195285,-0.032756429243975156,-0.07894766609089755,0.01343480760294724,3.4496632996632997,-0.031551507876346675,-0.07773090067998709,0.014627884927293743
liberal,Distinctiveness,Within-person,64,3.5042424242424244,-0.03328475874791024,-0.08022101554397654,0.013651498048156067,3.5053030303030304,-0.032060403164674844,-0.078984624884503,0.01486381855515332
liberal,Distinctiveness,Within-person,65,3.55986531986532,-0.03381308825184532,-0.08149436499705554,0.013868188493364894,3.560942760942761,-0.03256929845300302,-0.08023834908901895,0.015099752183012898
liberal,Distinctiveness,Within-person,66,3.6154882154882153,-0.0343414177557804,-0.08276771445013453,0.01408487893857372,3.616582491582492,-0.0330781937413312,-0.08149207329353486,0.015335685810872468
liberal,Distinctiveness,Within-person,67,3.671111111111111,-0.03486974725971549,-0.08404106390321353,0.014301569383782547,3.6722222222222225,-0.033587089029659366,-0.08274579749805078,0.015571619438732046
liberal,Distinctiveness,Within-person,68,3.7267340067340067,-0.03539807676365057,-0.0853144133562925,0.014518259828991374,3.727861952861953,-0.03409598431798754,-0.0839995217025667,0.015807553066591623
liberal,Distinctiveness,Within-person,69,3.782356902356902,-0.03592640626758565,-0.0865877628093715,0.014734950274200201,3.7835016835016835,-0.03460487960631571,-0.08525324590708261,0.016043486694451194
liberal,Distinctiveness,Within-person,70,3.837979797979798,-0.03645473577152074,-0.0878611122624505,0.014951640719409028,3.839141414141414,-0.03511377489464388,-0.08650697011159854,0.016279420322310778
liberal,Distinctiveness,Within-person,71,3.8936026936026935,-0.03698306527545582,-0.0891344617155295,0.015168331164617854,3.894781144781145,-0.035622670182972056,-0.08776069431611447,0.01651535395017035
liberal,Distinctiveness,Within-person,72,3.9492255892255894,-0.0375113947793909,-0.09040781116860849,0.015385021609826681,3.9504208754208756,-0.036131565471300225,-0.08901441852063038,0.016751287578029933
liberal,Distinctiveness,Within-person,73,4.004848484848485,-0.038039724283325985,-0.09168116062168748,0.015601712055035508,4.006060606060606,-0.036640460759628395,-0.0902681427251463,0.016987221205889504
liberal,Distinctiveness,Within-person,74,4.06047138047138,-0.03856805378726107,-0.09295451007476646,0.015818402500244334,4.061700336700337,-0.03714935604795657,-0.09152186692966222,0.01722315483374908
liberal,Distinctiveness,Within-person,75,4.116094276094276,-0.03909638329119615,-0.09422785952784546,0.01603509294545316,4.117340067340067,-0.03765825133628474,-0.09277559113417813,0.01745908846160866
liberal,Distinctiveness,Within-person,76,4.171717171717171,-0.03962471279513123,-0.09550120898092446,0.016251783390661988,4.1729797979797985,-0.038167146624612916,-0.09402931533869407,0.017695022089468236
liberal,Distinctiveness,Within-person,77,4.227340067340068,-0.04015304229906632,-0.09677455843400345,0.016468473835870814,4.228619528619529,-0.038676041912941085,-0.09528303954320999,0.017930955717327814
liberal,Distinctiveness,Within-person,78,4.282962962962963,-0.0406813718030014,-0.09804790788708245,0.01668516428107964,4.284259259259259,-0.039184937201269254,-0.09653676374772589,0.018166889345187384
liberal,Distinctiveness,Within-person,79,4.3385858585858585,-0.041209701306936485,-0.09932125734016144,0.016901854726288468,4.33989898989899,-0.03969383248959743,-0.09779048795224182,0.01840282297304697
liberal,Distinctiveness,Within-person,80,4.394208754208754,-0.04173803081087157,-0.10059460679324042,0.017118545171497294,4.39553872053872,-0.0402027277779256,-0.09904421215675774,0.01863875660090654
liberal,Distinctiveness,Within-person,81,4.4498316498316495,-0.04226636031480665,-0.10186795624631942,0.017335235616706114,4.451178451178452,-0.040711623066253776,-0.10029793636127368,0.018874690228766124
liberal,Distinctiveness,Within-person,82,4.505454545454546,-0.04279468981874174,-0.10314130569939842,0.017551926061914948,4.506818181818182,-0.041220518354581945,-0.10155166056578958,0.019110623856625694
liberal,Distinctiveness,Within-person,83,4.561077441077441,-0.04332301932267682,-0.10441465515247741,0.017768616507123774,4.562457912457913,-0.04172941364291012,-0.10280538477030551,0.01934655748448527
liberal,Distinctiveness,Within-person,84,4.616700336700337,-0.0438513488266119,-0.10568800460555641,0.0179853069523326,4.618097643097643,-0.04223830893123829,-0.10405910897482143,0.01958249111234485
liberal,Distinctiveness,Within-person,85,4.672323232323232,-0.044379678330546984,-0.1069613540586354,0.018201997397541428,4.6737373737373735,-0.04274720421956646,-0.10531283317933735,0.019818424740204427
liberal,Distinctiveness,Within-person,86,4.727946127946128,-0.04490800783448207,-0.10823470351171438,0.018418687842750248,4.729377104377105,-0.043256099507894635,-0.10656655738385327,0.020054358368064004
liberal,Distinctiveness,Within-person,87,4.783569023569023,-0.04543633733841715,-0.10950805296479336,0.018635378287959067,4.785016835016835,-0.043764994796222804,-0.10782028158836918,0.020290291995923575
liberal,Distinctiveness,Within-person,88,4.8391919191919195,-0.04596466684235224,-0.11078140241787238,0.018852068733167908,4.840656565656566,-0.04427389008455098,-0.10907400579288512,0.020526225623783152
liberal,Distinctiveness,Within-person,89,4.894814814814815,-0.04649299634628732,-0.11205475187095137,0.019068759178376728,4.896296296296296,-0.04478278537287915,-0.11032772999740104,0.020762159251642737
liberal,Distinctiveness,Within-person,90,4.95043771043771,-0.0470213258502224,-0.11332810132403037,0.01928544962358556,4.9519360269360275,-0.045291680661207326,-0.11158145420191697,0.020998092879502314
liberal,Distinctiveness,Within-person,91,5.006060606060606,-0.047549655354157484,-0.11460145077710934,0.01950214006879438,5.007575757575758,-0.045800575949535495,-0.11283517840643287,0.021234026507361885
liberal,Distinctiveness,Within-person,92,5.061683501683501,-0.04807798485809256,-0.11587480023018833,0.019718830514003208,5.063215488215488,-0.046309471237863664,-0.11408890261094878,0.021469960135221455
liberal,Distinctiveness,Within-person,93,5.117306397306398,-0.048606314362027656,-0.11714814968326735,0.01993552095921204,5.118855218855219,-0.04681836652619184,-0.11534262681546471,0.021705893763081033
liberal,Distinctiveness,Within-person,94,5.172929292929293,-0.04913464386596274,-0.11842149913634634,0.02015221140442086,5.1744949494949495,-0.04732726181452001,-0.11659635101998064,0.021941827390940617
liberal,Distinctiveness,Within-person,95,5.228552188552189,-0.04966297336989781,-0.1196948485894253,0.020368901849629688,5.230134680134681,-0.04783615710284819,-0.11785007522449657,0.022177761018800188
liberal,Distinctiveness,Within-person,96,5.284175084175084,-0.050191302873832895,-0.1209681980425043,0.02058559229483852,5.285774410774411,-0.048345052391176355,-0.11910379942901247,0.022413694646659765
liberal,Distinctiveness,Within-person,97,5.3397979797979795,-0.05071963237776798,-0.1222415474955833,0.02080228274004734,5.341414141414141,-0.048853947679504524,-0.12035752363352839,0.022649628274519336
liberal,Distinctiveness,Within-person,98,5.395420875420875,-0.05124796188170306,-0.1235148969486623,0.021018973185256175,5.397053872053872,-0.04936284296783271,-0.12161124783804433,0.02288556190237892
liberal,Distinctiveness,Within-person,99,5.451043771043771,-0.05177629138563815,-0.1247882464017413,0.021235663630465,5.452693602693603,-0.04987173825616087,-0.12286497204256024,0.023121495530238498
liberal,Distinctiveness,Within-person,100,5.506666666666667,-0.05230462088957323,-0.1260615958548203,0.02145235407567382,5.508333333333334,-0.05038063354448905,-0.12411869624707617,0.02335742915809807
liberal,Reliability,Between-person,1,18,0.1518852584901793,0.10731538139240851,0.1964551355879501,18,0.15204046642840482,0.10745928529153281,0.19662164756527684
liberal,Reliability,Between-person,2,18.767676767676768,0.14940443329240288,0.10556254043263563,0.19324632615217013,18.767676767676768,0.1495571061342809,0.10570409387048052,0.19341011839808125
liberal,Reliability,Between-person,3,19.535353535353536,0.14692360809462648,0.10380969947286281,0.19003751671639016,19.535353535353536,0.14707374584015692,0.10394890244942817,0.19019858923088567
liberal,Reliability,Between-person,4,20.303030303030305,0.14444278289685006,0.10205685851308995,0.18682870728061018,20.303030303030305,0.14459038554603296,0.10219371102837582,0.1869870600636901
liberal,Reliability,Between-person,5,21.07070707070707,0.14196195769907366,0.10030401755331711,0.1836198978448302,21.07070707070707,0.142107025251909,0.1004385196073235,0.18377553089649448
liberal,Reliability,Between-person,6,21.838383838383837,0.13948113250129726,0.09855117659354426,0.18041108840905026,21.838383838383837,0.13962366495778508,0.09868332818627121,0.18056400172929896
liberal,Reliability,Between-person,7,22.606060606060606,0.13700030730352084,0.09679833563377141,0.17720227897327026,22.606060606060606,0.1371403046636611,0.09692813676521883,0.17735247256210335
liberal,Reliability,Between-person,8,23.373737373737374,0.13451948210574446,0.0950454946739986,0.17399346953749034,23.373737373737374,0.13465694436953715,0.09517294534416652,0.17414094339490777
liberal,Reliability,Between-person,9,24.141414141414142,0.132038656907968,0.09329265371422571,0.1707846601017103,24.141414141414142,0.13217358407541316,0.09341775392311416,0.17092941422771216
liberal,Reliability,Between-person,10,24.909090909090907,0.12955783171019164,0.0915398127544529,0.1675758506659304,24.909090909090907,0.12969022378128925,0.09166256250206187,0.16771788506051663
liberal,Reliability,Between-person,11,25.676767676767675,0.1270770065124152,0.08978697179468004,0.1643670412301504,25.676767676767675,0.12720686348716528,0.08990737108100953,0.16450635589332102
liberal,Reliability,Between-person,12,26.444444444444443,0.12459618131463882,0.08803413083490721,0.16115823179437042,26.444444444444443,0.12472350319304132,0.0881521796599572,0.16129482672612544
liberal,Reliability,Between-person,13,27.21212121212121,0.1221153561168624,0.08628128987513436,0.15794942235859044,27.21212121212121,0.12224014289891737,0.08639698823890488,0.15808329755892986
liberal,Reliability,Between-person,14,27.97979797979798,0.11963453091908599,0.08452844891536151,0.15474061292281047,27.97979797979798,0.1197567826047934,0.08464179681785253,0.15487176839173428
liberal,Reliability,Between-person,15,28.747474747474747,0.11715370572130958,0.08277560795558866,0.1515318034870305,28.747474747474747,0.11727342231066945,0.0828866053968002,0.1516602392245387
liberal,Reliability,Between-person,16,29.515151515151516,0.11467288052353318,0.08102276699581583,0.14832299405125055,29.515151515151516,0.11479006201654549,0.08113141397574786,0.14844871005734311
liberal,Reliability,Between-person,17,30.282828282828284,0.11219205532575677,0.07926992603604298,0.14511418461547054,30.282828282828284,0.11230670172242153,0.07937622255469554,0.14523718089014753
liberal,Reliability,Between-person,18,31.050505050505052,0.10971123012798036,0.07751708507627013,0.1419053751796906,31.050505050505052,0.10982334142829758,0.07762103113364321,0.14202565172295195
liberal,Reliability,Between-person,19,31.818181818181817,0.10723040493020397,0.0757642441164973,0.13869656574391065,31.818181818181817,0.10733998113417365,0.0758658397125909,0.1388141225557564
liberal,Reliability,Between-person,20,32.58585858585859,0.10474957973242753,0.07401140315672444,0.13548775630813062,32.58585858585859,0.10485662084004967,0.07411064829153854,0.1356025933885608
liberal,Reliability,Between-person,21,33.35353535353535,0.10226875453465115,0.0722585621969516,0.1322789468723507,33.35353535353535,0.10237326054592573,0.07235545687048622,0.13239106422136523
liberal,Reliability,Between-person,22,34.121212121212125,0.09978792933687472,0.07050572123717876,0.1290701374365707,34.121212121212125,0.09988990025180175,0.07060026544943387,0.12917953505416963
liberal,Reliability,Between-person,23,34.888888888888886,0.09730710413909834,0.06875288027740592,0.12586132800079075,34.888888888888886,0.09740653995767781,0.06884507402838155,0.12596800588697407
liberal,Reliability,Between-person,24,35.656565656565654,0.09482627894132192,0.06700003931763307,0.12265251856501078,35.656565656565654,0.09492317966355385,0.06708988260732922,0.12275647671977848
liberal,Reliability,Between-person,25,36.42424242424242,0.09234545374354551,0.06524719835786022,0.1194437091292308,36.42424242424242,0.0924398193694299,0.0653346911862769,0.1195449475525829
liberal,Reliability,Between-person,26,37.19191919191919,0.0898646285457691,0.06349435739808738,0.11623489969345081,37.19191919191919,0.08995645907530594,0.06357949976522458,0.11633341838538731
liberal,Reliability,Between-person,27,37.95959595959596,0.08738380334799269,0.061741516438314534,0.11302609025767084,37.95959595959596,0.08747309878118198,0.06182430834417223,0.11312188921819173
liberal,Reliability,Between-person,28,38.72727272727273,0.08490297815021629,0.0599886754785417,0.10981728082189088,38.72727272727273,0.08498973848705803,0.060069116923119906,0.10991036005099615
liberal,Reliability,Between-person,29,39.494949494949495,0.08242215295243988,0.05823583451876885,0.1066084713861109,39.494949494949495,0.08250637819293406,0.05831392550206757,0.10669883088380056
liberal,Reliability,Between-person,30,40.262626262626256,0.07994132775466349,0.056482993558996025,0.10339966195033096,40.262626262626256,0.08002301789881013,0.05655873408101525,0.103487301716605
liberal,Reliability,Between-person,31,41.03030303030303,0.07746050255688705,0.05473015259922315,0.10019085251455095,41.03030303030303,0.07753965760468615,0.0548035426599629,0.10027577254940939
liberal,Reliability,Between-person,32,41.79797979797979,0.07497967735911067,0.052977311639450325,0.09698204307877101,41.79797979797979,0.07505629731056221,0.05304835123891058,0.09706424338221384
liberal,Reliability,Between-person,33,42.56565656565657,0.07249885216133424,0.05122447067967747,0.093773233642991,42.56565656565657,0.07257293701643823,0.05129315981785824,0.09385271421501823
liberal,Reliability,Between-person,34,43.33333333333333,0.07001802696355784,0.049471629719904625,0.09056442420721106,43.33333333333333,0.0700895767223143,0.04953796839680593,0.09064118504782268
liberal,Reliability,Between-person,35,44.101010101010104,0.06753720176578142,0.047718788760131775,0.08735561477143106,44.101010101010104,0.06760621642819031,0.047782776975753574,0.08742965588062705
liberal,Reliability,Between-person,36,44.868686868686865,0.06505637656800503,0.045965947800358946,0.08414680533565111,44.868686868686865,0.06512285613406639,0.04602758555470127,0.08421812671343151
liberal,Reliability,Between-person,37,45.63636363636363,0.06257555137022862,0.044213106840586096,0.08093799589987113,45.63636363636363,0.06263949583994242,0.04427239413364893,0.08100659754623592
liberal,Reliability,Between-person,38,46.4040404040404,0.060094726172452206,0.04246026588081325,0.07772918646409116,46.4040404040404,0.060156135545818466,0.0425172027125966,0.07779506837904034
liberal,Reliability,Between-person,39,47.17171717171717,0.0576139009746758,0.04070742492104041,0.07452037702831119,47.17171717171717,0.057672775251694515,0.04076201129154427,0.07458353921184477
liberal,Reliability,Between-person,40,47.93939393939394,0.05513307577689939,0.03895458396126756,0.07131156759253121,47.93939393939394,0.05518941495757056,0.03900681987049194,0.07137201004464917
liberal,Reliability,Between-person,41,48.707070707070706,0.052652250579122976,0.03720174300149471,0.06810275815675124,48.707070707070706,0.0527060546634466,0.037251628449439605,0.06816048087745359
liberal,Reliability,Between-person,42,49.474747474747474,0.05017142538134657,0.035448902041721866,0.06489394872097128,49.474747474747474,0.05022269436932264,0.03549643702838727,0.06494895171025801
liberal,Reliability,Between-person,43,50.24242424242424,0.04769060018357016,0.03369606108194902,0.061685139285191294,50.24242424242424,0.04773933407519868,0.033741245607334935,0.06173742254306243
liberal,Reliability,Between-person,44,51.01010101010101,0.04520977498579375,0.03194322012217618,0.058476329849411327,51.01010101010101,0.045255973781074724,0.03198605418628261,0.05852589337586684
liberal,Reliability,Between-person,45,51.77777777777778,0.04272894978801734,0.03019037916240333,0.05526752041363135,51.77777777777778,0.042772613486950765,0.030230862765230272,0.05531436420867126
liberal,Reliability,Between-person,46,52.54545454545454,0.040248124590240957,0.028437538202630504,0.052058710977851405,52.54545454545454,0.040289253192826835,0.02847567134417796,0.05210283504147571
liberal,Reliability,Between-person,47,53.31313131313131,0.037767299392464544,0.026684697242857658,0.04884990154207143,53.31313131313131,0.03780589289870288,0.02672047992312563,0.048891305874280123
liberal,Reliability,Between-person,48,54.080808080808076,0.03528647419468813,0.024931856283084808,0.045641092106291456,54.080808080808076,0.03532253260457892,0.024965288502073295,0.04567977670708454
liberal,Reliability,Between-person,49,54.848484848484844,0.032805648996911727,0.023179015323311965,0.04243228267051149,54.848484848484844,0.03283917231045496,0.023210097081020967,0.042468247539888954
liberal,Reliability,Between-person,50,55.61616161616161,0.030324823799135314,0.021426174363539118,0.03922347323473151,55.61616161616161,0.030355812016331002,0.02145490565996863,0.03925671837269337
liberal,Reliability,Between-person,51,56.38383838383838,0.027843998601358905,0.019673333403766275,0.03601466379895153,56.38383838383838,0.027872451722207044,0.0196997142389163,0.03604518920549779
liberal,Reliability,Between-person,52,57.15151515151515,0.025363173403582497,0.01792049244399343,0.032805854363171565,57.15151515151515,0.025389091428083085,0.01794452281786397,0.0328336600383022
liberal,Reliability,Between-person,53,57.91919191919192,0.022882348205806088,0.016167651484220585,0.02959704492739159,57.91919191919192,0.022905731133959127,0.016189331396811633,0.02962213087110662
liberal,Reliability,Between-person,54,58.686868686868685,0.020401523008029675,0.014414810524447735,0.026388235491611615,58.686868686868685,0.02042237083983517,0.014434139975759302,0.026410601703911036
liberal,Reliability,Between-person,55,59.45454545454545,0.017920697810253267,0.012661969564674892,0.02317942605583164,59.45454545454545,0.017939010545711214,0.012678948554706974,0.023199072536715454
liberal,Reliability,Between-person,56,60.22222222222222,0.015439872612476858,0.010909128604902046,0.01997061662005167,60.22222222222222,0.015455650251587256,0.01092375713365464,0.01998754336951987
liberal,Reliability,Between-person,57,60.98989898989899,0.012959047414700449,0.009156287645129203,0.016761807184271695,60.98989898989899,0.012972289957463298,0.009168565712602307,0.016776014202324288
liberal,Reliability,Between-person,58,61.75757575757576,0.010478222216924038,0.007403446685356356,0.01355299774849172,61.75757575757576,0.01048892966333934,0.0074133742915499755,0.013564485035128703
liberal,Reliability,Between-person,59,62.52525252525252,0.007997397019147652,0.005650605725583527,0.010344188312711777,62.52525252525252,0.008005569369215405,0.0056581828704976595,0.010352955867933151
liberal,Reliability,Between-person,60,63.29292929292929,0.005516571821371242,0.003897764765810681,0.007135378876931804,63.29292929292929,0.005522209075091448,0.0039029914494453284,0.007141426700737568
liberal,Reliability,Between-person,61,64.06060606060606,0.0030357466235948097,0.002144923806037819,0.0039265694411518,64.06060606060606,0.0030388487809674667,0.0021478000283929794,0.003929897533541954
liberal,Reliability,Between-person,62,64.82828282828282,5.549214258184228e-4,3.920828462649895e-4,7.177600053718562e-4,64.82828282828282,5.554884868435323e-4,3.926086073406641e-4,7.183683663464005e-4
liberal,Reliability,Between-person,63,65,-0,-0,0,65,-0,-0,0
liberal,Reliability,Between-person,64,65.59595959595958,-0.0019259037719579638,-0.002491049430408088,-0.0013607581135078397,65.59595959595958,-0.0019278718072804023,-0.002493160800849153,-0.0013625828137116516
liberal,Reliability,Between-person,65,66.36363636363636,-0.0044067289697343965,-0.005699858866188091,-0.0031135990732807017,66.36363636363636,-0.004411232101404383,-0.0057046899680447665,-0.003117774234764
liberal,Reliability,Between-person,66,67.13131313131314,-0.006887554167510829,-0.008908668301968094,-0.004866440033053563,67.13131313131314,-0.006894592395528363,-0.00891621913524038,-0.004872965655816347
liberal,Reliability,Between-person,67,67.8989898989899,-0.009368379365287215,-0.012117477737748038,-0.006619280992826392,67.8989898989899,-0.009377952689652299,-0.012127748302435935,-0.006628157076868664
liberal,Reliability,Between-person,68,68.66666666666666,-0.011849204563063603,-0.015326287173527983,-0.008372121952599223,68.66666666666666,-0.011861312983776233,-0.015339277469631487,-0.00838334849792098
liberal,Reliability,Between-person,69,69.43434343434343,-0.014330029760840034,-0.018535096609307987,-0.010124962912372084,69.43434343434343,-0.014344673277900214,-0.0185508066368271,-0.010138539918973326
liberal,Reliability,Between-person,70,70.20202020202021,-0.016810854958616468,-0.02174390604508799,-0.011877803872144946,70.20202020202021,-0.016828033572024195,-0.021762335804022714,-0.011893731340025675
liberal,Reliability,Between-person,71,70.96969696969697,-0.019291680156392856,-0.024952715480867936,-0.013630644831917777,70.96969696969697,-0.01931139386614813,-0.024973864971218264,-0.013648922761077991
liberal,Reliability,Between-person,72,71.73737373737373,-0.02177250535416924,-0.028161524916647876,-0.015383485791690604,71.73737373737373,-0.021794754160272062,-0.028185394138413818,-0.015404114182130306
liberal,Reliability,Between-person,73,72.50505050505049,-0.024253330551945628,-0.03137033435242782,-0.017136326751463433,72.50505050505049,-0.024278114454395996,-0.03139692330560937,-0.01715930560318262
liberal,Reliability,Between-person,74,73.27272727272727,-0.02673415574972206,-0.034579143788207825,-0.018889167711236297,73.27272727272727,-0.02676147474851998,-0.03460845247280499,-0.01891449702423497
liberal,Reliability,Between-person,75,74.04040404040404,-0.029214980947498494,-0.03778795322398783,-0.02064200867100916,74.04040404040404,-0.029244835042643958,-0.0378199816400006,-0.02066968844528732
liberal,Reliability,Between-person,76,74.8080808080808,-0.03169580614527488,-0.040996762659767774,-0.02239484963078199,74.8080808080808,-0.03172819533676789,-0.04103151080719615,-0.022424879866339634
liberal,Reliability,Between-person,77,75.57575757575756,-0.03417663134305127,-0.04420557209554772,-0.024147690590554816,75.57575757575756,-0.03421155563089183,-0.044243039974391704,-0.02418007128739195
liberal,Reliability,Between-person,78,76.34343434343434,-0.0366574565408277,-0.04741438153132772,-0.025900531550327677,76.34343434343434,-0.03669491592501581,-0.04745456914158732,-0.025935262708444297
liberal,Reliability,Between-person,79,77.11111111111111,-0.03913828173860413,-0.050623190967107726,-0.02765337251010054,77.11111111111111,-0.03917827621913979,-0.05066609830878293,-0.027690454129496646
liberal,Reliability,Between-person,80,77.87878787878788,-0.04161910693638052,-0.053832000402887666,-0.02940621346987337,77.87878787878788,-0.041661636513263725,-0.05387762747597849,-0.029445645550548964
liberal,Reliability,Between-person,81,78.64646464646464,-0.0440999321341569,-0.057040809838667605,-0.031159054429646196,78.64646464646464,-0.04414499680738766,-0.057089156643174044,-0.03120083697160128
liberal,Reliability,Between-person,82,79.41414141414141,-0.046580757331933335,-0.060249619274447615,-0.032911895389419056,79.41414141414141,-0.04662835710151164,-0.06030068581036965,-0.03295602839265363
liberal,Reliability,Between-person,83,80.18181818181819,-0.04906158252970977,-0.06345842871022761,-0.03466473634919192,80.18181818181819,-0.04911171739563562,-0.06351221497756526,-0.03471121981370597
liberal,Reliability,Between-person,84,80.94949494949495,-0.05154240772748616,-0.06666723814600757,-0.036417577308964756,80.94949494949495,-0.05159507768975956,-0.06672374414476082,-0.03646641123475829
liberal,Reliability,Between-person,85,81.71717171717171,-0.054023232925262545,-0.0698760475817875,-0.038170418268737585,81.71717171717171,-0.05407843798388349,-0.06993527331195637,-0.03822160265581061
liberal,Reliability,Between-person,86,82.48484848484848,-0.05650405812303898,-0.0730848570175675,-0.03992325922851045,82.48484848484848,-0.05656179827800747,-0.07314680247915198,-0.03997679407686295
liberal,Reliability,Between-person,87,83.25252525252525,-0.05898488332081536,-0.07629366645334745,-0.04167610018828327,83.25252525252525,-0.059045158572131405,-0.07635833164634753,-0.04173198549791527
liberal,Reliability,Between-person,88,84.02020202020202,-0.061465708518591795,-0.07950247588912746,-0.043428941148056135,84.02020202020202,-0.061528518866255384,-0.07956986081354316,-0.04348717691896761
liberal,Reliability,Between-person,89,84.78787878787878,-0.06394653371636819,-0.0827112853249074,-0.04518178210782897,84.78787878787878,-0.06401187916037931,-0.0827813899807387,-0.04524236834001993
liberal,Reliability,Between-person,90,85.55555555555556,-0.06642735891414461,-0.0859200947606874,-0.04693462306760182,85.55555555555556,-0.06649523945450331,-0.08599291914793433,-0.04699755976107229
liberal,Reliability,Between-person,91,86.32323232323232,-0.068908184111921,-0.08912890419646735,-0.04868746402737465,86.32323232323232,-0.06897859974862723,-0.08920444831512987,-0.04875275118212459
liberal,Reliability,Between-person,92,87.09090909090908,-0.07138900930969738,-0.09233771363224728,-0.05044030498714748,87.09090909090908,-0.07146196004275117,-0.09241597748232543,-0.05050794260317691
liberal,Reliability,Between-person,93,87.85858585858585,-0.07386983450747382,-0.0955465230680273,-0.052193145946920344,87.85858585858585,-0.07394532033687515,-0.09562750664952104,-0.05226313402422926
liberal,Reliability,Between-person,94,88.62626262626262,-0.0763506597052502,-0.09875533250380725,-0.05394598690669317,88.62626262626262,-0.07642868063099909,-0.09883903581671659,-0.05401832544528158
liberal,Reliability,Between-person,95,89.39393939393939,-0.07883148490302665,-0.10196414193958725,-0.055698827866466044,89.39393939393939,-0.07891204092512306,-0.10205056498391221,-0.05577351686633392
liberal,Reliability,Between-person,96,90.16161616161615,-0.08131231010080303,-0.1051729513753672,-0.057451668826238866,90.16161616161615,-0.081395401219247,-0.10526209415110777,-0.05752870828738624
liberal,Reliability,Between-person,97,90.92929292929293,-0.08379313529857946,-0.10838176081114718,-0.05920450978601173,90.92929292929293,-0.08387876151337098,-0.10847362331830337,-0.05928389970843859
liberal,Reliability,Between-person,98,91.69696969696969,-0.08627396049635584,-0.11159057024692713,-0.06095735074578455,91.69696969696969,-0.08636212180749492,-0.11168515248549893,-0.06103909112949091
liberal,Reliability,Between-person,99,92.46464646464646,-0.08875478569413228,-0.11479937968270715,-0.06271019170555742,92.46464646464646,-0.0888454821016189,-0.11489668165269454,-0.06279428255054326
liberal,Reliability,Between-person,100,93.23232323232322,-0.09123561089190867,-0.11800818911848708,-0.06446303266533025,93.23232323232322,-0.09132884239574283,-0.11810821081989009,-0.06454947397159558
liberal,Reliability,Between-person,101,94,-0.09371643608968509,-0.12121699855426708,-0.0662158736251031,94,-0.09381220268986681,-0.1213197399870857,-0.06630466539264793
liberal,Reliability,Within-person,1,0,-0,-0,0,0,-0,-0,0
liberal,Reliability,Within-person,2,0.05562289562289562,-5.196098752222893e-4,-9.54391994101631e-4,-8.482775634294757e-5,0.05563973063973064,-5.089584465764113e-4,-9.437363912802965e-4,-7.418050187252609e-5
liberal,Reliability,Within-person,3,0.11124579124579125,-0.0010392197504445785,-0.001908783988203262,-1.6965551268589515e-4,0.11127946127946128,-0.0010179168931528225,-0.001887472782560593,-1.4836100374505219e-4
liberal,Reliability,Within-person,4,0.16686868686868686,-0.0015588296256668678,-0.0028631759823048927,-2.5448326902884283e-4,0.1669191919191919,-0.0015268753397292337,-0.002831209173840889,-2.2254150561757833e-4
liberal,Reliability,Within-person,5,0.2224915824915825,-0.002078439500889157,-0.003817567976406524,-3.393110253717903e-4,0.22255892255892257,-0.002035833786305645,-0.003774945565121186,-2.9672200749010437e-4
liberal,Reliability,Within-person,6,0.2781144781144781,-0.002598049376111446,-0.004771959970508154,-4.2413878171473776e-4,0.2781986531986532,-0.0025447922328820562,-0.004718681956401482,-3.709025093626304e-4
liberal,Reliability,Within-person,7,0.3337373737373737,-0.0031176592513337356,-0.0057263519646097855,-5.089665380576857e-4,0.3338383838383838,-0.0030537506794584674,-0.005662418347681778,-4.4508301123515667e-4
liberal,Reliability,Within-person,8,0.38936026936026935,-0.0036372691265560246,-0.006680743958711417,-5.937942944006327e-4,0.3894781144781145,-0.0035627091260348786,-0.006606154738962075,-5.192635131076825e-4
liberal,Reliability,Within-person,9,0.444983164983165,-0.004156879001778314,-0.007635135952813048,-6.786220507435806e-4,0.44511784511784513,-0.00407166757261129,-0.007549891130242372,-5.934440149802087e-4
liberal,Reliability,Within-person,10,0.5006060606060606,-0.0046764888770006036,-0.008589527946914678,-7.634498070865281e-4,0.5007575757575757,-0.004580626019187701,-0.008493627521522667,-6.676245168527346e-4
liberal,Reliability,Within-person,11,0.5562289562289562,-0.005196098752222892,-0.009543919941016308,-8.482775634294755e-4,0.5563973063973064,-0.0050895844657641125,-0.009437363912802964,-7.418050187252608e-4
liberal,Reliability,Within-person,12,0.6118518518518519,-0.005715708627445182,-0.010498311935117941,-9.33105319772423e-4,0.612037037037037,-0.005598542912340523,-0.01038110030408326,-8.159855205977862e-4
liberal,Reliability,Within-person,13,0.6674747474747474,-0.006235318502667471,-0.011452703929219571,-0.0010179330761153713,0.6676767676767676,-0.006107501358916935,-0.011324836695363556,-8.901660224703133e-4
liberal,Reliability,Within-person,14,0.7230976430976431,-0.006754928377889761,-0.012407095923321202,-0.0011027608324583188,0.7233164983164984,-0.006616459805493346,-0.012268573086643853,-9.643465243428387e-4
liberal,Reliability,Within-person,15,0.7787205387205387,-0.007274538253112049,-0.013361487917422834,-0.0011875885888012654,0.778956228956229,-0.007125418252069757,-0.01321230947792415,-0.001038527026215365
liberal,Reliability,Within-person,16,0.8343434343434344,-0.0077941481283343396,-0.014315879911524465,-0.0012724163451442137,0.8345959595959597,-0.007634376698646169,-0.014156045869204447,-0.0011127075280878904
liberal,Reliability,Within-person,17,0.88996632996633,-0.008313758003556628,-0.015270271905626095,-0.0013572441014871612,0.8902356902356903,-0.00814333514522258,-0.015099782260484744,-0.0011868880299604175
liberal,Reliability,Within-person,18,0.9455892255892255,-0.008833367878778918,-0.016224663899727727,-0.0014420718578301095,0.9458754208754209,-0.00865229359179899,-0.016043518651765037,-0.001261068531832942
liberal,Reliability,Within-person,19,1.0012121212121212,-0.009352977754001207,-0.017179055893829356,-0.0015268996141730561,1.0015151515151515,-0.009161252038375402,-0.016987255043045334,-0.0013352490337054691
liberal,Reliability,Within-person,20,1.056835016835017,-0.009872587629223497,-0.01813344788793099,-0.0016117273705160036,1.0571548821548822,-0.009670210484951813,-0.01793099143432563,-0.0014094295355779954
liberal,Reliability,Within-person,21,1.1124579124579124,-0.010392197504445784,-0.019087839882032616,-0.001696555126858951,1.112794612794613,-0.010179168931528225,-0.018874727825605928,-0.0014836100374505216
liberal,Reliability,Within-person,22,1.168080808080808,-0.010911807379668074,-0.02004223187613425,-0.0017813828832018985,1.1684343434343434,-0.010688127378104635,-0.019818464216886225,-0.0015577905393230462
liberal,Reliability,Within-person,23,1.2237037037037037,-0.011431417254890363,-0.020996623870235882,-0.001866210639544846,1.224074074074074,-0.011197085824681046,-0.02076220060816652,-0.0016319710411955724
liberal,Reliability,Within-person,24,1.2793265993265994,-0.011951027130112655,-0.021951015864337516,-0.0019510383958877952,1.2797138047138048,-0.01170604427125746,-0.02170593699944682,-0.0017061515430681004
liberal,Reliability,Within-person,25,1.3349494949494949,-0.012470637005334942,-0.022905407858439142,-0.0020358661522307427,1.3353535353535353,-0.01221500271783387,-0.022649673390727112,-0.0017803320449406267
liberal,Reliability,Within-person,26,1.3905723905723906,-0.012990246880557232,-0.023859799852540775,-0.00212069390857369,1.390993265993266,-0.012723961164410281,-0.023593409782007413,-0.0018545125468131512
liberal,Reliability,Within-person,27,1.4461952861952863,-0.013509856755779521,-0.024814191846642405,-0.0022055216649166376,1.4466329966329967,-0.013232919610986693,-0.024537146173287706,-0.0019286930486856774
liberal,Reliability,Within-person,28,1.5018181818181817,-0.014029466631001809,-0.025768583840744035,-0.0022903494212595833,1.5022727272727274,-0.013741878057563104,-0.025480882564568007,-0.0020028735505582037
liberal,Reliability,Within-person,29,1.5574410774410774,-0.014549076506224098,-0.026722975834845668,-0.002375177177602531,1.557912457912458,-0.014250836504139514,-0.0264246189558483,-0.00207705405243073
liberal,Reliability,Within-person,30,1.613063973063973,-0.015068686381446388,-0.027677367828947298,-0.0024600049339454783,1.6135521885521886,-0.014759794950715926,-0.027368355347128594,-0.002151234554303256
liberal,Reliability,Within-person,31,1.6686868686868688,-0.015588296256668679,-0.02863175982304893,-0.0025448326902884275,1.6691919191919193,-0.015268753397292337,-0.028312091738408894,-0.0022254150561757807
liberal,Reliability,Within-person,32,1.7243097643097642,-0.016107906131890965,-0.029586151817150557,-0.002629660446631373,1.7248316498316498,-0.01577771184386875,-0.029255828129689188,-0.0022995955580483087
liberal,Reliability,Within-person,33,1.77993265993266,-0.016627516007113256,-0.03054054381125219,-0.0027144882029743224,1.7804713804713805,-0.01628667029044516,-0.030199564520969488,-0.002373776059920835
liberal,Reliability,Within-person,34,1.8355555555555556,-0.017147125882335548,-0.03149493580535383,-0.0027993159593172716,1.8361111111111112,-0.016795628737021572,-0.03114330091224978,-0.0024479565617933612
liberal,Reliability,Within-person,35,1.891178451178451,-0.017666735757557835,-0.03244932779945545,-0.002884143715660219,1.8917508417508417,-0.01730458718359798,-0.032087037303530075,-0.002522137063665884
liberal,Reliability,Within-person,36,1.9468013468013468,-0.018186345632780123,-0.03340371979355708,-0.002968971472003165,1.9473905723905724,-0.017813545630174392,-0.033030773694810375,-0.0025963175655384103
liberal,Reliability,Within-person,37,2.0024242424242424,-0.018705955508002414,-0.03435811178765871,-0.0030537992283461123,2.003030303030303,-0.018322504076750804,-0.03397451008609067,-0.0026704980674109383
liberal,Reliability,Within-person,38,2.058047138047138,-0.019225565383224702,-0.035312503781760346,-0.0031386269846890615,2.0586700336700336,-0.018831462523327215,-0.03491824647737096,-0.0027446785692834645
liberal,Reliability,Within-person,39,2.113670033670034,-0.019745175258446993,-0.03626689577586198,-0.003223454741032007,2.1143097643097644,-0.019340420969903627,-0.03586198286865126,-0.0028188590711559908
liberal,Reliability,Within-person,40,2.1692929292929293,-0.02026478513366928,-0.037221287769963605,-0.0033082824973749564,2.169949494949495,-0.01984937941648004,-0.03680571925993156,-0.002893039573028517
liberal,Reliability,Within-person,41,2.2249158249158247,-0.02078439500889157,-0.03817567976406523,-0.003393110253717902,2.225589225589226,-0.02035833786305645,-0.037749455651211856,-0.0029672200749010433
liberal,Reliability,Within-person,42,2.2805387205387206,-0.02130400488411386,-0.039130071758166865,-0.0034779380100608513,2.2812289562289565,-0.02086729630963286,-0.03869319204249216,-0.003041400576773566
liberal,Reliability,Within-person,43,2.336161616161616,-0.021823614759336148,-0.0400844637522685,-0.003562765766403797,2.3368686868686868,-0.02137625475620927,-0.03963692843377245,-0.0031155810786460923
liberal,Reliability,Within-person,44,2.3917845117845116,-0.022343224634558435,-0.04103885574637013,-0.0036475935227467428,2.3925084175084175,-0.02188521320278568,-0.040580664825052744,-0.0031897615805186186
liberal,Reliability,Within-person,45,2.4474074074074075,-0.022862834509780727,-0.041993247740471765,-0.003732421279089692,2.448148148148148,-0.022394171649362093,-0.04152440121633304,-0.003263942082391145
liberal,Reliability,Within-person,46,2.503030303030303,-0.023382444385003014,-0.04294763973457339,-0.0038172490354326377,2.503787878787879,-0.022903130095938508,-0.04246813760761334,-0.0033381225842636746
liberal,Reliability,Within-person,47,2.558653198653199,-0.02390205426022531,-0.04390203172867503,-0.0039020767917755904,2.5594276094276096,-0.02341208854251492,-0.04341187399889364,-0.003412303086136201
liberal,Reliability,Within-person,48,2.6142760942760943,-0.024421664135447597,-0.04485642372277666,-0.003986904548118536,2.6150673400673403,-0.02392104698909133,-0.04435561039017394,-0.003486483588008727
liberal,Reliability,Within-person,49,2.6698989898989898,-0.024941274010669885,-0.045810815716878284,-0.004071732304461485,2.6707070707070706,-0.02443000543566774,-0.045299346781454225,-0.0035606640898812533
liberal,Reliability,Within-person,50,2.7255218855218857,-0.025460883885892176,-0.04676520771097992,-0.004156560060804431,2.7263468013468013,-0.02493896388224415,-0.046243083172734525,-0.0036348445917537796
liberal,Reliability,Within-person,51,2.781144781144781,-0.025980493761114463,-0.04771959970508155,-0.00424138781714738,2.781986531986532,-0.025447922328820562,-0.047186819564014826,-0.0037090250936263024
liberal,Reliability,Within-person,52,2.8367676767676766,-0.02650010363633675,-0.048673991699183176,-0.004326215573490326,2.8376262626262627,-0.025956880775396974,-0.04813055595529512,-0.0037832055954988286
liberal,Reliability,Within-person,53,2.8923905723905725,-0.027019713511559042,-0.04962838369328481,-0.004411043329833275,2.8932659932659934,-0.026465839221973386,-0.04907429234657541,-0.003857386097371355
liberal,Reliability,Within-person,54,2.948013468013468,-0.02753932338678133,-0.050582775687386436,-0.004495871086176221,2.948905723905724,-0.026974797668549797,-0.05001802873785571,-0.003931566599243881
liberal,Reliability,Within-person,55,3.0036363636363634,-0.028058933262003618,-0.05153716768148807,-0.004580698842519167,3.004545454545455,-0.02748375611512621,-0.050961765129136014,-0.004005747101116407
liberal,Reliability,Within-person,56,3.0592592592592593,-0.02857854313722591,-0.0524915596755897,-0.004665526598862116,3.060185185185185,-0.027992714561702617,-0.0519055015204163,-0.004079927602988934
liberal,Reliability,Within-person,57,3.114882154882155,-0.029098153012448197,-0.053445951669691336,-0.004750354355205062,3.115824915824916,-0.02850167300827903,-0.0528492379116966,-0.00415410810486146
liberal,Reliability,Within-person,58,3.1705050505050503,-0.029617762887670485,-0.054400343663792955,-0.004835182111548011,3.1714646464646465,-0.02901063145485544,-0.053792974302976894,-0.004228288606733986
liberal,Reliability,Within-person,59,3.226127946127946,-0.030137372762892776,-0.055354735657894595,-0.0049200098678909565,3.2271043771043773,-0.02951958990143185,-0.05473671069425719,-0.004302469108606512
liberal,Reliability,Within-person,60,3.2817508417508416,-0.030656982638115064,-0.05630912765199622,-0.005004837624233906,3.282744107744108,-0.030028548348008263,-0.05568044708553749,-0.004376649610479035
liberal,Reliability,Within-person,61,3.3373737373737375,-0.031176592513337358,-0.05726351964609786,-0.005089665380576855,3.3383838383838387,-0.030537506794584675,-0.05662418347681779,-0.0044508301123515615
liberal,Reliability,Within-person,62,3.392996632996633,-0.03169620238855964,-0.05821791164019949,-0.005174493136919801,3.394023569023569,-0.031046465241161083,-0.057567919868098075,-0.004525010614224088
liberal,Reliability,Within-person,63,3.4486195286195285,-0.03221581226378193,-0.059172303634301114,-0.005259320893262746,3.4496632996632997,-0.0315554236877375,-0.058511656259378375,-0.0045991911160966174
liberal,Reliability,Within-person,64,3.5042424242424244,-0.032735422139004225,-0.060126695628402754,-0.005344148649605696,3.5053030303030304,-0.03206438213431391,-0.059455392650658676,-0.004673371617969144
liberal,Reliability,Within-person,65,3.55986531986532,-0.03325503201422651,-0.06108108762250438,-0.005428976405948645,3.560942760942761,-0.03257334058089032,-0.060399129041938976,-0.00474755211984167
liberal,Reliability,Within-person,66,3.6154882154882153,-0.0337746418894488,-0.06203547961660601,-0.0055138041622915905,3.616582491582492,-0.03308229902746673,-0.06134286543321927,-0.004821732621714196
liberal,Reliability,Within-person,67,3.671111111111111,-0.034294251764671095,-0.06298987161070765,-0.005598631918634543,3.6722222222222225,-0.033591257474043144,-0.06228660182449956,-0.0048959131235867225
liberal,Reliability,Within-person,68,3.7267340067340067,-0.03481386163989338,-0.06394426360480927,-0.005683459674977489,3.727861952861953,-0.034100215920619556,-0.06323033821577986,-0.004970093625459249
liberal,Reliability,Within-person,69,3.782356902356902,-0.03533347151511567,-0.0648986555989109,-0.005768287431320438,3.7835016835016835,-0.03460917436719596,-0.06417407460706015,-0.005044274127331768
liberal,Reliability,Within-person,70,3.837979797979798,-0.03585308139033796,-0.06585304759301254,-0.00585311518766338,3.839141414141414,-0.03511813281377237,-0.06511781099834045,-0.005118454629204294
liberal,Reliability,Within-person,71,3.8936026936026935,-0.036372691265560246,-0.06680743958711416,-0.00593794294400633,3.894781144781145,-0.035627091260348784,-0.06606154738962075,-0.0051926351310768205
liberal,Reliability,Within-person,72,3.9492255892255894,-0.03689230114078254,-0.0677618315812158,-0.006022770700349279,3.9504208754208756,-0.036136049706925195,-0.06700528378090104,-0.005266815632949347
liberal,Reliability,Within-person,73,4.004848484848485,-0.03741191101600483,-0.06871622357531743,-0.0061075984566922245,4.006060606060606,-0.03664500815350161,-0.06794902017218134,-0.0053409961348218765
liberal,Reliability,Within-person,74,4.06047138047138,-0.037931520891227116,-0.06967061556941906,-0.006192426213035174,4.061700336700337,-0.037153966600078026,-0.06889275656346164,-0.005415176636694406
liberal,Reliability,Within-person,75,4.116094276094276,-0.038451130766449404,-0.07062500756352069,-0.006277253969378123,4.117340067340067,-0.03766292504665443,-0.06983649295474192,-0.005489357138566929
liberal,Reliability,Within-person,76,4.171717171717171,-0.03897074064167169,-0.07157939955762233,-0.006362081725721065,4.1729797979797985,-0.03817188349323085,-0.07078022934602224,-0.005563537640439459
liberal,Reliability,Within-person,77,4.227340067340068,-0.039490350516893986,-0.07253379155172396,-0.006446909482064014,4.228619528619529,-0.03868084193980725,-0.07172396573730253,-0.0056377181423119815
liberal,Reliability,Within-person,78,4.282962962962963,-0.040009960392116274,-0.07348818354582559,-0.006531737238406964,4.284259259259259,-0.039189800386383665,-0.07266770212858281,-0.005711898644184511
liberal,Reliability,Within-person,79,4.3385858585858585,-0.04052957026733856,-0.07444257553992721,-0.006616564994749913,4.33989898989899,-0.03969875883296008,-0.07361143851986313,-0.005786079146057034
liberal,Reliability,Within-person,80,4.394208754208754,-0.04104918014256085,-0.07539696753402884,-0.006701392751092855,4.39553872053872,-0.04020771727953649,-0.07455517491114341,-0.005860259647929564
liberal,Reliability,Within-person,81,4.4498316498316495,-0.04156879001778314,-0.07635135952813046,-0.006786220507435804,4.451178451178452,-0.0407166757261129,-0.07549891130242371,-0.0059344401498020866
liberal,Reliability,Within-person,82,4.505454545454546,-0.04208839989300543,-0.07730575152223211,-0.0068710482637787534,4.506818181818182,-0.04122563417268931,-0.07644264769370401,-0.006008620651674609
liberal,Reliability,Within-person,83,4.561077441077441,-0.04260800976822772,-0.07826014351633373,-0.006955876020121703,4.562457912457913,-0.04173459261926572,-0.07738638408498431,-0.006082801153547132
liberal,Reliability,Within-person,84,4.616700336700337,-0.04312761964345001,-0.07921453551043536,-0.007040703776464645,4.618097643097643,-0.042243551065842135,-0.07833012047626461,-0.006156981655419662
liberal,Reliability,Within-person,85,4.672323232323232,-0.043647229518672295,-0.080168927504537,-0.007125531532807594,4.6737373737373735,-0.04275250951241854,-0.0792738568675449,-0.006231162157292185
liberal,Reliability,Within-person,86,4.727946127946128,-0.04416683939389458,-0.08112331949863863,-0.007210359289150543,4.729377104377105,-0.04326146795899496,-0.0802175932588252,-0.006305342659164714
liberal,Reliability,Within-person,87,4.783569023569023,-0.04468644926911687,-0.08207771149274026,-0.0072951870454934856,4.785016835016835,-0.04377042640557136,-0.08116132965010549,-0.006379523161037237
liberal,Reliability,Within-person,88,4.8391919191919195,-0.045206059144339165,-0.0830321034868419,-0.007380014801836435,4.840656565656566,-0.04427938485214778,-0.08210506604138579,-0.006453703662909767
liberal,Reliability,Within-person,89,4.894814814814815,-0.04572566901956145,-0.08398649548094353,-0.007464842558179384,4.896296296296296,-0.044788343298724186,-0.08304880243266607,-0.00652788416478229
liberal,Reliability,Within-person,90,4.95043771043771,-0.04624527889478374,-0.08494088747504515,-0.007549670314522333,4.9519360269360275,-0.045297301745300604,-0.08399253882394639,-0.006602064666654819
liberal,Reliability,Within-person,91,5.006060606060606,-0.04676488877000603,-0.08589527946914678,-0.0076344980708652754,5.007575757575758,-0.045806260191877016,-0.08493627521522668,-0.006676245168527349
liberal,Reliability,Within-person,92,5.061683501683501,-0.047284498645228316,-0.0868496714632484,-0.007719325827208225,5.063215488215488,-0.04631521863845342,-0.08588001160650696,-0.006750425670399872
liberal,Reliability,Within-person,93,5.117306397306398,-0.04780410852045062,-0.08780406345735006,-0.007804153583551181,5.118855218855219,-0.04682417708502984,-0.08682374799778728,-0.006824606172272402
liberal,Reliability,Within-person,94,5.172929292929293,-0.048323718395672906,-0.08875845545145168,-0.00788898133989413,5.1744949494949495,-0.047333135531606244,-0.08776748438906756,-0.006898786674144924
liberal,Reliability,Within-person,95,5.228552188552189,-0.048843328270895194,-0.08971284744555331,-0.007973809096237072,5.230134680134681,-0.04784209397818266,-0.08871122078034788,-0.006972967176017454
liberal,Reliability,Within-person,96,5.284175084175084,-0.04936293814611748,-0.09066723943965493,-0.008058636852580021,5.285774410774411,-0.04835105242475907,-0.08965495717162816,-0.007047147677889977
liberal,Reliability,Within-person,97,5.3397979797979795,-0.04988254802133977,-0.09162163143375657,-0.00814346460892297,5.341414141414141,-0.04886001087133548,-0.09059869356290845,-0.007121328179762507
liberal,Reliability,Within-person,98,5.395420875420875,-0.05040215789656206,-0.0925760234278582,-0.008228292365265913,5.397053872053872,-0.04936896931791189,-0.09154242995418875,-0.0071955086816350294
liberal,Reliability,Within-person,99,5.451043771043771,-0.05092176777178435,-0.09353041542195983,-0.008313120121608862,5.452693602693603,-0.0498779277644883,-0.09248616634546905,-0.007269689183507559
liberal,Reliability,Within-person,100,5.506666666666667,-0.05144137764700664,-0.09448480741606147,-0.008397947877951811,5.508333333333334,-0.05038688621106471,-0.09342990273674935,-0.007343869685380075
liberal,Confusability,Between-person,1,18,-3.861628988789908e-4,-0.03797204961517705,0.037199723817419074,18,-3.875512428935889e-4,-0.03796962756308452,0.03719452507729735
liberal,Confusability,Between-person,2,18.767676767676768,-3.7985548853839264e-4,-0.03735183131069533,0.03659212033361854,18.767676767676768,-3.8122115596904286e-4,-0.03734944881930752,0.03658700650736943
liberal,Confusability,Between-person,3,19.535353535353536,-3.7354807819779445e-4,-0.03673161300621361,0.035984516849818016,19.535353535353536,-3.748910690444968e-4,-0.0367292700755305,0.03597948793744151
liberal,Confusability,Between-person,4,20.303030303030305,-3.6724066785719626e-4,-0.036111394701731886,0.03537691336601749,20.303030303030305,-3.685609821199507e-4,-0.036109091331753496,0.03537196936751359
liberal,Confusability,Between-person,5,21.07070707070707,-3.609332575165981e-4,-0.03549117639725016,0.034769309882216964,21.07070707070707,-3.622308951954047e-4,-0.035488912587976484,0.03476445079758568
liberal,Confusability,Between-person,6,21.838383838383837,-3.54625847176e-4,-0.03487095809276844,0.03416170639841644,21.838383838383837,-3.559008082708587e-4,-0.03486873384419948,0.03415693222765776
liberal,Confusability,Between-person,7,22.606060606060606,-3.4831843683540175e-4,-0.03425073978828671,0.033554102914615906,22.606060606060606,-3.495707213463126e-4,-0.03424855510042246,0.03354941365772984
liberal,Confusability,Between-person,8,23.373737373737374,-3.420110264948036e-4,-0.03363052148380499,0.03294649943081539,23.373737373737374,-3.432406344217666e-4,-0.033628376356645465,0.03294189508780193
liberal,Confusability,Between-person,9,24.141414141414142,-3.3570361615420537e-4,-0.03301030317932326,0.032338895947014855,24.141414141414142,-3.369105474972205e-4,-0.033008197612868447,0.032334376517874
liberal,Confusability,Between-person,10,24.909090909090907,-3.293962058136073e-4,-0.032390084874841546,0.031731292463214336,24.909090909090907,-3.305804605726745e-4,-0.03238801886909144,0.031726857947946094
liberal,Confusability,Between-person,11,25.676767676767675,-3.230887954730091e-4,-0.03176986657035982,0.031123688979413807,25.676767676767675,-3.2425037364812844e-4,-0.03176784012531444,0.03111933937801818
liberal,Confusability,Between-person,12,26.444444444444443,-3.167813851324109e-4,-0.031149648265878103,0.03051608549561328,26.444444444444443,-3.179202867235824e-4,-0.031147661381537423,0.03051182080809026
liberal,Confusability,Between-person,13,27.21212121212121,-3.104739747918127e-4,-0.03052942996139638,0.029908482011812756,27.21212121212121,-3.1159019979903635e-4,-0.030527482637760412,0.02990430223816234
liberal,Confusability,Between-person,14,27.97979797979798,-3.0416656445121453e-4,-0.029909211656914656,0.02930087852801223,27.97979797979798,-3.052601128744903e-4,-0.029907303893983404,0.029296783668234426
liberal,Confusability,Between-person,15,28.747474747474747,-2.978591541106164e-4,-0.029288993352432933,0.028693275044211698,28.747474747474747,-2.989300259499442e-4,-0.029287125150206393,0.028689265098306507
liberal,Confusability,Between-person,16,29.515151515151516,-2.915517437700182e-4,-0.02866877504795121,0.028085671560411172,29.515151515151516,-2.925999390253982e-4,-0.028666946406429382,0.02808174652837859
liberal,Confusability,Between-person,17,30.282828282828284,-2.8524433342942e-4,-0.028048556743469486,0.027478068076610646,30.282828282828284,-2.8626985210085214e-4,-0.028046767662652378,0.02747422795845067
liberal,Confusability,Between-person,18,31.050505050505052,-2.789369230888218e-4,-0.027428338438987763,0.02687046459281012,31.050505050505052,-2.799397651763061e-4,-0.027426588918875366,0.02686670938852275
liberal,Confusability,Between-person,19,31.818181818181817,-2.7262951274822374e-4,-0.026808120134506043,0.0262628611090096,31.818181818181817,-2.736096782517601e-4,-0.026806410175098362,0.02625919081859484
liberal,Confusability,Between-person,20,32.58585858585859,-2.663221024076255e-4,-0.02618790183002432,0.025655257625209066,32.58585858585859,-2.67279591327214e-4,-0.026186231431321347,0.025651672248666917
liberal,Confusability,Between-person,21,33.35353535353535,-2.6001469206702736e-4,-0.0255676835255426,0.025047654141408544,33.35353535353535,-2.60949504402668e-4,-0.025566052687544343,0.025044153678739006
liberal,Confusability,Between-person,22,34.121212121212125,-2.537072817264291e-4,-0.02494746522106087,0.02444005065760801,34.121212121212125,-2.546194174781219e-4,-0.02494587394376733,0.024436635108811083
liberal,Confusability,Between-person,23,34.888888888888886,-2.4739987138583104e-4,-0.024327246916579153,0.023832447173807492,34.888888888888886,-2.482893305535759e-4,-0.024325695199990324,0.02382911653888317
liberal,Confusability,Between-person,24,35.656565656565654,-2.4109246104523285e-4,-0.02370702861209743,0.023224843690006967,35.656565656565654,-2.4195924362902985e-4,-0.023705516456213313,0.023221597968955253
liberal,Confusability,Between-person,25,36.42424242424242,-2.3478505070463466e-4,-0.02308681030761571,0.022617240206206438,36.42424242424242,-2.3562915670448378e-4,-0.023085337712436305,0.022614079399027338
liberal,Confusability,Between-person,26,37.19191919191919,-2.2847764036403647e-4,-0.022466592003133987,0.022009636722405912,37.19191919191919,-2.2929906977993774e-4,-0.022465158968659294,0.02200656082909942
liberal,Confusability,Between-person,27,37.95959595959596,-2.221702300234383e-4,-0.02184637369865226,0.021402033238605383,37.95959595959596,-2.229689828553917e-4,-0.021844980224882286,0.021399042259171504
liberal,Confusability,Between-person,28,38.72727272727273,-2.1586281968284012e-4,-0.021226155394170537,0.020794429754804857,38.72727272727273,-2.1663889593084563e-4,-0.021224801481105275,0.020791523689243585
liberal,Confusability,Between-person,29,39.494949494949495,-2.0955540934224196e-4,-0.020605937089688813,0.02018682627100433,39.494949494949495,-2.103088090062996e-4,-0.020604622737328264,0.020184005119315666
liberal,Confusability,Between-person,30,40.262626262626256,-2.0324799900164382e-4,-0.0199857187852071,0.01957922278720381,40.262626262626256,-2.039787220817536e-4,-0.01998444399355126,0.019576486549387755
liberal,Confusability,Between-person,31,41.03030303030303,-1.969405886610456e-4,-0.01936550048072537,0.018971619303403277,41.03030303030303,-1.9764863515720748e-4,-0.019364265249774245,0.018968967979459832
liberal,Confusability,Between-person,32,41.79797979797979,-1.9063317832044747e-4,-0.01874528217624365,0.018364015819602755,41.79797979797979,-1.913185482326615e-4,-0.01874408650599724,0.01836144940953192
liberal,Confusability,Between-person,33,42.56565656565657,-1.8432576797984925e-4,-0.018125063871761923,0.017756412335802225,42.56565656565657,-1.8498846130811538e-4,-0.018123907762220226,0.017753930839604
liberal,Confusability,Between-person,34,43.33333333333333,-1.7801835763925112e-4,-0.017504845567280203,0.017148808852001703,43.33333333333333,-1.786583743835694e-4,-0.017503729018443225,0.017146412269676083
liberal,Confusability,Between-person,35,44.101010101010104,-1.7171094729865287e-4,-0.016884627262798473,0.01654120536820117,44.101010101010104,-1.723282874590233e-4,-0.01688355027466621,0.01653889369974816
liberal,Confusability,Between-person,36,44.868686868686865,-1.6540353695805476e-4,-0.01626440895831676,0.01593360188440065,44.868686868686865,-1.6599820053447728e-4,-0.016263371530889206,0.01593137512982025
liberal,Confusability,Between-person,37,45.63636363636363,-1.5909612661745657e-4,-0.015644190653835034,0.015325998400600121,45.63636363636363,-1.5966811360993124e-4,-0.015643192787112195,0.015323856559892332
liberal,Confusability,Between-person,38,46.4040404040404,-1.527887162768584e-4,-0.015023972349353312,0.014718394916799596,46.4040404040404,-1.533380266853852e-4,-0.015023014043335186,0.014716337989964414
liberal,Confusability,Between-person,39,47.17171717171717,-1.4648130593626022e-4,-0.01440375404487159,0.014110791432999068,47.17171717171717,-1.4700793976083913e-4,-0.014402835299558176,0.014108819420036497
liberal,Confusability,Between-person,40,47.93939393939394,-1.4017389559566206e-4,-0.013783535740389865,0.01350318794919854,47.93939393939394,-1.406778528362931e-4,-0.013782656555781167,0.01350130085010858
liberal,Confusability,Between-person,41,48.707070707070706,-1.3386648525506387e-4,-0.013163317435908142,0.012895584465398015,48.707070707070706,-1.3434776591174702e-4,-0.013162477812004157,0.012893782280180663
liberal,Confusability,Between-person,42,49.474747474747474,-1.275590749144657e-4,-0.01254309913142642,0.012287980981597488,49.474747474747474,-1.2801767898720098e-4,-0.012542299068227148,0.012286263710252746
liberal,Confusability,Between-person,43,50.24242424242424,-1.2125166457386752e-4,-0.011922880826944697,0.011680377497796962,50.24242424242424,-1.2168759206265493e-4,-0.011922120324450136,0.011678745140324827
liberal,Confusability,Between-person,44,51.01010101010101,-1.1494425423326934e-4,-0.011302662522462972,0.011072774013996435,51.01010101010101,-1.1535750513810889e-4,-0.011301941580673127,0.01107122657039691
liberal,Confusability,Between-person,45,51.77777777777778,-1.0863684389267116e-4,-0.01068244421798125,0.010465170530195907,51.77777777777778,-1.0902741821356283e-4,-0.010681762836896118,0.010463708000468993
liberal,Confusability,Between-person,46,52.54545454545454,-1.0232943355207304e-4,-0.010062225913499532,0.009857567046395387,52.54545454545454,-1.0269733128901683e-4,-0.010061584093119115,0.00985618943054108
liberal,Confusability,Between-person,47,53.31313131313131,-9.602202321147487e-5,-0.00944200760901781,0.00924996356259486,53.31313131313131,-9.636724436447079e-5,-0.009441405349342106,0.009248670860613163
liberal,Confusability,Between-person,48,54.080808080808076,-8.971461287087669e-5,-0.008821789304536087,0.008642360078794334,54.080808080808076,-9.003715743992474e-5,-0.008821226605565096,0.008641152290685246
liberal,Confusability,Between-person,49,54.848484848484844,-8.340720253027851e-5,-0.008201571000054362,0.008034756594993806,54.848484848484844,-8.370707051537868e-5,-0.008201047861788085,0.008033633720757327
liberal,Confusability,Between-person,50,55.61616161616161,-7.709979218968034e-5,-0.00758135269557264,0.00742715311119328,55.61616161616161,-7.737698359083263e-5,-0.007580869118011076,0.007426115150829411
liberal,Confusability,Between-person,51,56.38383838383838,-7.079238184908216e-5,-0.0069611343910909165,0.006819549627392753,56.38383838383838,-7.104689666628659e-5,-0.006960690374234066,0.006818596580901493
liberal,Confusability,Between-person,52,57.15151515151515,-6.448497150848399e-5,-0.006340916086609194,0.006211946143592226,57.15151515151515,-6.471680974174053e-5,-0.006340511630457057,0.0062110780109735754
liberal,Confusability,Between-person,53,57.91919191919192,-5.81775611678858e-5,-0.005720697782127471,0.005604342659791699,57.91919191919192,-5.838672281719448e-5,-0.005720332886680047,0.005603559441045658
liberal,Confusability,Between-person,54,58.686868686868685,-5.187015082728763e-5,-0.005100479477645748,0.004996739175991172,58.686868686868685,-5.205663589264843e-5,-0.0051001541429030375,0.004996040871117741
liberal,Confusability,Between-person,55,59.45454545454545,-4.556274048668945e-5,-0.004480261173164024,0.004389135692190646,59.45454545454545,-4.5726548968102376e-5,-0.004479975399126028,0.004388522301189824
liberal,Confusability,Between-person,56,60.22222222222222,-3.925533014609127e-5,-0.003860042868682301,0.0037815322083901187,60.22222222222222,-3.939646204355632e-5,-0.0038597966553490185,0.003781003731261906
liberal,Confusability,Between-person,57,60.98989898989899,-3.294791980549309e-5,-0.0032398245642005783,0.003173928724589592,60.98989898989899,-3.3066375119010274e-5,-0.0032396179115720086,0.0031734851613339885
liberal,Confusability,Between-person,58,61.75757575757576,-2.6640509464894915e-5,-0.002619606259718855,0.0025663252407890653,61.75757575757576,-2.6736288194464223e-5,-0.002619439167794999,0.0025659665914060706
liberal,Confusability,Between-person,59,62.52525252525252,-2.0333099124296797e-5,-0.0019993879552371377,0.001958721756988544,62.52525252525252,-2.040620126991823e-5,-0.0019992604240179953,0.0019584480214781584
liberal,Confusability,Between-person,60,63.29292929292929,-1.4025688783698619e-5,-0.0013791696507554146,0.0013511182731880172,63.29292929292929,-1.4076114345372179e-5,-0.0013790816802409856,0.0013509294515502413
liberal,Confusability,Between-person,61,64.06060606060606,-7.718278443100382e-6,-7.589513462736856e-4,7.435147893874849e-4,64.06060606060606,-7.746027420826069e-6,-7.589029364639704e-4,7.434108816223183e-4
liberal,Confusability,Between-person,62,64.82828282828282,-1.410868102502263e-6,-1.3873304179196823e-4,1.359113055869637e-4,64.82828282828282,-1.415940496280077e-6,-1.3872419268696654e-4,1.3589231169440638e-4
liberal,Confusability,Between-person,63,65,0,0,0,65,0,0,0
liberal,Confusability,Between-person,64,65.59595959595958,4.896542238095856e-6,-4.716921782135575e-4,4.8148526268974916e-4,65.59595959595958,4.914146428265915e-6,-4.716262582335055e-4,4.814545510900373e-4
liberal,Confusability,Between-person,65,66.36363636363636,1.1203952578694092e-5,-0.00107929566201409,0.001101703567171478,66.36363636363636,1.1244233352812025e-5,-0.0010791448281614287,0.0011016332948670527
liberal,Confusability,Between-person,66,67.13131313131314,1.7511362919292328e-5,-0.0016868991458146223,0.0017219218716532068,67.13131313131314,1.7574320277358133e-5,-0.0016866633980893518,0.0017218120386440678
liberal,Confusability,Between-person,67,67.8989898989899,2.3818773259890446e-5,-0.002294502629615144,0.0023421401761349243,67.8989898989899,2.3904407201904127e-5,-0.0022941819680172637,0.002341990782421072
liberal,Confusability,Between-person,68,68.66666666666666,3.0126183600488568e-5,-0.0029021061134156647,0.002962358480616642,68.66666666666666,3.023449412645012e-5,-0.0029017005379451755,0.0029621695261980753
liberal,Confusability,Between-person,69,69.43434343434343,3.6433593941086805e-5,-0.0035097095972161972,0.0035825767850983705,69.43434343434343,3.656458105099623e-5,-0.0035092191078730985,0.003582348269975091
liberal,Confusability,Between-person,70,70.20202020202021,4.2741004281685036e-5,-0.00411731308101673,0.0042027950895801,70.20202020202021,4.289466797554234e-5,-0.004116737677801022,0.004202527013752106
liberal,Confusability,Between-person,71,70.96969696969697,4.904841462228316e-5,-0.004724916564817251,0.004823013394061817,70.96969696969697,4.922475490008833e-5,-0.004724256247728933,0.00482270575752911
liberal,Confusability,Between-person,72,71.73737373737373,5.535582496288128e-5,-0.0053325200486177724,0.005443231698543534,71.73737373737373,5.5554841824634324e-5,-0.005331774817656845,0.005442884501306114
liberal,Confusability,Between-person,73,72.50505050505049,6.16632353034794e-5,-0.005940123532418293,0.0060634500030252525,72.50505050505049,6.188492874918031e-5,-0.005939293387584758,0.0060630632450831175
liberal,Confusability,Between-person,74,73.27272727272727,6.797064564407763e-5,-0.0065477270162188255,0.006683668307506981,73.27272727272727,6.821501567372643e-5,-0.006546811957512681,0.006683241988860133
liberal,Confusability,Between-person,75,74.04040404040404,7.427805598467586e-5,-0.007155330500019358,0.00730388661198871,74.04040404040404,7.454510259827254e-5,-0.007154330527440604,0.007303420732637149
liberal,Confusability,Between-person,76,74.8080808080808,8.058546632527398e-5,-0.0077629339838198785,0.007924104916470427,74.8080808080808,8.087518952281853e-5,-0.0077618490973685155,0.007923599476414153
liberal,Confusability,Between-person,77,75.57575757575756,8.68928766658721e-5,-0.0083705374676204,0.008544323220952143,75.57575757575756,8.720527644736453e-5,-0.008369367667296427,0.008543778220191157
liberal,Confusability,Between-person,78,76.34343434343434,9.320028700647034e-5,-0.008978140951420932,0.0091645415254338735,76.34343434343434,9.353536337191064e-5,-0.00897688623722435,0.009163956963968172
liberal,Confusability,Between-person,79,77.11111111111111,9.950769734706858e-5,-0.009585744435221463,0.009784759829915602,77.11111111111111,9.986545029645675e-5,-0.009584404807152273,0.009784135707745188
liberal,Confusability,Between-person,80,77.87878787878788,1.058151076876667e-4,-0.010193347919021985,0.010404978134397318,77.87878787878788,1.0619553722100273e-4,-0.010191923377080187,0.01040431445152219
liberal,Confusability,Between-person,81,78.64646464646464,1.1212251802826481e-4,-0.010800951402822506,0.011025196438879037,78.64646464646464,1.1252562414554873e-4,-0.010799441947008099,0.011024493195299195
liberal,Confusability,Between-person,82,79.41414141414141,1.1842992836886305e-4,-0.01140855488662304,0.011645414743360765,79.41414141414141,1.1885571107009484e-4,-0.01140696051693602,0.01164467193907621
liberal,Confusability,Between-person,83,80.18181818181819,1.2473733870946128e-4,-0.012016158370423573,0.012265633047842495,80.18181818181819,1.2518579799464095e-4,-0.012014479086863943,0.012264850682853224
liberal,Confusability,Between-person,84,80.94949494949495,1.3104474905005942e-4,-0.012623761854224093,0.012885851352324213,80.94949494949495,1.3151588491918694e-4,-0.012621997656791855,0.012885029426630229
liberal,Confusability,Between-person,85,81.71717171717171,1.3735215939065753e-4,-0.013231365338024615,0.01350606965680593,81.71717171717171,1.3784597184373292e-4,-0.013229516226719766,0.013505208170407233
liberal,Confusability,Between-person,86,82.48484848484848,1.4365956973125577e-4,-0.013838968821825146,0.014126287961287658,82.48484848484848,1.4417605876827904e-4,-0.01383703479664769,0.01412538691418425
liberal,Confusability,Between-person,87,83.25252525252525,1.4996698007185388e-4,-0.014446572305625668,0.014746506265769375,83.25252525252525,1.5050614569282503e-4,-0.014444553366575602,0.014745565657961254
liberal,Confusability,Between-person,88,84.02020202020202,1.5627439041245212e-4,-0.015054175789426201,0.015366724570251105,84.02020202020202,1.5683623261737115e-4,-0.015052071936503524,0.015365744401738268
liberal,Confusability,Between-person,89,84.78787878787878,1.6258180075305023e-4,-0.015661779273226723,0.01598694287473282,84.78787878787878,1.6316631954191714e-4,-0.01565959050643144,0.015985923145515273
liberal,Confusability,Between-person,90,85.55555555555556,1.6888921109364848e-4,-0.016269382757027256,0.01660716117921455,85.55555555555556,1.6949640646646323e-4,-0.01626710907635936,0.016606101889292287
liberal,Confusability,Between-person,91,86.32323232323232,1.7519662143424659e-4,-0.016876986240827774,0.017227379483696268,86.32323232323232,1.7582649339100925e-4,-0.016874627646287273,0.01722628063306929
liberal,Confusability,Between-person,92,87.09090909090908,1.8150403177484472e-4,-0.017484589724628297,0.017847597788177988,87.09090909090908,1.8215658031555524e-4,-0.017482146216215185,0.017846459376846296
liberal,Confusability,Between-person,93,87.85858585858585,1.8781144211544294e-4,-0.018092193208428826,0.018467816092659715,87.85858585858585,1.8848666724010133e-4,-0.018089664786143107,0.01846663812062331
liberal,Confusability,Between-person,94,88.62626262626262,1.9411885245604107e-4,-0.01869979669222935,0.01908803439714143,88.62626262626262,1.9481675416464734e-4,-0.01869718335607102,0.019086816864400315
liberal,Confusability,Between-person,95,89.39393939393939,2.004262627966393e-4,-0.019307400176029884,0.01970825270162316,89.39393939393939,2.0114684108919344e-4,-0.01930470192599894,0.01970699560817733
liberal,Confusability,Between-person,96,90.16161616161615,2.0673367313723743e-4,-0.019915003659830403,0.020328471006104878,90.16161616161615,2.0747692801373943e-4,-0.019912220495926853,0.020327174351954334
liberal,Confusability,Between-person,97,90.92929292929293,2.1304108347783567e-4,-0.020522607143630935,0.020948689310586608,90.92929292929293,2.1380701493828555e-4,-0.020519739065854775,0.02094735309573135
liberal,Confusability,Between-person,98,91.69696969696969,2.1934849381843378e-4,-0.021130210627431454,0.021568907615068324,91.69696969696969,2.2013710186283153e-4,-0.021127257635782687,0.021567531839508353
liberal,Confusability,Between-person,99,92.46464646464646,2.2565590415903202e-4,-0.02173781411123199,0.02218912591955005,92.46464646464646,2.2646718878737766e-4,-0.02173477620571061,0.022187710583285367
liberal,Confusability,Between-person,100,93.23232323232322,2.3196331449963013e-4,-0.022345417595032512,0.02280934422403177,93.23232323232322,2.3279727571192364e-4,-0.022342294775638524,0.022807889327062368
liberal,Confusability,Between-person,101,94,2.3827072484022837e-4,-0.02295302107883304,0.023429562528513498,94,2.3912736263646974e-4,-0.02294981334556645,0.023428068070839386
liberal,Confusability,Within-person,1,0,0,0,0,0,0,0,0
liberal,Confusability,Within-person,2,0.05562289562289562,8.749379716917921e-6,-6.228488463781648e-4,6.403476058120006e-4,0.05563973063973064,8.580213727204552e-6,-6.224749776869813e-4,6.396354051413904e-4
liberal,Confusability,Within-person,3,0.11124579124579125,1.7498759433835843e-5,-0.0012456976927563296,0.0012806952116240012,0.11127946127946128,1.7160427454409103e-5,-0.0012449499553739626,0.0012792708102827809
liberal,Confusability,Within-person,4,0.16686868686868686,2.6248139150753762e-5,-0.001868546539134494,0.0019210428174360017,0.1669191919191919,2.5740641181613653e-5,-0.001867424933060944,0.0019189062154241713
liberal,Confusability,Within-person,5,0.2224915824915825,3.4997518867671685e-5,-0.002491395385512659,0.0025613904232480024,0.22255892255892257,3.4320854908818207e-5,-0.0024898999107479253,0.0025585416205655617
liberal,Confusability,Within-person,6,0.2781144781144781,4.37468985845896e-5,-0.0031142442318908238,0.0032017380290600026,0.2781986531986532,4.2901068636022756e-5,-0.003112374888434907,0.0031981770257069526
liberal,Confusability,Within-person,7,0.3337373737373737,5.2496278301507524e-5,-0.003737093078268988,0.0038420856348720034,0.3338383838383838,5.1481282363227306e-5,-0.003734849866121888,0.0038378124308483426
liberal,Confusability,Within-person,8,0.38936026936026935,6.124565801842545e-5,-0.004359941924647154,0.004482433240684004,0.3894781144781145,6.0061496090431856e-5,-0.004357324843808869,0.004477447835989733
liberal,Confusability,Within-person,9,0.444983164983165,6.999503773534337e-5,-0.004982790771025318,0.005122780846496005,0.44511784511784513,6.864170981763641e-5,-0.0049797998214958505,0.0051170832411311234
liberal,Confusability,Within-person,10,0.5006060606060606,7.87444174522613e-5,-0.0056056396174034824,0.0057631284523080055,0.5007575757575757,7.722192354484096e-5,-0.005602274799182832,0.005756718646272514
liberal,Confusability,Within-person,11,0.5562289562289562,8.74937971691792e-5,-0.0062284884637816475,0.006403476058120005,0.5563973063973064,8.580213727204551e-5,-0.006224749776869814,0.006396354051413905
liberal,Confusability,Within-person,12,0.6118518518518519,9.624317688609714e-5,-0.006851337310159813,0.007043823663932007,0.612037037037037,9.438235099925006e-5,-0.0068472247545567945,0.007035989456555295
liberal,Confusability,Within-person,13,0.6674747474747474,1.0499255660301505e-4,-0.007474186156537976,0.007684171269744007,0.6676767676767676,1.0296256472645461e-4,-0.007469699732243776,0.007675624861696685
liberal,Confusability,Within-person,14,0.7230976430976431,1.1374193631993299e-4,-0.008097035002916142,0.00832451887555601,0.7233164983164984,1.1154277845365917e-4,-0.008092174709930759,0.008315260266838076
liberal,Confusability,Within-person,15,0.7787205387205387,1.224913160368509e-4,-0.008719883849294308,0.008964866481368008,0.778956228956229,1.2012299218086371e-4,-0.008714649687617738,0.008954895671979466
liberal,Confusability,Within-person,16,0.8343434343434344,1.3124069575376883e-4,-0.009342732695672472,0.009605214087180009,0.8345959595959597,1.2870320590806827e-4,-0.009337124665304722,0.009594531077120856
liberal,Confusability,Within-person,17,0.88996632996633,1.3999007547068674e-4,-0.009965581542050636,0.01024556169299201,0.8902356902356903,1.3728341963527283e-4,-0.009959599642991701,0.010234166482262247
liberal,Confusability,Within-person,18,0.9455892255892255,1.4873945518760465e-4,-0.0105884303884288,0.01088590929880401,0.9458754208754209,1.4586363336247736e-4,-0.010582074620678684,0.010873801887403637
liberal,Confusability,Within-person,19,1.0012121212121212,1.574888349045226e-4,-0.011211279234806965,0.011526256904616011,1.0015151515151515,1.544438470896819e-4,-0.011204549598365664,0.011513437292545028
liberal,Confusability,Within-person,20,1.056835016835017,1.6623821462144052e-4,-0.01183412808118513,0.012166604510428013,1.0571548821548822,1.6302406081688647e-4,-0.011827024576052647,0.012153072697686418
liberal,Confusability,Within-person,21,1.1124579124579124,1.749875943383584e-4,-0.012456976927563295,0.01280695211624001,1.112794612794613,1.7160427454409103e-4,-0.012449499553739628,0.01279270810282781
liberal,Confusability,Within-person,22,1.168080808080808,1.8373697405527634e-4,-0.01307982577394146,0.013447299722052011,1.1684343434343434,1.8018448827129556e-4,-0.013071974531426608,0.013432343507969197
liberal,Confusability,Within-person,23,1.2237037037037037,1.9248635377219428e-4,-0.013702674620319625,0.014087647327864014,1.224074074074074,1.887647019985001e-4,-0.013694449509113589,0.01407197891311059
liberal,Confusability,Within-person,24,1.2793265993265994,2.0123573348911221e-4,-0.01432552346669779,0.014727994933676014,1.2797138047138048,1.973449157257047e-4,-0.014316924486800572,0.01471161431825198
liberal,Confusability,Within-person,25,1.3349494949494949,2.099851132060301e-4,-0.014948372313075952,0.015368342539488013,1.3353535353535353,2.0592512945290923e-4,-0.014939399464487552,0.01535124972339337
liberal,Confusability,Within-person,26,1.3905723905723906,2.1873449292294803e-4,-0.01557122115945412,0.016008690145300014,1.390993265993266,2.1450534318011378e-4,-0.015561874442174533,0.01599088512853476
liberal,Confusability,Within-person,27,1.4461952861952863,2.2748387263986597e-4,-0.016194070005832284,0.01664903775111202,1.4466329966329967,2.2308555690731834e-4,-0.016184349419861518,0.01663052053367615
liberal,Confusability,Within-person,28,1.5018181818181817,2.3623325235678385e-4,-0.016816918852210448,0.017289385356924016,1.5022727272727274,2.316657706345229e-4,-0.016806824397548496,0.017270155938817543
liberal,Confusability,Within-person,29,1.5574410774410774,2.449826320737018e-4,-0.017439767698588616,0.017929732962736016,1.557912457912458,2.4024598436172743e-4,-0.017429299375235477,0.017909791343958932
liberal,Confusability,Within-person,30,1.613063973063973,2.5373201179061975e-4,-0.018062616544966777,0.018570080568548017,1.6135521885521886,2.48826198088932e-4,-0.01805177435292246,0.018549426749100324
liberal,Confusability,Within-person,31,1.6686868686868688,2.6248139150753766e-4,-0.018685465391344944,0.019210428174360018,1.6691919191919193,2.5740641181613654e-4,-0.018674249330609443,0.019189062154241713
liberal,Confusability,Within-person,32,1.7243097643097642,2.7123077122445557e-4,-0.019308314237723105,0.01985077578017202,1.7248316498316498,2.659866255433411e-4,-0.01929672430829642,0.019828697559383105
liberal,Confusability,Within-person,33,1.77993265993266,2.799801509413735e-4,-0.019931163084101273,0.02049112338598402,1.7804713804713805,2.7456683927054565e-4,-0.019919199285983402,0.020468332964524494
liberal,Confusability,Within-person,34,1.8355555555555556,2.887295306582914e-4,-0.020554011930479437,0.021131470991796023,1.8361111111111112,2.831470529977502e-4,-0.020541674263670387,0.021107968369665886
liberal,Confusability,Within-person,35,1.891178451178451,2.974789103752093e-4,-0.0211768607768576,0.02177181859760802,1.8917508417508417,2.917272667249547e-4,-0.02116414924135737,0.021747603774807275
liberal,Confusability,Within-person,36,1.9468013468013468,3.0622829009212726e-4,-0.021799709623235766,0.022412166203420018,1.9473905723905724,3.003074804521593e-4,-0.021786624219044346,0.022387239179948667
liberal,Confusability,Within-person,37,2.0024242424242424,3.149776698090452e-4,-0.02242255846961393,0.023052513809232022,2.003030303030303,3.088876941793638e-4,-0.022409099196731327,0.023026874585090056
liberal,Confusability,Within-person,38,2.058047138047138,3.237270495259631e-4,-0.023045407315992094,0.02369286141504402,2.0586700336700336,3.174679079065684e-4,-0.02303157417441831,0.023666509990231444
liberal,Confusability,Within-person,39,2.113670033670034,3.3247642924288105e-4,-0.02366825616237026,0.024333209020856027,2.1143097643097644,3.2604812163377294e-4,-0.023654049152105294,0.024306145395372836
liberal,Confusability,Within-person,40,2.1692929292929293,3.4122580895979896e-4,-0.024291105008748426,0.024973556626668024,2.169949494949495,3.346283353609775e-4,-0.02427652412979227,0.02494578080051423
liberal,Confusability,Within-person,41,2.2249158249158247,3.499751886767168e-4,-0.02491395385512659,0.02561390423248002,2.225589225589226,3.4320854908818205e-4,-0.024898999107479256,0.02558541620565562
liberal,Confusability,Within-person,42,2.2805387205387206,3.587245683936348e-4,-0.025536802701504754,0.026254251838292025,2.2812289562289565,3.517887628153866e-4,-0.025521474085166237,0.02622505161079701
liberal,Confusability,Within-person,43,2.336161616161616,3.674739481105527e-4,-0.02615965154788292,0.026894599444104023,2.3368686868686868,3.603689765425911e-4,-0.026143949062853215,0.026864687015938395
liberal,Confusability,Within-person,44,2.3917845117845116,3.762233278274706e-4,-0.02678250039426108,0.027534947049916023,2.3925084175084175,3.6894919026979567e-4,-0.026766424040540197,0.02750432242107979
liberal,Confusability,Within-person,45,2.4474074074074075,3.8497270754438856e-4,-0.02740534924063925,0.028175294655728027,2.448148148148148,3.775294039970002e-4,-0.027388899018227178,0.02814395782622118
liberal,Confusability,Within-person,46,2.503030303030303,3.9372208726130647e-4,-0.028028198087017415,0.028815642261540025,2.503787878787879,3.8610961772420484e-4,-0.028011373995914163,0.02878359323136257
liberal,Confusability,Within-person,47,2.558653198653199,4.0247146697822443e-4,-0.02865104693339558,0.02945598986735203,2.5594276094276096,3.946898314514094e-4,-0.028633848973601144,0.02942322863650396
liberal,Confusability,Within-person,48,2.6142760942760943,4.1122084669514234e-4,-0.029273895779773743,0.030096337473164026,2.6150673400673403,4.0327004517861395e-4,-0.029256323951288125,0.030062864041645355
liberal,Confusability,Within-person,49,2.6698989898989898,4.199702264120602e-4,-0.029896744626151904,0.030736685078976027,2.6707070707070706,4.1185025890581845e-4,-0.029878798928975103,0.03070249944678674
liberal,Confusability,Within-person,50,2.7255218855218857,4.2871960612897816e-4,-0.030519593472530075,0.03137703268478803,2.7263468013468013,4.20430472633023e-4,-0.030501273906662085,0.03134213485192813
liberal,Confusability,Within-person,51,2.781144781144781,4.3746898584589607e-4,-0.03114244231890824,0.03201738029060003,2.781986531986532,4.2901068636022756e-4,-0.031123748884349066,0.03198177025706952
liberal,Confusability,Within-person,52,2.8367676767676766,4.46218365562814e-4,-0.0317652911652864,0.032657727896412025,2.8376262626262627,4.375909000874321e-4,-0.03174622386203605,0.03262140566221091
liberal,Confusability,Within-person,53,2.8923905723905725,4.5496774527973194e-4,-0.03238814001166457,0.03329807550222404,2.8932659932659934,4.461711138146367e-4,-0.032368698839723035,0.0332610410673523
liberal,Confusability,Within-person,54,2.948013468013468,4.6371712499664985e-4,-0.03301098885804273,0.03393842310803603,2.948905723905724,0.00045475132754184123,-0.03299117381741001,0.0339006764724937
liberal,Confusability,Within-person,55,3.0036363636363634,4.724665047135677e-4,-0.033633837704420896,0.03457877071384803,3.004545454545455,4.633315412690458e-4,-0.03361364879509699,0.03454031187763509
liberal,Confusability,Within-person,56,3.0592592592592593,4.8121588443048567e-4,-0.03425668655079906,0.035219118319660035,3.060185185185185,4.719117549962503e-4,-0.03423612377278397,0.03517994728277647
liberal,Confusability,Within-person,57,3.114882154882155,4.899652641474036e-4,-0.03487953539717723,0.03585946592547203,3.115824915824916,4.8049196872345485e-4,-0.034858598750470954,0.035819582687917864
liberal,Confusability,Within-person,58,3.1705050505050503,4.987146438643215e-4,-0.03550238424355539,0.03649981353128403,3.1714646464646465,4.890721824506594e-4,-0.03548107372815794,0.036459218093059256
liberal,Confusability,Within-person,59,3.226127946127946,5.074640235812395e-4,-0.03612523308993355,0.037140161137096034,3.2271043771043773,4.97652396177864e-4,-0.03610354870584492,0.03709885349820065
liberal,Confusability,Within-person,60,3.2817508417508416,5.162134032981573e-4,-0.03674808193631172,0.03778050874290804,3.282744107744108,5.062326099050685e-4,-0.0367260236835319,0.037738488903342034
liberal,Confusability,Within-person,61,3.3373737373737375,5.249627830150753e-4,-0.03737093078268989,0.038420856348720035,3.3383838383838387,5.148128236322731e-4,-0.037348498661218886,0.038378124308483426
liberal,Confusability,Within-person,62,3.392996632996633,5.337121627319932e-4,-0.03799377962906805,0.03906120395453204,3.394023569023569,5.233930373594776e-4,-0.03797097363890586,0.03901775971362482
liberal,Confusability,Within-person,63,3.4486195286195285,5.424615424489111e-4,-0.03861662847544621,0.03970155156034404,3.4496632996632997,5.319732510866822e-4,-0.03859344861659284,0.03965739511876621
liberal,Confusability,Within-person,64,3.5042424242424244,5.51210922165829e-4,-0.03923947732182438,0.040341899166156034,3.5053030303030304,5.405534648138867e-4,-0.039215923594279826,0.0402970305239076
liberal,Confusability,Within-person,65,3.55986531986532,5.59960301882747e-4,-0.039862326168202546,0.04098224677196804,3.560942760942761,5.491336785410913e-4,-0.039838398571966804,0.04093666592904899
liberal,Confusability,Within-person,66,3.6154882154882153,5.687096815996649e-4,-0.0404851750145807,0.041622594377780035,3.616582491582492,5.577138922682959e-4,-0.04046087354965379,0.04157630133419038
liberal,Confusability,Within-person,67,3.671111111111111,5.774590613165828e-4,-0.041108023860958874,0.042262941983592046,3.6722222222222225,5.662941059955004e-4,-0.041083348527340774,0.04221593673933177
liberal,Confusability,Within-person,68,3.7267340067340067,5.862084410335007e-4,-0.04173087270733704,0.04290328958940404,3.727861952861953,5.74874319722705e-4,-0.04170582350502775,0.04285557214447316
liberal,Confusability,Within-person,69,3.782356902356902,5.949578207504186e-4,-0.0423537215537152,0.04354363719521604,3.7835016835016835,5.834545334499094e-4,-0.04232829848271474,0.04349520754961455
liberal,Confusability,Within-person,70,3.837979797979798,6.037072004673366e-4,-0.04297657040009337,0.044183984801028045,3.839141414141414,5.92034747177114e-4,-0.04295077346040171,0.04413484295475594
liberal,Confusability,Within-person,71,3.8936026936026935,6.124565801842545e-4,-0.04359941924647153,0.044824332406840035,3.894781144781145,6.006149609043186e-4,-0.04357324843808869,0.044774478359897334
liberal,Confusability,Within-person,72,3.9492255892255894,6.212059599011724e-4,-0.0442222680928497,0.045464680012652046,3.9504208754208756,6.091951746315232e-4,-0.04419572341577568,0.045414113765038726
liberal,Confusability,Within-person,73,4.004848484848485,6.299553396180903e-4,-0.04484511693922786,0.046105027618464044,4.006060606060606,0.00061777538835872765,-0.044818198393462655,0.04605374917018011
liberal,Confusability,Within-person,74,4.06047138047138,6.387047193350083e-4,-0.04546796578560603,0.04674537522427604,4.061700336700337,6.263556020859323e-4,-0.04544067337114964,0.0466933845753215
liberal,Confusability,Within-person,75,4.116094276094276,6.474540990519262e-4,-0.04609081463198419,0.04738572283008804,4.117340067340067,6.349358158131368e-4,-0.04606314834883662,0.04733301998046289
liberal,Confusability,Within-person,76,4.171717171717171,6.562034787688441e-4,-0.04671366347836235,0.04802607043590004,4.1729797979797985,6.435160295403414e-4,-0.04668562332652361,0.04797265538560429
liberal,Confusability,Within-person,77,4.227340067340068,6.649528584857621e-4,-0.04733651232474052,0.04866641804171205,4.228619528619529,6.520962432675459e-4,-0.04730809830421059,0.04861229079074567
liberal,Confusability,Within-person,78,4.282962962962963,6.7370223820268e-4,-0.04795936117111869,0.049306765647524044,4.284259259259259,6.606764569947504e-4,-0.04793057328189756,0.049251926195887065
liberal,Confusability,Within-person,79,4.3385858585858585,6.824516179195979e-4,-0.04858221001749685,0.04994711325333605,4.33989898989899,6.69256670721955e-4,-0.04855304825958454,0.04989156160102846
liberal,Confusability,Within-person,80,4.394208754208754,6.912009976365157e-4,-0.04920505886387501,0.050587460859148045,4.39553872053872,6.778368844491595e-4,-0.04917552323727152,0.05053119700616984
liberal,Confusability,Within-person,81,4.4498316498316495,6.999503773534336e-4,-0.04982790771025318,0.05122780846496004,4.451178451178452,6.864170981763641e-4,-0.04979799821495851,0.05117083241131124
liberal,Confusability,Within-person,82,4.505454545454546,7.086997570703517e-4,-0.05045075655663135,0.051868156070772053,4.506818181818182,6.949973119035687e-4,-0.05042047319264549,0.05181046781645263
liberal,Confusability,Within-person,83,4.561077441077441,7.174491367872695e-4,-0.05107360540300951,0.05250850367658405,4.562457912457913,7.035775256307732e-4,-0.051042948170332475,0.05245010322159402
liberal,Confusability,Within-person,84,4.616700336700337,7.261985165041875e-4,-0.05169645424938768,0.05314885128239605,4.618097643097643,7.121577393579778e-4,-0.05166542314801945,0.053089738626735404
liberal,Confusability,Within-person,85,4.672323232323232,7.349478962211054e-4,-0.05231930309576584,0.053789198888208045,4.6737373737373735,7.207379530851822e-4,-0.05228789812570643,0.05372937403187679
liberal,Confusability,Within-person,86,4.727946127946128,7.436972759380233e-4,-0.052942151942144,0.05442954649402005,4.729377104377105,7.293181668123869e-4,-0.052910373103393415,0.054369009437018195
liberal,Confusability,Within-person,87,4.783569023569023,7.524466556549412e-4,-0.05356500078852216,0.05506989409983205,4.785016835016835,7.378983805395913e-4,-0.05353284808108039,0.05500864484215958
liberal,Confusability,Within-person,88,4.8391919191919195,7.611960353718592e-4,-0.05418784963490034,0.05571024170564405,4.840656565656566,7.46478594266796e-4,-0.05415532305876738,0.05564828024730097
liberal,Confusability,Within-person,89,4.894814814814815,7.699454150887771e-4,-0.0548106984812785,0.056350589311456055,4.896296296296296,7.550588079940004e-4,-0.054777798036454356,0.05628791565244236
liberal,Confusability,Within-person,90,4.95043771043771,7.78694794805695e-4,-0.05543354732765666,0.05699093691726805,4.9519360269360275,7.636390217212051e-4,-0.05540027301414135,0.05692755105758376
liberal,Confusability,Within-person,91,5.006060606060606,7.874441745226129e-4,-0.05605639617403483,0.05763128452308005,5.007575757575758,7.722192354484097e-4,-0.056022747991828326,0.05756718646272514
liberal,Confusability,Within-person,92,5.061683501683501,7.961935542395308e-4,-0.05667924502041299,0.05827163212889205,5.063215488215488,7.807994491756141e-4,-0.0566452229695153,0.05820682186786653
liberal,Confusability,Within-person,93,5.117306397306398,8.049429339564489e-4,-0.05730209386679116,0.05891197973470406,5.118855218855219,7.893796629028188e-4,-0.05726769794720229,0.05884645727300792
liberal,Confusability,Within-person,94,5.172929292929293,8.136923136733668e-4,-0.05792494271316932,0.05955232734051606,5.1744949494949495,7.979598766300232e-4,-0.05789017292488926,0.05948609267814931
liberal,Confusability,Within-person,95,5.228552188552189,8.224416933902847e-4,-0.05854779155954749,0.06019267494632805,5.230134680134681,8.065400903572279e-4,-0.05851264790257625,0.06012572808329071
liberal,Confusability,Within-person,96,5.284175084175084,8.311910731072025e-4,-0.05917064040592565,0.060833022552140056,5.285774410774411,8.151203040844323e-4,-0.05913512288026323,0.060765363488432096
liberal,Confusability,Within-person,97,5.3397979797979795,8.399404528241204e-4,-0.05979348925230381,0.061473370157952054,5.341414141414141,8.237005178116369e-4,-0.059757597857950207,0.06140499889357348
liberal,Confusability,Within-person,98,5.395420875420875,8.486898325410383e-4,-0.06041633809868198,0.06211371776376405,5.397053872053872,8.322807315388415e-4,-0.06038007283563719,0.062044634298714874
liberal,Confusability,Within-person,99,5.451043771043771,8.574392122579563e-4,-0.06103918694506015,0.06275406536957606,5.452693602693603,8.40860945266046e-4,-0.06100254781332417,0.06268426970385627
liberal,Confusability,Within-person,100,5.506666666666667,8.661885919748742e-4,-0.06166203579143831,0.06339441297538806,5.508333333333334,8.494411589932506e-4,-0.06162502279101116,0.06332390510899766
