rule,measure,column,series,grid_index,old_x,old_predicted,old_gap_span,old_solid_segment,corrected_x,corrected_predicted,corrected_gap_span,corrected_solid_segment
primary,Reliability,Between-person,All modalities,1,18,0.14951885569598156,FALSE,young,18,0.1503037456552332,FALSE,young
primary,Reliability,Between-person,All modalities,2,18.767676767676768,0.14707668225241943,FALSE,young,18.767676767676768,0.1478487521736519,FALSE,young
primary,Reliability,Between-person,All modalities,3,19.535353535353536,0.1446345088088573,FALSE,young,19.535353535353536,0.1453937586920706,FALSE,young
primary,Reliability,Between-person,All modalities,4,20.303030303030305,0.14219233536529519,FALSE,young,20.303030303030305,0.14293876521048943,FALSE,young
primary,Reliability,Between-person,All modalities,5,21.07070707070707,0.13975016192173306,FALSE,young,21.07070707070707,0.14048377172890814,FALSE,young
primary,Reliability,Between-person,All modalities,6,21.838383838383837,0.13730798847817094,FALSE,young,21.838383838383837,0.13802877824732684,FALSE,young
primary,Reliability,Between-person,All modalities,7,22.606060606060606,0.1348658150346087,FALSE,young,22.606060606060606,0.13557378476574555,FALSE,young
primary,Reliability,Between-person,All modalities,8,23.373737373737374,0.1324236415910467,FALSE,young,23.373737373737374,0.13311879128416426,FALSE,young
primary,Reliability,Between-person,All modalities,9,24.141414141414142,0.12998146814748446,FALSE,young,24.141414141414142,0.13066379780258297,FALSE,young
primary,Reliability,Between-person,All modalities,10,24.909090909090907,0.12753929470392233,FALSE,young,24.909090909090907,0.12820880432100168,FALSE,young
primary,Reliability,Between-person,All modalities,11,25.676767676767675,0.1250971212603602,FALSE,young,25.676767676767675,0.1257538108394204,FALSE,young
primary,Reliability,Between-person,All modalities,12,26.444444444444443,0.12265494781679809,FALSE,young,26.444444444444443,0.1232988173578391,FALSE,young
primary,Reliability,Between-person,All modalities,13,27.21212121212121,0.12021277437323596,FALSE,young,27.21212121212121,0.1208438238762578,FALSE,young
primary,Reliability,Between-person,All modalities,14,27.97979797979798,0.11777060092967384,FALSE,young,27.97979797979798,0.11838883039467651,FALSE,young
primary,Reliability,Between-person,All modalities,15,28.747474747474747,0.11532842748611172,FALSE,young,28.747474747474747,0.11593383691309522,FALSE,young
primary,Reliability,Between-person,All modalities,16,29.515151515151516,0.1128862540425496,TRUE,NA,29.515151515151516,0.11347884343151393,TRUE,NA
primary,Reliability,Between-person,All modalities,17,30.282828282828284,0.11044408059898747,TRUE,NA,30.282828282828284,0.11102384994993264,TRUE,NA
primary,Reliability,Between-person,All modalities,18,31.050505050505052,0.10800190715542535,TRUE,NA,31.050505050505052,0.10856885646835135,TRUE,NA
primary,Reliability,Between-person,All modalities,19,31.818181818181817,0.10555973371186322,TRUE,NA,31.818181818181817,0.10611386298677006,TRUE,NA
primary,Reliability,Between-person,All modalities,20,32.58585858585859,0.10311756026830099,TRUE,NA,32.58585858585859,0.10365886950518877,TRUE,NA
primary,Reliability,Between-person,All modalities,21,33.35353535353535,0.10067538682473898,TRUE,NA,33.35353535353535,0.10120387602360748,TRUE,NA
primary,Reliability,Between-person,All modalities,22,34.121212121212125,0.09823321338117674,TRUE,NA,34.121212121212125,0.09874888254202618,TRUE,NA
primary,Reliability,Between-person,All modalities,23,34.888888888888886,0.09579103993761462,TRUE,NA,34.888888888888886,0.09629388906044489,TRUE,NA
primary,Reliability,Between-person,All modalities,24,35.656565656565654,0.0933488664940525,TRUE,NA,35.656565656565654,0.09383889557886371,TRUE,NA
primary,Reliability,Between-person,All modalities,25,36.42424242424242,0.09090669305049037,TRUE,NA,36.42424242424242,0.09138390209728242,TRUE,NA
primary,Reliability,Between-person,All modalities,26,37.19191919191919,0.08846451960692825,TRUE,NA,37.19191919191919,0.08892890861570113,TRUE,NA
primary,Reliability,Between-person,All modalities,27,37.95959595959596,0.08602234616336613,TRUE,NA,37.95959595959596,0.08647391513411984,TRUE,NA
primary,Reliability,Between-person,All modalities,28,38.72727272727273,0.083580172719804,TRUE,NA,38.72727272727273,0.08401892165253855,TRUE,NA
primary,Reliability,Between-person,All modalities,29,39.494949494949495,0.08113799927624188,TRUE,NA,39.494949494949495,0.08156392817095726,TRUE,NA
primary,Reliability,Between-person,All modalities,30,40.262626262626256,0.07869582583267976,TRUE,NA,40.262626262626256,0.07910893468937596,TRUE,NA
primary,Reliability,Between-person,All modalities,31,41.03030303030303,0.07625365238911763,TRUE,NA,41.03030303030303,0.07665394120779467,TRUE,NA
primary,Reliability,Between-person,All modalities,32,41.79797979797979,0.07381147894555551,TRUE,NA,41.79797979797979,0.07419894772621338,TRUE,NA
primary,Reliability,Between-person,All modalities,33,42.56565656565657,0.07136930550199339,TRUE,NA,42.56565656565657,0.07174395424463209,TRUE,NA
primary,Reliability,Between-person,All modalities,34,43.33333333333333,0.06892713205843126,TRUE,NA,43.33333333333333,0.0692889607630508,TRUE,NA
primary,Reliability,Between-person,All modalities,35,44.101010101010104,0.06648495861486903,TRUE,NA,44.101010101010104,0.06683396728146951,TRUE,NA
primary,Reliability,Between-person,All modalities,36,44.868686868686865,0.06404278517130702,TRUE,NA,44.868686868686865,0.06437897379988822,TRUE,NA
primary,Reliability,Between-person,All modalities,37,45.63636363636363,0.06160061172774478,TRUE,NA,45.63636363636363,0.061923980318306926,TRUE,NA
primary,Reliability,Between-person,All modalities,38,46.4040404040404,0.05915843828418266,TRUE,NA,46.4040404040404,0.059468986836725635,TRUE,NA
primary,Reliability,Between-person,All modalities,39,47.17171717171717,0.056716264840620534,TRUE,NA,47.17171717171717,0.05701399335514434,TRUE,NA
primary,Reliability,Between-person,All modalities,40,47.93939393939394,0.05427409139705841,TRUE,NA,47.93939393939394,0.05455899987356305,TRUE,NA
primary,Reliability,Between-person,All modalities,41,48.707070707070706,0.05183191795349629,TRUE,NA,48.707070707070706,0.05210400639198176,TRUE,NA
primary,Reliability,Between-person,All modalities,42,49.474747474747474,0.049389744509934164,TRUE,NA,49.474747474747474,0.04964901291040047,TRUE,NA
primary,Reliability,Between-person,All modalities,43,50.24242424242424,0.04694757106637204,TRUE,NA,50.24242424242424,0.04719401942881918,TRUE,NA
primary,Reliability,Between-person,All modalities,44,51.01010101010101,0.04450539762280992,TRUE,NA,51.01010101010101,0.04473902594723789,TRUE,NA
primary,Reliability,Between-person,All modalities,45,51.77777777777778,0.04206322417924779,TRUE,NA,51.77777777777778,0.042284032465656596,TRUE,NA
primary,Reliability,Between-person,All modalities,46,52.54545454545454,0.03962105073568567,TRUE,NA,52.54545454545454,0.039829038984075416,TRUE,NA
primary,Reliability,Between-person,All modalities,47,53.31313131313131,0.03717887729212355,TRUE,NA,53.31313131313131,0.037374045502494124,TRUE,NA
primary,Reliability,Between-person,All modalities,48,54.080808080808076,0.03473670384856142,TRUE,NA,54.080808080808076,0.03491905202091283,TRUE,NA
primary,Reliability,Between-person,All modalities,49,54.848484848484844,0.0322945304049993,TRUE,NA,54.848484848484844,0.03246405853933154,TRUE,NA
primary,Reliability,Between-person,All modalities,50,55.61616161616161,0.029852356961437065,TRUE,NA,55.61616161616161,0.03000906505775025,TRUE,NA
primary,Reliability,Between-person,All modalities,51,56.38383838383838,0.027410183517874942,TRUE,NA,56.38383838383838,0.02755407157616896,TRUE,NA
primary,Reliability,Between-person,All modalities,52,57.15151515151515,0.02496801007431282,TRUE,NA,57.15151515151515,0.025099078094587668,TRUE,NA
primary,Reliability,Between-person,All modalities,53,57.91919191919192,0.022525836630750695,TRUE,NA,57.91919191919192,0.022644084613006377,TRUE,NA
primary,Reliability,Between-person,All modalities,54,58.686868686868685,0.020083663187188572,TRUE,NA,58.686868686868685,0.020189091131425085,TRUE,NA
primary,Reliability,Between-person,All modalities,55,59.45454545454545,0.01764148974362645,TRUE,NA,59.45454545454545,0.017734097649843794,TRUE,NA
primary,Reliability,Between-person,All modalities,56,60.22222222222222,0.015199316300064325,TRUE,NA,60.22222222222222,0.015279104168262503,TRUE,NA
primary,Reliability,Between-person,All modalities,57,60.98989898989899,0.012757142856502202,TRUE,NA,60.98989898989899,0.012824110686681212,TRUE,NA
primary,Reliability,Between-person,All modalities,58,61.75757575757576,0.010314969412940078,TRUE,NA,61.75757575757576,0.01036911720509992,TRUE,NA
primary,Reliability,Between-person,All modalities,59,62.52525252525252,0.007872795969377955,TRUE,NA,62.52525252525252,0.007914123723518629,TRUE,NA
primary,Reliability,Between-person,All modalities,60,63.29292929292929,0.005430622525815831,TRUE,NA,63.29292929292929,0.005459130241937338,TRUE,NA
primary,Reliability,Between-person,All modalities,61,64.06060606060606,0.002988449082253708,TRUE,NA,64.06060606060606,0.0030041367603560465,TRUE,NA
primary,Reliability,Between-person,All modalities,62,64.82828282828282,5.462756386915846e-4,TRUE,NA,64.82828282828282,5.491432787747552e-4,TRUE,NA
primary,Reliability,Between-person,All modalities,63,65.59595959595958,-0.0018958978048705388,FALSE,older,65.59595959595958,-0.001905850202806536,FALSE,older
primary,Reliability,Between-person,All modalities,64,66.36363636363636,-0.004338071248432773,FALSE,older,66.36363636363636,-0.004360843684387827,FALSE,older
primary,Reliability,Between-person,All modalities,65,67.13131313131314,-0.006780244691994897,FALSE,older,67.13131313131314,-0.006815837165969119,FALSE,older
primary,Reliability,Between-person,All modalities,66,67.8989898989899,-0.00922241813555702,FALSE,older,67.8989898989899,-0.00927083064755041,FALSE,older
primary,Reliability,Between-person,All modalities,67,68.66666666666666,-0.011664591579119143,FALSE,older,68.66666666666666,-0.01172582412913159,FALSE,older
primary,Reliability,Between-person,All modalities,68,69.43434343434343,-0.014106765022681267,FALSE,older,69.43434343434343,-0.014180817610712992,FALSE,older
primary,Reliability,Between-person,All modalities,69,70.20202020202021,-0.01654893846624339,FALSE,older,70.20202020202021,-0.016635811092294284,FALSE,older
primary,Reliability,Between-person,All modalities,70,70.96969696969697,-0.018991111909805514,FALSE,older,70.96969696969697,-0.019090804573875575,FALSE,older
primary,Reliability,Between-person,All modalities,71,71.73737373737373,-0.021433285353367637,FALSE,older,71.73737373737373,-0.021545798055456755,FALSE,older
primary,Reliability,Between-person,All modalities,72,72.50505050505049,-0.02387545879692976,FALSE,older,72.50505050505049,-0.024000791537038046,FALSE,older
primary,Reliability,Between-person,All modalities,73,73.27272727272727,-0.026317632240491884,FALSE,older,73.27272727272727,-0.026455785018619338,FALSE,older
primary,Reliability,Between-person,All modalities,74,74.04040404040404,-0.028759805684054007,FALSE,older,74.04040404040404,-0.02891077850020063,FALSE,older
primary,Reliability,Between-person,All modalities,75,74.8080808080808,-0.03120197912761613,FALSE,older,74.8080808080808,-0.03136577198178192,FALSE,older
primary,Reliability,Between-person,All modalities,76,75.57575757575756,-0.033644152571178254,FALSE,older,75.57575757575756,-0.03382076546336321,FALSE,older
primary,Reliability,Between-person,All modalities,77,76.34343434343434,-0.03608632601474038,FALSE,older,76.34343434343434,-0.0362757589449445,FALSE,older
primary,Reliability,Between-person,All modalities,78,77.11111111111111,-0.03852849945830261,FALSE,older,77.11111111111111,-0.038730752426525794,FALSE,older
primary,Reliability,Between-person,All modalities,79,77.87878787878788,-0.040970672901864735,FALSE,older,77.87878787878788,-0.041185745908107085,FALSE,older
primary,Reliability,Between-person,All modalities,80,78.64646464646464,-0.04341284634542686,FALSE,older,78.64646464646464,-0.04364073938968838,FALSE,older
primary,Reliability,Between-person,All modalities,81,79.41414141414141,-0.04585501978898898,FALSE,older,79.41414141414141,-0.04609573287126967,FALSE,older
primary,Reliability,Between-person,All modalities,82,80.18181818181819,-0.048297193232551106,FALSE,older,80.18181818181819,-0.04855072635285096,FALSE,older
primary,Reliability,Between-person,All modalities,83,80.94949494949495,-0.05073936667611323,FALSE,older,80.94949494949495,-0.05100571983443225,FALSE,older
primary,Reliability,Between-person,All modalities,84,81.71717171717171,-0.05318154011967535,FALSE,older,81.71717171717171,-0.05346071331601354,FALSE,older
primary,Reliability,Between-person,All modalities,85,82.48484848484848,-0.055623713563237476,FALSE,older,82.48484848484848,-0.05591570679759483,FALSE,older
primary,Reliability,Between-person,All modalities,86,83.25252525252525,-0.0580658870067996,FALSE,older,83.25252525252525,-0.058370700279176124,FALSE,older
primary,Reliability,Between-person,All modalities,87,84.02020202020202,-0.06050806045036172,FALSE,older,84.02020202020202,-0.060825693760757416,FALSE,older
primary,Reliability,Between-person,All modalities,88,84.78787878787878,-0.06295023389392385,FALSE,older,84.78787878787878,-0.0632806872423387,FALSE,older
primary,Reliability,Between-person,All modalities,89,85.55555555555556,-0.06539240733748608,FALSE,older,85.55555555555556,-0.06573568072392,FALSE,older
primary,Reliability,Between-person,All modalities,90,86.32323232323232,-0.06783458078104809,FALSE,older,86.32323232323232,-0.06819067420550129,FALSE,older
primary,Reliability,Between-person,All modalities,91,87.09090909090908,-0.07027675422461022,FALSE,older,87.09090909090908,-0.07064566768708247,FALSE,older
primary,Reliability,Between-person,All modalities,92,87.85858585858585,-0.07271892766817245,FALSE,older,87.85858585858585,-0.07310066116866387,FALSE,older
primary,Reliability,Between-person,All modalities,93,88.62626262626262,-0.07516110111173446,FALSE,older,88.62626262626262,-0.07555565465024505,FALSE,older
primary,Reliability,Between-person,All modalities,94,89.39393939393939,-0.0776032745552967,FALSE,older,89.39393939393939,-0.07801064813182634,FALSE,older
primary,Reliability,Between-person,All modalities,95,90.16161616161615,-0.08004544799885882,FALSE,older,90.16161616161615,-0.08046564161340763,FALSE,older
primary,Reliability,Between-person,All modalities,96,90.92929292929293,-0.08248762144242094,FALSE,older,90.92929292929293,-0.08292063509498893,FALSE,older
primary,Reliability,Between-person,All modalities,97,91.69696969696969,-0.08492979488598307,FALSE,older,91.69696969696969,-0.08537562857657022,FALSE,older
primary,Reliability,Between-person,All modalities,98,92.46464646464646,-0.08737196832954519,FALSE,older,92.46464646464646,-0.08783062205815151,FALSE,older
primary,Reliability,Between-person,All modalities,99,93.23232323232322,-0.08981414177310731,FALSE,older,93.23232323232322,-0.0902856155397328,FALSE,older
primary,Reliability,Between-person,All modalities,100,94,-0.09225631521666955,FALSE,older,94,-0.09274060902131409,FALSE,older
primary,Confusability,Between-person,All modalities,1,18,0.005047941412120727,FALSE,young,18,0.005252208482664333,FALSE,young
primary,Confusability,Between-person,All modalities,2,18.767676767676768,0.004965490617510532,FALSE,young,18.767676767676768,0.005166421282001857,FALSE,young
primary,Confusability,Between-person,All modalities,3,19.535353535353536,0.004883039822900337,FALSE,young,19.535353535353536,0.00508063408133938,FALSE,young
primary,Confusability,Between-person,All modalities,4,20.303030303030305,0.00480058902829017,FALSE,young,20.303030303030305,0.0049948468806769175,FALSE,young
primary,Confusability,Between-person,All modalities,5,21.07070707070707,0.004718138233680003,FALSE,young,21.07070707070707,0.004909059680014455,FALSE,young
primary,Confusability,Between-person,All modalities,6,21.838383838383837,0.004635687439069808,FALSE,young,21.838383838383837,0.004823272479351964,FALSE,young
primary,Confusability,Between-person,All modalities,7,22.606060606060606,0.004553236644459613,FALSE,young,22.606060606060606,0.004737485278689474,FALSE,young
primary,Confusability,Between-person,All modalities,8,23.373737373737374,0.004470785849849446,FALSE,young,23.373737373737374,0.004651698078027011,FALSE,young
primary,Confusability,Between-person,All modalities,9,24.141414141414142,0.004388335055239251,FALSE,young,24.141414141414142,0.0045659108773645485,FALSE,young
primary,Confusability,Between-person,All modalities,10,24.909090909090907,0.004305884260629084,FALSE,young,24.909090909090907,0.004480123676702058,FALSE,young
primary,Confusability,Between-person,All modalities,11,25.676767676767675,0.004223433466018889,FALSE,young,25.676767676767675,0.004394336476039595,FALSE,young
primary,Confusability,Between-person,All modalities,12,26.444444444444443,0.004140982671408722,FALSE,young,26.444444444444443,0.004308549275377133,FALSE,young
primary,Confusability,Between-person,All modalities,13,27.21212121212121,0.004058531876798527,FALSE,young,27.21212121212121,0.004222762074714642,FALSE,young
primary,Confusability,Between-person,All modalities,14,27.97979797979798,0.00397608108218836,FALSE,young,27.97979797979798,0.0041369748740521795,FALSE,young
primary,Confusability,Between-person,All modalities,15,28.747474747474747,0.0038936302875781648,FALSE,young,28.747474747474747,0.004051187673389717,FALSE,young
primary,Confusability,Between-person,All modalities,16,29.515151515151516,0.0038111794929679976,TRUE,NA,29.515151515151516,0.003965400472727226,TRUE,NA
primary,Confusability,Between-person,All modalities,17,30.282828282828284,0.0037287286983578027,TRUE,NA,30.282828282828284,0.003879613272064736,TRUE,NA
primary,Confusability,Between-person,All modalities,18,31.050505050505052,0.003646277903747608,TRUE,NA,31.050505050505052,0.003793826071402273,TRUE,NA
primary,Confusability,Between-person,All modalities,19,31.818181818181817,0.0035638271091374407,TRUE,NA,31.818181818181817,0.0037080388707398104,TRUE,NA
primary,Confusability,Between-person,All modalities,20,32.58585858585859,0.0034813763145272736,TRUE,NA,32.58585858585859,0.00362225167007732,TRUE,NA
primary,Confusability,Between-person,All modalities,21,33.35353535353535,0.0033989255199170787,TRUE,NA,33.35353535353535,0.0035364644694148573,TRUE,NA
primary,Confusability,Between-person,All modalities,22,34.121212121212125,0.003316474725306884,TRUE,NA,34.121212121212125,0.0034506772687523946,TRUE,NA
primary,Confusability,Between-person,All modalities,23,34.888888888888886,0.0032340239306967167,TRUE,NA,34.888888888888886,0.003364890068089904,TRUE,NA
primary,Confusability,Between-person,All modalities,24,35.656565656565654,0.0031515731360865495,TRUE,NA,35.656565656565654,0.0032791028674274414,TRUE,NA
primary,Confusability,Between-person,All modalities,25,36.42424242424242,0.0030691223414763547,TRUE,NA,36.42424242424242,0.0031933156667649787,TRUE,NA
primary,Confusability,Between-person,All modalities,26,37.19191919191919,0.0029866715468661598,TRUE,NA,37.19191919191919,0.0031075284661024882,TRUE,NA
primary,Confusability,Between-person,All modalities,27,37.95959595959596,0.0029042207522559926,TRUE,NA,37.95959595959596,0.0030217412654400255,TRUE,NA
primary,Confusability,Between-person,All modalities,28,38.72727272727273,0.0028217699576458255,TRUE,NA,38.72727272727273,0.002935954064777535,TRUE,NA
primary,Confusability,Between-person,All modalities,29,39.494949494949495,0.0027393191630356306,TRUE,NA,39.494949494949495,0.0028501668641150724,TRUE,NA
primary,Confusability,Between-person,All modalities,30,40.262626262626256,0.0026568683684254357,TRUE,NA,40.262626262626256,0.002764379663452582,TRUE,NA
primary,Confusability,Between-person,All modalities,31,41.03030303030303,0.0025744175738152686,TRUE,NA,41.03030303030303,0.002678592462790119,TRUE,NA
primary,Confusability,Between-person,All modalities,32,41.79797979797979,0.0024919667792050737,TRUE,NA,41.79797979797979,0.0025928052621276565,TRUE,NA
primary,Confusability,Between-person,All modalities,33,42.56565656565657,0.0024095159845949066,TRUE,NA,42.56565656565657,0.002507018061465166,TRUE,NA
primary,Confusability,Between-person,All modalities,34,43.33333333333333,0.0023270651899847117,TRUE,NA,43.33333333333333,0.0024212308608027033,TRUE,NA
primary,Confusability,Between-person,All modalities,35,44.101010101010104,0.0022446143953745445,TRUE,NA,44.101010101010104,0.0023354436601402406,TRUE,NA
primary,Confusability,Between-person,All modalities,36,44.868686868686865,0.0021621636007643497,TRUE,NA,44.868686868686865,0.00224965645947775,TRUE,NA
primary,Confusability,Between-person,All modalities,37,45.63636363636363,0.0020797128061541825,TRUE,NA,45.63636363636363,0.0021638692588152875,TRUE,NA
primary,Confusability,Between-person,All modalities,38,46.4040404040404,0.0019972620115439876,TRUE,NA,46.4040404040404,0.002078082058152797,TRUE,NA
primary,Confusability,Between-person,All modalities,39,47.17171717171717,0.0019148112169338205,TRUE,NA,47.17171717171717,0.0019922948574903343,TRUE,NA
primary,Confusability,Between-person,All modalities,40,47.93939393939394,0.0018323604223236256,TRUE,NA,47.93939393939394,0.0019065076568278438,TRUE,NA
primary,Confusability,Between-person,All modalities,41,48.707070707070706,0.0017499096277134307,TRUE,NA,48.707070707070706,0.0018207204561653811,TRUE,NA
primary,Confusability,Between-person,All modalities,42,49.474747474747474,0.0016674588331032636,TRUE,NA,49.474747474747474,0.0017349332555029184,TRUE,NA
primary,Confusability,Between-person,All modalities,43,50.24242424242424,0.0015850080384930965,TRUE,NA,50.24242424242424,0.001649146054840428,TRUE,NA
primary,Confusability,Between-person,All modalities,44,51.01010101010101,0.0015025572438829016,TRUE,NA,51.01010101010101,0.0015633588541779653,TRUE,NA
primary,Confusability,Between-person,All modalities,45,51.77777777777778,0.0014201064492727067,TRUE,NA,51.77777777777778,0.0014775716535155026,TRUE,NA
primary,Confusability,Between-person,All modalities,46,52.54545454545454,0.0013376556546625396,TRUE,NA,52.54545454545454,0.0013917844528530121,TRUE,NA
primary,Confusability,Between-person,All modalities,47,53.31313131313131,0.0012552048600523724,TRUE,NA,53.31313131313131,0.0013059972521905494,TRUE,NA
primary,Confusability,Between-person,All modalities,48,54.080808080808076,0.0011727540654421775,TRUE,NA,54.080808080808076,0.001220210051528059,TRUE,NA
primary,Confusability,Between-person,All modalities,49,54.848484848484844,0.0010903032708319826,TRUE,NA,54.848484848484844,0.0011344228508655962,TRUE,NA
primary,Confusability,Between-person,All modalities,50,55.61616161616161,0.0010078524762218155,TRUE,NA,55.61616161616161,0.0010486356502031058,TRUE,NA
primary,Confusability,Between-person,All modalities,51,56.38383838383838,9.254016816116206e-4,TRUE,NA,56.38383838383838,9.628484495406431e-4,TRUE,NA
primary,Confusability,Between-person,All modalities,52,57.15151515151515,8.429508870014535e-4,TRUE,NA,57.15151515151515,8.770612488781804e-4,TRUE,NA
primary,Confusability,Between-person,All modalities,53,57.91919191919192,7.605000923912586e-4,TRUE,NA,57.91919191919192,7.912740482156899e-4,TRUE,NA
primary,Confusability,Between-person,All modalities,54,58.686868686868685,6.780492977810915e-4,TRUE,NA,58.686868686868685,7.054868475532272e-4,TRUE,NA
primary,Confusability,Between-person,All modalities,55,59.45454545454545,5.955985031708966e-4,TRUE,NA,59.45454545454545,6.196996468907645e-4,TRUE,NA
primary,Confusability,Between-person,All modalities,56,60.22222222222222,5.131477085607294e-4,TRUE,NA,60.22222222222222,5.33912446228274e-4,TRUE,NA
primary,Confusability,Between-person,All modalities,57,60.98989898989899,4.3069691395053455e-4,TRUE,NA,60.98989898989899,4.4812524556581135e-4,TRUE,NA
primary,Confusability,Between-person,All modalities,58,61.75757575757576,3.482461193403674e-4,TRUE,NA,61.75757575757576,3.6233804490334864e-4,TRUE,NA
primary,Confusability,Between-person,All modalities,59,62.52525252525252,2.6579532473017253e-4,TRUE,NA,62.52525252525252,2.765508442408582e-4,TRUE,NA
primary,Confusability,Between-person,All modalities,60,63.29292929292929,1.8334453011997764e-4,TRUE,NA,63.29292929292929,1.9076364357836773e-4,TRUE,NA
primary,Confusability,Between-person,All modalities,61,64.06060606060606,1.0089373550981051e-4,TRUE,NA,64.06060606060606,1.0497644291590502e-4,TRUE,NA
primary,Confusability,Between-person,All modalities,62,64.82828282828282,1.844294089964338e-5,TRUE,NA,64.82828282828282,1.9189242253442318e-5,TRUE,NA
primary,Confusability,Between-person,All modalities,63,65.59595959595958,-6.400785371055151e-5,FALSE,older,65.59595959595958,-6.659795840904814e-5,FALSE,older
primary,Confusability,Between-person,All modalities,64,66.36363636363636,-1.464586483207464e-4,FALSE,older,66.36363636363636,-1.5238515907151085e-4,FALSE,older
primary,Confusability,Between-person,All modalities,65,67.13131313131314,-2.2890944293091353e-4,FALSE,older,67.13131313131314,-2.3817235973397355e-4,FALSE,older
primary,Confusability,Between-person,All modalities,66,67.8989898989899,-3.1136023754108066e-4,FALSE,older,67.8989898989899,-3.23959560396464e-4,FALSE,older
primary,Confusability,Between-person,All modalities,67,68.66666666666666,-3.9381103215127555e-4,FALSE,older,68.66666666666666,-4.097467610589267e-4,FALSE,older
primary,Confusability,Between-person,All modalities,68,69.43434343434343,-4.7626182676147044e-4,FALSE,older,69.43434343434343,-4.955339617213894e-4,FALSE,older
primary,Confusability,Between-person,All modalities,69,70.20202020202021,-5.587126213716376e-4,FALSE,older,70.20202020202021,-5.813211623838799e-4,FALSE,older
primary,Confusability,Between-person,All modalities,70,70.96969696969697,-6.411634159818325e-4,FALSE,older,70.96969696969697,-6.671083630463426e-4,FALSE,older
primary,Confusability,Between-person,All modalities,71,71.73737373737373,-7.236142105919996e-4,FALSE,older,71.73737373737373,-7.52895563708833e-4,FALSE,older
primary,Confusability,Between-person,All modalities,72,72.50505050505049,-8.060650052021945e-4,FALSE,older,72.50505050505049,-8.386827643712957e-4,FALSE,older
primary,Confusability,Between-person,All modalities,73,73.27272727272727,-8.885157998123616e-4,FALSE,older,73.27272727272727,-9.244699650337862e-4,FALSE,older
primary,Confusability,Between-person,All modalities,74,74.04040404040404,-9.709665944225565e-4,FALSE,older,74.04040404040404,-0.001010257165696249,FALSE,older
primary,Confusability,Between-person,All modalities,75,74.8080808080808,-0.0010534173890327236,FALSE,older,74.8080808080808,-0.0010960443663587116,FALSE,older
primary,Confusability,Between-person,All modalities,76,75.57575757575756,-0.0011358681836429185,FALSE,older,75.57575757575756,-0.001181831567021202,FALSE,older
primary,Confusability,Between-person,All modalities,77,76.34343434343434,-0.0012183189782530857,FALSE,older,76.34343434343434,-0.0012676187676836648,FALSE,older
primary,Confusability,Between-person,All modalities,78,77.11111111111111,-0.0013007697728632805,FALSE,older,77.11111111111111,-0.0013534059683461275,FALSE,older
primary,Confusability,Between-person,All modalities,79,77.87878787878788,-0.0013832205674734754,FALSE,older,77.87878787878788,-0.001439193169008618,FALSE,older
primary,Confusability,Between-person,All modalities,80,78.64646464646464,-0.0014656713620836426,FALSE,older,78.64646464646464,-0.0015249803696710806,FALSE,older
primary,Confusability,Between-person,All modalities,81,79.41414141414141,-0.0015481221566938097,FALSE,older,79.41414141414141,-0.001610767570333571,FALSE,older
primary,Confusability,Between-person,All modalities,82,80.18181818181819,-0.0016305729513040046,FALSE,older,80.18181818181819,-0.0016965547709960338,FALSE,older
primary,Confusability,Between-person,All modalities,83,80.94949494949495,-0.0017130237459141995,FALSE,older,80.94949494949495,-0.0017823419716585243,FALSE,older
primary,Confusability,Between-person,All modalities,84,81.71717171717171,-0.0017954745405243666,FALSE,older,81.71717171717171,-0.001868129172320987,FALSE,older
primary,Confusability,Between-person,All modalities,85,82.48484848484848,-0.0018779253351345337,FALSE,older,82.48484848484848,-0.0019539163729834497,FALSE,older
primary,Confusability,Between-person,All modalities,86,83.25252525252525,-0.0019603761297447286,FALSE,older,83.25252525252525,-0.00203970357364594,FALSE,older
primary,Confusability,Between-person,All modalities,87,84.02020202020202,-0.0020428269243549235,FALSE,older,84.02020202020202,-0.002125490774308403,FALSE,older
primary,Confusability,Between-person,All modalities,88,84.78787878787878,-0.0021252777189650907,FALSE,older,84.78787878787878,-0.0022112779749708655,FALSE,older
primary,Confusability,Between-person,All modalities,89,85.55555555555556,-0.0022077285135752855,FALSE,older,85.55555555555556,-0.002297065175633356,FALSE,older
primary,Confusability,Between-person,All modalities,90,86.32323232323232,-0.0022901793081854527,FALSE,older,86.32323232323232,-0.0023828523762958187,FALSE,older
primary,Confusability,Between-person,All modalities,91,87.09090909090908,-0.0023726301027956476,FALSE,older,87.09090909090908,-0.002468639576958309,FALSE,older
primary,Confusability,Between-person,All modalities,92,87.85858585858585,-0.0024550808974058147,FALSE,older,87.85858585858585,-0.002554426777620772,FALSE,older
primary,Confusability,Between-person,All modalities,93,88.62626262626262,-0.0025375316920160096,FALSE,older,88.62626262626262,-0.0026402139782832623,FALSE,older
primary,Confusability,Between-person,All modalities,94,89.39393939393939,-0.0026199824866261767,FALSE,older,89.39393939393939,-0.002726001178945725,FALSE,older
primary,Confusability,Between-person,All modalities,95,90.16161616161615,-0.0027024332812363716,FALSE,older,90.16161616161615,-0.0028117883796081877,FALSE,older
primary,Confusability,Between-person,All modalities,96,90.92929292929293,-0.0027848840758465387,FALSE,older,90.92929292929293,-0.002897575580270678,FALSE,older
primary,Confusability,Between-person,All modalities,97,91.69696969696969,-0.0028673348704567336,FALSE,older,91.69696969696969,-0.002983362780933141,FALSE,older
primary,Confusability,Between-person,All modalities,98,92.46464646464646,-0.0029497856650669285,FALSE,older,92.46464646464646,-0.0030691499815956036,FALSE,older
primary,Confusability,Between-person,All modalities,99,93.23232323232322,-0.0030322364596770957,FALSE,older,93.23232323232322,-0.003154937182258094,FALSE,older
primary,Confusability,Between-person,All modalities,100,94,-0.003114687254287263,FALSE,older,94,-0.0032407243829205568,FALSE,older
primary,Distinctiveness,Between-person,All modalities,1,18,0.14416981920226224,FALSE,young,18,0.14473188096815948,FALSE,young
primary,Distinctiveness,Between-person,All modalities,2,18.767676767676768,0.14181501450435297,FALSE,young,18.767676767676768,0.14236789580727827,FALSE,young
primary,Distinctiveness,Between-person,All modalities,3,19.535353535353536,0.1394602098064437,FALSE,young,19.535353535353536,0.14000391064639706,FALSE,young
primary,Distinctiveness,Between-person,All modalities,4,20.303030303030305,0.13710540510853442,FALSE,young,20.303030303030305,0.13763992548551585,FALSE,young
primary,Distinctiveness,Between-person,All modalities,5,21.07070707070707,0.13475060041062503,FALSE,young,21.07070707070707,0.13527594032463464,FALSE,young
primary,Distinctiveness,Between-person,All modalities,6,21.838383838383837,0.13239579571271576,FALSE,young,21.838383838383837,0.13291195516375365,FALSE,young
primary,Distinctiveness,Between-person,All modalities,7,22.606060606060606,0.13004099101480648,FALSE,young,22.606060606060606,0.13054797000287244,FALSE,young
primary,Distinctiveness,Between-person,All modalities,8,23.373737373737374,0.1276861863168972,FALSE,young,23.373737373737374,0.12818398484199123,FALSE,young
primary,Distinctiveness,Between-person,All modalities,9,24.141414141414142,0.12533138161898794,FALSE,young,24.141414141414142,0.12581999968111002,FALSE,young
primary,Distinctiveness,Between-person,All modalities,10,24.909090909090907,0.12297657692107866,FALSE,young,24.909090909090907,0.12345601452022881,FALSE,young
primary,Distinctiveness,Between-person,All modalities,11,25.676767676767675,0.12062177222316939,FALSE,young,25.676767676767675,0.1210920293593476,FALSE,young
primary,Distinctiveness,Between-person,All modalities,12,26.444444444444443,0.11826696752526,FALSE,young,26.444444444444443,0.11872804419846639,FALSE,young
primary,Distinctiveness,Between-person,All modalities,13,27.21212121212121,0.11591216282735073,FALSE,young,27.21212121212121,0.1163640590375854,FALSE,young
primary,Distinctiveness,Between-person,All modalities,14,27.97979797979798,0.11355735812944145,FALSE,young,27.97979797979798,0.11400007387670419,FALSE,young
primary,Distinctiveness,Between-person,All modalities,15,28.747474747474747,0.11120255343153218,FALSE,young,28.747474747474747,0.11163608871582298,FALSE,young
primary,Distinctiveness,Between-person,All modalities,16,29.515151515151516,0.1088477487336229,TRUE,NA,29.515151515151516,0.10927210355494177,TRUE,NA
primary,Distinctiveness,Between-person,All modalities,17,30.282828282828284,0.10649294403571363,TRUE,NA,30.282828282828284,0.10690811839406056,TRUE,NA
primary,Distinctiveness,Between-person,All modalities,18,31.050505050505052,0.10413813933780425,TRUE,NA,31.050505050505052,0.10454413323317935,TRUE,NA
primary,Distinctiveness,Between-person,All modalities,19,31.818181818181817,0.10178333463989508,TRUE,NA,31.818181818181817,0.10218014807229814,TRUE,NA
primary,Distinctiveness,Between-person,All modalities,20,32.58585858585859,0.0994285299419857,TRUE,NA,32.58585858585859,0.09981616291141715,TRUE,NA
primary,Distinctiveness,Between-person,All modalities,21,33.35353535353535,0.09707372524407643,TRUE,NA,33.35353535353535,0.09745217775053594,TRUE,NA
primary,Distinctiveness,Between-person,All modalities,22,34.121212121212125,0.09471892054616715,TRUE,NA,34.121212121212125,0.09508819258965473,TRUE,NA
primary,Distinctiveness,Between-person,All modalities,23,34.888888888888886,0.09236411584825788,TRUE,NA,34.888888888888886,0.09272420742877352,TRUE,NA
primary,Distinctiveness,Between-person,All modalities,24,35.656565656565654,0.0900093111503486,TRUE,NA,35.656565656565654,0.09036022226789231,TRUE,NA
primary,Distinctiveness,Between-person,All modalities,25,36.42424242424242,0.08765450645243933,TRUE,NA,36.42424242424242,0.0879962371070111,TRUE,NA
primary,Distinctiveness,Between-person,All modalities,26,37.19191919191919,0.08529970175452994,TRUE,NA,37.19191919191919,0.08563225194612989,TRUE,NA
primary,Distinctiveness,Between-person,All modalities,27,37.95959595959596,0.08294489705662067,TRUE,NA,37.95959595959596,0.0832682667852489,TRUE,NA
primary,Distinctiveness,Between-person,All modalities,28,38.72727272727273,0.0805900923587114,TRUE,NA,38.72727272727273,0.08090428162436769,TRUE,NA
primary,Distinctiveness,Between-person,All modalities,29,39.494949494949495,0.07823528766080212,TRUE,NA,39.494949494949495,0.07854029646348648,TRUE,NA
primary,Distinctiveness,Between-person,All modalities,30,40.262626262626256,0.07588048296289285,TRUE,NA,40.262626262626256,0.07617631130260527,TRUE,NA
primary,Distinctiveness,Between-person,All modalities,31,41.03030303030303,0.07352567826498357,TRUE,NA,41.03030303030303,0.07381232614172406,TRUE,NA
primary,Distinctiveness,Between-person,All modalities,32,41.79797979797979,0.0711708735670743,TRUE,NA,41.79797979797979,0.07144834098084285,TRUE,NA
primary,Distinctiveness,Between-person,All modalities,33,42.56565656565657,0.06881606886916491,TRUE,NA,42.56565656565657,0.06908435581996164,TRUE,NA
primary,Distinctiveness,Between-person,All modalities,34,43.33333333333333,0.06646126417125564,TRUE,NA,43.33333333333333,0.06672037065908065,TRUE,NA
primary,Distinctiveness,Between-person,All modalities,35,44.101010101010104,0.06410645947334637,TRUE,NA,44.101010101010104,0.06435638549819944,TRUE,NA
primary,Distinctiveness,Between-person,All modalities,36,44.868686868686865,0.06175165477543709,TRUE,NA,44.868686868686865,0.06199240033731823,TRUE,NA
primary,Distinctiveness,Between-person,All modalities,37,45.63636363636363,0.05939685007752782,TRUE,NA,45.63636363636363,0.05962841517643702,TRUE,NA
primary,Distinctiveness,Between-person,All modalities,38,46.4040404040404,0.057042045379618544,TRUE,NA,46.4040404040404,0.05726443001555581,TRUE,NA
primary,Distinctiveness,Between-person,All modalities,39,47.17171717171717,0.05468724068170916,TRUE,NA,47.17171717171717,0.0549004448546746,TRUE,NA
primary,Distinctiveness,Between-person,All modalities,40,47.93939393939394,0.052332435983799885,TRUE,NA,47.93939393939394,0.05253645969379339,TRUE,NA
primary,Distinctiveness,Between-person,All modalities,41,48.707070707070706,0.04997763128589061,TRUE,NA,48.707070707070706,0.0501724745329124,TRUE,NA
primary,Distinctiveness,Between-person,All modalities,42,49.474747474747474,0.04762282658798134,TRUE,NA,49.474747474747474,0.04780848937203119,TRUE,NA
primary,Distinctiveness,Between-person,All modalities,43,50.24242424242424,0.04526802189007206,TRUE,NA,50.24242424242424,0.04544450421114998,TRUE,NA
primary,Distinctiveness,Between-person,All modalities,44,51.01010101010101,0.04291321719216279,TRUE,NA,51.01010101010101,0.04308051905026877,TRUE,NA
primary,Distinctiveness,Between-person,All modalities,45,51.77777777777778,0.040558412494253404,TRUE,NA,51.77777777777778,0.04071653388938756,TRUE,NA
primary,Distinctiveness,Between-person,All modalities,46,52.54545454545454,0.03820360779634413,TRUE,NA,52.54545454545454,0.03835254872850635,TRUE,NA
primary,Distinctiveness,Between-person,All modalities,47,53.31313131313131,0.035848803098434856,TRUE,NA,53.31313131313131,0.035988563567625365,TRUE,NA
primary,Distinctiveness,Between-person,All modalities,48,54.080808080808076,0.03349399840052558,TRUE,NA,54.080808080808076,0.033624578406744154,TRUE,NA
primary,Distinctiveness,Between-person,All modalities,49,54.848484848484844,0.031139193702616308,TRUE,NA,54.848484848484844,0.031260593245862944,TRUE,NA
primary,Distinctiveness,Between-person,All modalities,50,55.61616161616161,0.028784389004707034,TRUE,NA,55.61616161616161,0.028896608084981734,TRUE,NA
primary,Distinctiveness,Between-person,All modalities,51,56.38383838383838,0.02642958430679776,TRUE,NA,56.38383838383838,0.026532622924100524,TRUE,NA
primary,Distinctiveness,Between-person,All modalities,52,57.15151515151515,0.024074779608888375,TRUE,NA,57.15151515151515,0.024168637763219314,TRUE,NA
primary,Distinctiveness,Between-person,All modalities,53,57.91919191919192,0.0217199749109791,TRUE,NA,57.91919191919192,0.021804652602338104,TRUE,NA
primary,Distinctiveness,Between-person,All modalities,54,58.686868686868685,0.019365170213069827,TRUE,NA,58.686868686868685,0.019440667441457116,TRUE,NA
primary,Distinctiveness,Between-person,All modalities,55,59.45454545454545,0.017010365515160553,TRUE,NA,59.45454545454545,0.017076682280575906,TRUE,NA
primary,Distinctiveness,Between-person,All modalities,56,60.22222222222222,0.014655560817251279,TRUE,NA,60.22222222222222,0.014712697119694695,TRUE,NA
primary,Distinctiveness,Between-person,All modalities,57,60.98989898989899,0.012300756119342005,TRUE,NA,60.98989898989899,0.012348711958813485,TRUE,NA
primary,Distinctiveness,Between-person,All modalities,58,61.75757575757576,0.00994595142143262,TRUE,NA,61.75757575757576,0.009984726797932275,TRUE,NA
primary,Distinctiveness,Between-person,All modalities,59,62.52525252525252,0.007591146723523345,TRUE,NA,62.52525252525252,0.007620741637051065,TRUE,NA
primary,Distinctiveness,Between-person,All modalities,60,63.29292929292929,0.005236342025614071,TRUE,NA,63.29292929292929,0.005256756476169855,TRUE,NA
primary,Distinctiveness,Between-person,All modalities,61,64.06060606060606,0.0028815373277047973,TRUE,NA,64.06060606060606,0.0028927713152886447,TRUE,NA
primary,Distinctiveness,Between-person,All modalities,62,64.82828282828282,5.267326297955233e-4,TRUE,NA,64.82828282828282,5.287861544076566e-4,TRUE,NA
primary,Distinctiveness,Between-person,All modalities,63,65.59595959595958,-0.0018280720681137508,FALSE,older,65.59595959595958,-0.0018351990064735535,FALSE,older
primary,Distinctiveness,Between-person,All modalities,64,66.36363636363636,-0.004182876766023025,FALSE,older,66.36363636363636,-0.004199184167354764,FALSE,older
primary,Distinctiveness,Between-person,All modalities,65,67.13131313131314,-0.00653768146393241,FALSE,older,67.13131313131314,-0.006563169328235974,FALSE,older
primary,Distinctiveness,Between-person,All modalities,66,67.8989898989899,-0.008892486161841684,FALSE,older,67.8989898989899,-0.008927154489117184,FALSE,older
primary,Distinctiveness,Between-person,All modalities,67,68.66666666666666,-0.011247290859750958,FALSE,older,68.66666666666666,-0.011291139649998394,FALSE,older
primary,Distinctiveness,Between-person,All modalities,68,69.43434343434343,-0.013602095557660232,FALSE,older,69.43434343434343,-0.013655124810879382,FALSE,older
primary,Distinctiveness,Between-person,All modalities,69,70.20202020202021,-0.015956900255569506,FALSE,older,70.20202020202021,-0.016019109971760592,FALSE,older
primary,Distinctiveness,Between-person,All modalities,70,70.96969696969697,-0.01831170495347878,FALSE,older,70.96969696969697,-0.018383095132641802,FALSE,older
primary,Distinctiveness,Between-person,All modalities,71,71.73737373737373,-0.020666509651388054,FALSE,older,71.73737373737373,-0.020747080293523013,FALSE,older
primary,Distinctiveness,Between-person,All modalities,72,72.50505050505049,-0.023021314349297328,FALSE,older,72.50505050505049,-0.023111065454404223,FALSE,older
primary,Distinctiveness,Between-person,All modalities,73,73.27272727272727,-0.025376119047206713,FALSE,older,73.27272727272727,-0.025475050615285433,FALSE,older
primary,Distinctiveness,Between-person,All modalities,74,74.04040404040404,-0.027730923745115987,FALSE,older,74.04040404040404,-0.027839035776166643,FALSE,older
primary,Distinctiveness,Between-person,All modalities,75,74.8080808080808,-0.03008572844302526,FALSE,older,74.8080808080808,-0.03020302093704763,FALSE,older
primary,Distinctiveness,Between-person,All modalities,76,75.57575757575756,-0.032440533140934535,FALSE,older,75.57575757575756,-0.03256700609792884,FALSE,older
primary,Distinctiveness,Between-person,All modalities,77,76.34343434343434,-0.03479533783884381,FALSE,older,76.34343434343434,-0.03493099125881005,FALSE,older
primary,Distinctiveness,Between-person,All modalities,78,77.11111111111111,-0.037150142536753195,FALSE,older,77.11111111111111,-0.03729497641969126,FALSE,older
primary,Distinctiveness,Between-person,All modalities,79,77.87878787878788,-0.03950494723466247,FALSE,older,77.87878787878788,-0.03965896158057247,FALSE,older
primary,Distinctiveness,Between-person,All modalities,80,78.64646464646464,-0.04185975193257174,FALSE,older,78.64646464646464,-0.04202294674145368,FALSE,older
primary,Distinctiveness,Between-person,All modalities,81,79.41414141414141,-0.04421455663048102,FALSE,older,79.41414141414141,-0.04438693190233489,FALSE,older
primary,Distinctiveness,Between-person,All modalities,82,80.18181818181819,-0.04656936132839029,FALSE,older,80.18181818181819,-0.0467509170632161,FALSE,older
primary,Distinctiveness,Between-person,All modalities,83,80.94949494949495,-0.048924166026299565,FALSE,older,80.94949494949495,-0.04911490222409709,FALSE,older
primary,Distinctiveness,Between-person,All modalities,84,81.71717171717171,-0.05127897072420884,FALSE,older,81.71717171717171,-0.0514788873849783,FALSE,older
primary,Distinctiveness,Between-person,All modalities,85,82.48484848484848,-0.053633775422118224,FALSE,older,82.48484848484848,-0.05384287254585951,FALSE,older
primary,Distinctiveness,Between-person,All modalities,86,83.25252525252525,-0.0559885801200275,FALSE,older,83.25252525252525,-0.05620685770674072,FALSE,older
primary,Distinctiveness,Between-person,All modalities,87,84.02020202020202,-0.05834338481793677,FALSE,older,84.02020202020202,-0.05857084286762193,FALSE,older
primary,Distinctiveness,Between-person,All modalities,88,84.78787878787878,-0.060698189515846046,FALSE,older,84.78787878787878,-0.06093482802850314,FALSE,older
primary,Distinctiveness,Between-person,All modalities,89,85.55555555555556,-0.06305299421375532,FALSE,older,85.55555555555556,-0.06329881318938413,FALSE,older
primary,Distinctiveness,Between-person,All modalities,90,86.32323232323232,-0.0654077989116646,FALSE,older,86.32323232323232,-0.06566279835026534,FALSE,older
primary,Distinctiveness,Between-person,All modalities,91,87.09090909090908,-0.06776260360957398,FALSE,older,87.09090909090908,-0.06802678351114655,FALSE,older
primary,Distinctiveness,Between-person,All modalities,92,87.85858585858585,-0.07011740830748325,FALSE,older,87.85858585858585,-0.07039076867202776,FALSE,older
primary,Distinctiveness,Between-person,All modalities,93,88.62626262626262,-0.07247221300539253,FALSE,older,88.62626262626262,-0.07275475383290897,FALSE,older
primary,Distinctiveness,Between-person,All modalities,94,89.39393939393939,-0.0748270177033018,FALSE,older,89.39393939393939,-0.07511873899379018,FALSE,older
primary,Distinctiveness,Between-person,All modalities,95,90.16161616161615,-0.07718182240121108,FALSE,older,90.16161616161615,-0.07748272415467139,FALSE,older
primary,Distinctiveness,Between-person,All modalities,96,90.92929292929293,-0.07953662709912046,FALSE,older,90.92929292929293,-0.0798467093155526,FALSE,older
primary,Distinctiveness,Between-person,All modalities,97,91.69696969696969,-0.08189143179702973,FALSE,older,91.69696969696969,-0.08221069447643359,FALSE,older
primary,Distinctiveness,Between-person,All modalities,98,92.46464646464646,-0.08424623649493901,FALSE,older,92.46464646464646,-0.0845746796373148,FALSE,older
primary,Distinctiveness,Between-person,All modalities,99,93.23232323232322,-0.08660104119284828,FALSE,older,93.23232323232322,-0.08693866479819601,FALSE,older
primary,Distinctiveness,Between-person,All modalities,100,94,-0.08895584589075756,FALSE,older,94,-0.08930264995907722,FALSE,older
primary,Reliability,Between-person,Auditory,1,18,0.19356900818989364,FALSE,young,18,0.19396588058747088,FALSE,young
primary,Reliability,Between-person,Auditory,2,18.767676767676768,0.19040733945522104,FALSE,young,18.767676767676768,0.19079772951834384,FALSE,young
primary,Reliability,Between-person,Auditory,3,19.535353535353536,0.18724567072054832,FALSE,young,19.535353535353536,0.1876295784492169,FALSE,young
primary,Reliability,Between-person,Auditory,4,20.303030303030305,0.1840840019858756,FALSE,young,20.303030303030305,0.18446142738008986,FALSE,young
primary,Reliability,Between-person,Auditory,5,21.07070707070707,0.18092233325120288,FALSE,young,21.07070707070707,0.18129327631096293,FALSE,young
primary,Reliability,Between-person,Auditory,6,21.838383838383837,0.1777606645165304,FALSE,young,21.838383838383837,0.178125125241836,FALSE,young
primary,Reliability,Between-person,Auditory,7,22.606060606060606,0.17459899578185767,FALSE,young,22.606060606060606,0.17495697417270895,FALSE,young
primary,Reliability,Between-person,Auditory,8,23.373737373737374,0.17143732704718495,FALSE,young,23.373737373737374,0.171788823103582,FALSE,young
primary,Reliability,Between-person,Auditory,9,24.141414141414142,0.16827565831251223,FALSE,young,24.141414141414142,0.16862067203445497,FALSE,young
primary,Reliability,Between-person,Auditory,10,24.909090909090907,0.16511398957783974,FALSE,young,24.909090909090907,0.16545252096532803,FALSE,young
primary,Reliability,Between-person,Auditory,11,25.676767676767675,0.16195232084316702,FALSE,young,25.676767676767675,0.1622843698962012,FALSE,young
primary,Reliability,Between-person,Auditory,12,26.444444444444443,0.1587906521084943,FALSE,young,26.444444444444443,0.15911621882707427,FALSE,young
primary,Reliability,Between-person,Auditory,13,27.21212121212121,0.1556289833738217,FALSE,young,27.21212121212121,0.15594806775794723,FALSE,young
primary,Reliability,Between-person,Auditory,14,27.97979797979798,0.15246731463914898,FALSE,young,27.97979797979798,0.1527799166888203,FALSE,young
primary,Reliability,Between-person,Auditory,15,28.747474747474747,0.14930564590447637,FALSE,young,28.747474747474747,0.14961176561969325,FALSE,young
primary,Reliability,Between-person,Auditory,16,29.515151515151516,0.14614397716980365,TRUE,NA,29.515151515151516,0.14644361455056631,TRUE,NA
primary,Reliability,Between-person,Auditory,17,30.282828282828284,0.14298230843513104,TRUE,NA,30.282828282828284,0.14327546348143938,TRUE,NA
primary,Reliability,Between-person,Auditory,18,31.050505050505052,0.13982063970045833,TRUE,NA,31.050505050505052,0.14010731241231233,TRUE,NA
primary,Reliability,Between-person,Auditory,19,31.818181818181817,0.1366589709657856,TRUE,NA,31.818181818181817,0.1369391613431854,TRUE,NA
primary,Reliability,Between-person,Auditory,20,32.58585858585859,0.133497302231113,TRUE,NA,32.58585858585859,0.13377101027405836,TRUE,NA
primary,Reliability,Between-person,Auditory,21,33.35353535353535,0.1303356334964404,TRUE,NA,33.35353535353535,0.13060285920493142,TRUE,NA
primary,Reliability,Between-person,Auditory,22,34.121212121212125,0.12717396476176768,TRUE,NA,34.121212121212125,0.1274347081358045,TRUE,NA
primary,Reliability,Between-person,Auditory,23,34.888888888888886,0.12401229602709496,TRUE,NA,34.888888888888886,0.12426655706667744,TRUE,NA
primary,Reliability,Between-person,Auditory,24,35.656565656565654,0.12085062729242224,TRUE,NA,35.656565656565654,0.12109840599755062,TRUE,NA
primary,Reliability,Between-person,Auditory,25,36.42424242424242,0.11768895855774975,TRUE,NA,36.42424242424242,0.11793025492842368,TRUE,NA
primary,Reliability,Between-person,Auditory,26,37.19191919191919,0.11452728982307703,TRUE,NA,37.19191919191919,0.11476210385929664,TRUE,NA
primary,Reliability,Between-person,Auditory,27,37.95959595959596,0.11136562108840431,TRUE,NA,37.95959595959596,0.1115939527901697,TRUE,NA
primary,Reliability,Between-person,Auditory,28,38.72727272727273,0.10820395235373159,TRUE,NA,38.72727272727273,0.10842580172104266,TRUE,NA
primary,Reliability,Between-person,Auditory,29,39.494949494949495,0.10504228361905898,TRUE,NA,39.494949494949495,0.10525765065191572,TRUE,NA
primary,Reliability,Between-person,Auditory,30,40.262626262626256,0.10188061488438638,TRUE,NA,40.262626262626256,0.10208949958278879,TRUE,NA
primary,Reliability,Between-person,Auditory,31,41.03030303030303,0.09871894614971366,TRUE,NA,41.03030303030303,0.09892134851366174,TRUE,NA
primary,Reliability,Between-person,Auditory,32,41.79797979797979,0.09555727741504105,TRUE,NA,41.79797979797979,0.09575319744453481,TRUE,NA
primary,Reliability,Between-person,Auditory,33,42.56565656565657,0.09239560868036834,TRUE,NA,42.56565656565657,0.09258504637540776,TRUE,NA
primary,Reliability,Between-person,Auditory,34,43.33333333333333,0.08923393994569562,TRUE,NA,43.33333333333333,0.08941689530628083,TRUE,NA
primary,Reliability,Between-person,Auditory,35,44.101010101010104,0.08607227121102301,TRUE,NA,44.101010101010104,0.0862487442371539,TRUE,NA
primary,Reliability,Between-person,Auditory,36,44.868686868686865,0.0829106024763504,TRUE,NA,44.868686868686865,0.08308059316802685,TRUE,NA
primary,Reliability,Between-person,Auditory,37,45.63636363636363,0.07974893374167769,TRUE,NA,45.63636363636363,0.07991244209890003,TRUE,NA
primary,Reliability,Between-person,Auditory,38,46.4040404040404,0.07658726500700497,TRUE,NA,46.4040404040404,0.07674429102977309,TRUE,NA
primary,Reliability,Between-person,Auditory,39,47.17171717171717,0.07342559627233225,TRUE,NA,47.17171717171717,0.07357613996064605,TRUE,NA
primary,Reliability,Between-person,Auditory,40,47.93939393939394,0.07026392753765975,TRUE,NA,47.93939393939394,0.07040798889151911,TRUE,NA
primary,Reliability,Between-person,Auditory,41,48.707070707070706,0.06710225880298704,TRUE,NA,48.707070707070706,0.06723983782239218,TRUE,NA
primary,Reliability,Between-person,Auditory,42,49.474747474747474,0.06394059006831432,TRUE,NA,49.474747474747474,0.06407168675326513,TRUE,NA
primary,Reliability,Between-person,Auditory,43,50.24242424242424,0.0607789213336416,TRUE,NA,50.24242424242424,0.0609035356841382,TRUE,NA
primary,Reliability,Between-person,Auditory,44,51.01010101010101,0.05761725259896899,TRUE,NA,51.01010101010101,0.057735384615011154,TRUE,NA
primary,Reliability,Between-person,Auditory,45,51.77777777777778,0.054455583864296386,TRUE,NA,51.77777777777778,0.05456723354588422,TRUE,NA
primary,Reliability,Between-person,Auditory,46,52.54545454545454,0.05129391512962367,TRUE,NA,52.54545454545454,0.051399082476757285,TRUE,NA
primary,Reliability,Between-person,Auditory,47,53.31313131313131,0.04813224639495095,TRUE,NA,53.31313131313131,0.04823093140763024,TRUE,NA
primary,Reliability,Between-person,Auditory,48,54.080808080808076,0.044970577660278344,TRUE,NA,54.080808080808076,0.045062780338503305,TRUE,NA
primary,Reliability,Between-person,Auditory,49,54.848484848484844,0.041808908925605626,TRUE,NA,54.848484848484844,0.04189462926937637,TRUE,NA
primary,Reliability,Between-person,Auditory,50,55.61616161616161,0.03864724019093302,TRUE,NA,55.61616161616161,0.038726478200249326,TRUE,NA
primary,Reliability,Between-person,Auditory,51,56.38383838383838,0.0354855714562603,TRUE,NA,56.38383838383838,0.0355583271311225,TRUE,NA
primary,Reliability,Between-person,Auditory,52,57.15151515151515,0.032323902721587694,TRUE,NA,57.15151515151515,0.03239017606199546,TRUE,NA
primary,Reliability,Between-person,Auditory,53,57.91919191919192,0.029162233986914976,TRUE,NA,57.91919191919192,0.029222024992868523,TRUE,NA
primary,Reliability,Between-person,Auditory,54,58.686868686868685,0.026000565252242258,TRUE,NA,58.686868686868685,0.02605387392374159,TRUE,NA
primary,Reliability,Between-person,Auditory,55,59.45454545454545,0.02283889651756965,TRUE,NA,59.45454545454545,0.022885722854614543,TRUE,NA
primary,Reliability,Between-person,Auditory,56,60.22222222222222,0.019677227782897044,TRUE,NA,60.22222222222222,0.01971757178548761,TRUE,NA
primary,Reliability,Between-person,Auditory,57,60.98989898989899,0.016515559048224326,TRUE,NA,60.98989898989899,0.016549420716360563,TRUE,NA
primary,Reliability,Between-person,Auditory,58,61.75757575757576,0.013353890313551608,TRUE,NA,61.75757575757576,0.013381269647233629,TRUE,NA
primary,Reliability,Between-person,Auditory,59,62.52525252525252,0.010192221578879113,TRUE,NA,62.52525252525252,0.010213118578106695,TRUE,NA
primary,Reliability,Between-person,Auditory,60,63.29292929292929,0.007030552844206395,TRUE,NA,63.29292929292929,0.007044967508979649,TRUE,NA
primary,Reliability,Between-person,Auditory,61,64.06060606060606,0.003868884109533677,TRUE,NA,64.06060606060606,0.003876816439852715,TRUE,NA
primary,Reliability,Between-person,Auditory,62,64.82828282828282,7.072153748609589e-4,TRUE,NA,64.82828282828282,7.086653707257806e-4,TRUE,NA
primary,Reliability,Between-person,Auditory,63,65.59595959595958,-0.002454453359811648,FALSE,older,65.59595959595958,-0.0024594856984011537,FALSE,older
primary,Reliability,Between-person,Auditory,64,66.36363636363636,-0.005616122094484255,FALSE,older,66.36363636363636,-0.005627636767528088,FALSE,older
primary,Reliability,Between-person,Auditory,65,67.13131313131314,-0.008777790829156973,FALSE,older,67.13131313131314,-0.008795787836655133,FALSE,older
primary,Reliability,Between-person,Auditory,66,67.8989898989899,-0.01193945956382969,FALSE,older,67.8989898989899,-0.011963938905782068,FALSE,older
primary,Reliability,Between-person,Auditory,67,68.66666666666666,-0.015101128298502298,FALSE,older,68.66666666666666,-0.015132089974909002,FALSE,older
primary,Reliability,Between-person,Auditory,68,69.43434343434343,-0.018262797033175016,FALSE,older,69.43434343434343,-0.018300241044036047,FALSE,older
primary,Reliability,Between-person,Auditory,69,70.20202020202021,-0.021424465767847733,FALSE,older,70.20202020202021,-0.021468392113162982,FALSE,older
primary,Reliability,Between-person,Auditory,70,70.96969696969697,-0.02458613450252034,FALSE,older,70.96969696969697,-0.024636543182289916,FALSE,older
primary,Reliability,Between-person,Auditory,71,71.73737373737373,-0.027747803237192947,FALSE,older,71.73737373737373,-0.02780469425141696,FALSE,older
primary,Reliability,Between-person,Auditory,72,72.50505050505049,-0.030909471971865665,FALSE,older,72.50505050505049,-0.030972845320543896,FALSE,older
primary,Reliability,Between-person,Auditory,73,73.27272727272727,-0.03407114070653838,FALSE,older,73.27272727272727,-0.03414099638967083,FALSE,older
primary,Reliability,Between-person,Auditory,74,74.04040404040404,-0.03723280944121099,FALSE,older,74.04040404040404,-0.037309147458797876,FALSE,older
primary,Reliability,Between-person,Auditory,75,74.8080808080808,-0.0403944781758836,FALSE,older,74.8080808080808,-0.04047729852792481,FALSE,older
primary,Reliability,Between-person,Auditory,76,75.57575757575756,-0.043556146910556315,FALSE,older,75.57575757575756,-0.04364544959705163,FALSE,older
primary,Reliability,Between-person,Auditory,77,76.34343434343434,-0.04671781564522903,FALSE,older,76.34343434343434,-0.04681360066617868,FALSE,older
primary,Reliability,Between-person,Auditory,78,77.11111111111111,-0.04987948437990175,FALSE,older,77.11111111111111,-0.049981751735305724,FALSE,older
primary,Reliability,Between-person,Auditory,79,77.87878787878788,-0.053041153114574247,FALSE,older,77.87878787878788,-0.05314990280443266,FALSE,older
primary,Reliability,Between-person,Auditory,80,78.64646464646464,-0.056202821849246964,FALSE,older,78.64646464646464,-0.05631805387355959,FALSE,older
primary,Reliability,Between-person,Auditory,81,79.41414141414141,-0.05936449058391968,FALSE,older,79.41414141414141,-0.05948620494268664,FALSE,older
primary,Reliability,Between-person,Auditory,82,80.18181818181819,-0.0625261593185924,FALSE,older,80.18181818181819,-0.06265435601181357,FALSE,older
primary,Reliability,Between-person,Auditory,83,80.94949494949495,-0.06568782805326495,FALSE,older,80.94949494949495,-0.0658225070809405,FALSE,older
primary,Reliability,Between-person,Auditory,84,81.71717171717171,-0.06884949678793767,FALSE,older,81.71717171717171,-0.06899065815006755,FALSE,older
primary,Reliability,Between-person,Auditory,85,82.48484848484848,-0.07201116552261033,FALSE,older,82.48484848484848,-0.07215880921919449,FALSE,older
primary,Reliability,Between-person,Auditory,86,83.25252525252525,-0.07517283425728294,FALSE,older,83.25252525252525,-0.07532696028832137,FALSE,older
primary,Reliability,Between-person,Auditory,87,84.02020202020202,-0.0783345029919556,FALSE,older,84.02020202020202,-0.07849511135744847,FALSE,older
primary,Reliability,Between-person,Auditory,88,84.78787878787878,-0.08149617172662826,FALSE,older,84.78787878787878,-0.0816632624265754,FALSE,older
primary,Reliability,Between-person,Auditory,89,85.55555555555556,-0.08465784046130098,FALSE,older,85.55555555555556,-0.08483141349570245,FALSE,older
primary,Reliability,Between-person,Auditory,90,86.32323232323232,-0.08781950919597353,FALSE,older,86.32323232323232,-0.08799956456482938,FALSE,older
primary,Reliability,Between-person,Auditory,91,87.09090909090908,-0.09098117793064625,FALSE,older,87.09090909090908,-0.09116771563395631,FALSE,older
primary,Reliability,Between-person,Auditory,92,87.85858585858585,-0.09414284666531891,FALSE,older,87.85858585858585,-0.09433586670308336,FALSE,older
primary,Reliability,Between-person,Auditory,93,88.62626262626262,-0.09730451539999163,FALSE,older,88.62626262626262,-0.09750401777221024,FALSE,older
primary,Reliability,Between-person,Auditory,94,89.39393939393939,-0.10046618413466435,FALSE,older,89.39393939393939,-0.10067216884133728,FALSE,older
primary,Reliability,Between-person,Auditory,95,90.16161616161615,-0.1036278528693369,FALSE,older,90.16161616161615,-0.10384031991046422,FALSE,older
primary,Reliability,Between-person,Auditory,96,90.92929292929293,-0.10678952160400962,FALSE,older,90.92929292929293,-0.10700847097959115,FALSE,older
primary,Reliability,Between-person,Auditory,97,91.69696969696969,-0.10995119033868228,FALSE,older,91.69696969696969,-0.11017662204871814,FALSE,older
primary,Reliability,Between-person,Auditory,98,92.46464646464646,-0.11311285907335494,FALSE,older,92.46464646464646,-0.11334477311784513,FALSE,older
primary,Reliability,Between-person,Auditory,99,93.23232323232322,-0.1162745278080276,FALSE,older,93.23232323232322,-0.11651292418697207,FALSE,older
primary,Reliability,Between-person,Auditory,100,94,-0.11943619654270027,FALSE,older,94,-0.11968107525609906,FALSE,older
primary,Reliability,Between-person,Visual,1,18,0.15731821522411082,FALSE,young,18,0.158079995120475,FALSE,young
primary,Reliability,Between-person,Visual,2,18.767676767676768,0.1547486505653891,FALSE,young,18.767676767676768,0.15549798789306124,FALSE,young
primary,Reliability,Between-person,Visual,3,19.535353535353536,0.1521790859066673,FALSE,young,19.535353535353536,0.1529159806656475,FALSE,young
primary,Reliability,Between-person,Visual,4,20.303030303030305,0.14960952124794547,FALSE,young,20.303030303030305,0.15033397343823374,FALSE,young
primary,Reliability,Between-person,Visual,5,21.07070707070707,0.14703995658922364,FALSE,young,21.07070707070707,0.14775196621081998,FALSE,young
primary,Reliability,Between-person,Visual,6,21.838383838383837,0.14447039193050193,FALSE,young,21.838383838383837,0.14516995898340634,FALSE,young
primary,Reliability,Between-person,Visual,7,22.606060606060606,0.14190082727178022,FALSE,young,22.606060606060606,0.1425879517559926,FALSE,young
primary,Reliability,Between-person,Visual,8,23.373737373737374,0.1393312626130584,FALSE,young,23.373737373737374,0.14000594452857884,FALSE,young
primary,Reliability,Between-person,Visual,9,24.141414141414142,0.13676169795433657,FALSE,young,24.141414141414142,0.1374239373011651,FALSE,young
primary,Reliability,Between-person,Visual,10,24.909090909090907,0.13419213329561486,FALSE,young,24.909090909090907,0.13484193007375134,FALSE,young
primary,Reliability,Between-person,Visual,11,25.676767676767675,0.13162256863689303,FALSE,young,25.676767676767675,0.1322599228463377,FALSE,young
primary,Reliability,Between-person,Visual,12,26.444444444444443,0.1290530039781712,FALSE,young,26.444444444444443,0.12967791561892394,FALSE,young
primary,Reliability,Between-person,Visual,13,27.21212121212121,0.1264834393194496,FALSE,young,27.21212121212121,0.1270959083915102,FALSE,young
primary,Reliability,Between-person,Visual,14,27.97979797979798,0.12391387466072779,FALSE,young,27.97979797979798,0.12451390116409644,FALSE,young
primary,Reliability,Between-person,Visual,15,28.747474747474747,0.12134431000200596,FALSE,young,28.747474747474747,0.12193189393668269,FALSE,young
primary,Reliability,Between-person,Visual,16,29.515151515151516,0.11877474534328414,TRUE,NA,29.515151515151516,0.11934988670926894,TRUE,NA
primary,Reliability,Between-person,Visual,17,30.282828282828284,0.11620518068456243,TRUE,NA,30.282828282828284,0.1167678794818553,TRUE,NA
primary,Reliability,Between-person,Visual,18,31.050505050505052,0.11363561602584071,TRUE,NA,31.050505050505052,0.11418587225444154,TRUE,NA
primary,Reliability,Between-person,Visual,19,31.818181818181817,0.11106605136711889,TRUE,NA,31.818181818181817,0.1116038650270278,TRUE,NA
primary,Reliability,Between-person,Visual,20,32.58585858585859,0.10849648670839707,TRUE,NA,32.58585858585859,0.10902185779961404,TRUE,NA
primary,Reliability,Between-person,Visual,21,33.35353535353535,0.10592692204967535,TRUE,NA,33.35353535353535,0.10643985057220029,TRUE,NA
primary,Reliability,Between-person,Visual,22,34.121212121212125,0.10335735739095353,TRUE,NA,34.121212121212125,0.10385784334478665,TRUE,NA
primary,Reliability,Between-person,Visual,23,34.888888888888886,0.1007877927322317,TRUE,NA,34.888888888888886,0.10127583611737279,TRUE,NA
primary,Reliability,Between-person,Visual,24,35.656565656565654,0.09821822807351,TRUE,NA,35.656565656565654,0.09869382888995915,TRUE,NA
primary,Reliability,Between-person,Visual,25,36.42424242424242,0.09564866341478828,TRUE,NA,36.42424242424242,0.0961118216625454,TRUE,NA
primary,Reliability,Between-person,Visual,26,37.19191919191919,0.09307909875606646,TRUE,NA,37.19191919191919,0.09352981443513164,TRUE,NA
primary,Reliability,Between-person,Visual,27,37.95959595959596,0.09050953409734463,TRUE,NA,37.95959595959596,0.090947807207718,TRUE,NA
primary,Reliability,Between-person,Visual,28,38.72727272727273,0.08793996943862281,TRUE,NA,38.72727272727273,0.08836579998030414,TRUE,NA
primary,Reliability,Between-person,Visual,29,39.494949494949495,0.0853704047799011,TRUE,NA,39.494949494949495,0.0857837927528905,TRUE,NA
primary,Reliability,Between-person,Visual,30,40.262626262626256,0.08280084012117939,TRUE,NA,40.262626262626256,0.08320178552547675,TRUE,NA
primary,Reliability,Between-person,Visual,31,41.03030303030303,0.08023127546245756,TRUE,NA,41.03030303030303,0.080619778298063,TRUE,NA
primary,Reliability,Between-person,Visual,32,41.79797979797979,0.07766171080373585,TRUE,NA,41.79797979797979,0.07803777107064924,TRUE,NA
primary,Reliability,Between-person,Visual,33,42.56565656565657,0.07509214614501403,TRUE,NA,42.56565656565657,0.07545576384323549,TRUE,NA
primary,Reliability,Between-person,Visual,34,43.33333333333333,0.0725225814862922,TRUE,NA,43.33333333333333,0.07287375661582174,TRUE,NA
primary,Reliability,Between-person,Visual,35,44.101010101010104,0.06995301682757038,TRUE,NA,44.101010101010104,0.0702917493884081,TRUE,NA
primary,Reliability,Between-person,Visual,36,44.868686868686865,0.06738345216884878,TRUE,NA,44.868686868686865,0.06770974216099435,TRUE,NA
primary,Reliability,Between-person,Visual,37,45.63636363636363,0.06481388751012696,TRUE,NA,45.63636363636363,0.0651277349335806,TRUE,NA
primary,Reliability,Between-person,Visual,38,46.4040404040404,0.06224432285140513,TRUE,NA,46.4040404040404,0.06254572770616695,TRUE,NA
primary,Reliability,Between-person,Visual,39,47.17171717171717,0.05967475819268331,TRUE,NA,47.17171717171717,0.05996372047875309,TRUE,NA
primary,Reliability,Between-person,Visual,40,47.93939393939394,0.057105193533961596,TRUE,NA,47.93939393939394,0.05738171325133945,TRUE,NA
primary,Reliability,Between-person,Visual,41,48.707070707070706,0.05453562887523977,TRUE,NA,48.707070707070706,0.0547997060239257,TRUE,NA
primary,Reliability,Between-person,Visual,42,49.474747474747474,0.05196606421651806,TRUE,NA,49.474747474747474,0.05221769879651195,TRUE,NA
primary,Reliability,Between-person,Visual,43,50.24242424242424,0.049396499557796236,TRUE,NA,50.24242424242424,0.049635691569098195,TRUE,NA
primary,Reliability,Between-person,Visual,44,51.01010101010101,0.046826934899074524,TRUE,NA,51.01010101010101,0.04705368434168444,TRUE,NA
primary,Reliability,Between-person,Visual,45,51.77777777777778,0.0442573702403527,TRUE,NA,51.77777777777778,0.04447167711427069,TRUE,NA
primary,Reliability,Between-person,Visual,46,52.54545454545454,0.04168780558163088,TRUE,NA,52.54545454545454,0.04188966988685705,TRUE,NA
primary,Reliability,Between-person,Visual,47,53.31313131313131,0.03911824092290905,TRUE,NA,53.31313131313131,0.0393076626594433,TRUE,NA
primary,Reliability,Between-person,Visual,48,54.080808080808076,0.03654867626418745,TRUE,NA,54.080808080808076,0.03672565543202955,TRUE,NA
primary,Reliability,Between-person,Visual,49,54.848484848484844,0.03397911160546563,TRUE,NA,54.848484848484844,0.034143648204615906,TRUE,NA
primary,Reliability,Between-person,Visual,50,55.61616161616161,0.031409546946743805,TRUE,NA,55.61616161616161,0.03156164097720204,TRUE,NA
primary,Reliability,Between-person,Visual,51,56.38383838383838,0.02883998228802198,TRUE,NA,56.38383838383838,0.028979633749788403,TRUE,NA
primary,Reliability,Between-person,Visual,52,57.15151515151515,0.02627041762930027,TRUE,NA,57.15151515151515,0.02639762652237454,TRUE,NA
primary,Reliability,Between-person,Visual,53,57.91919191919192,0.023700852970578556,TRUE,NA,57.91919191919192,0.0238156192949609,TRUE,NA
primary,Reliability,Between-person,Visual,54,58.686868686868685,0.021131288311856733,TRUE,NA,58.686868686868685,0.021233612067547147,TRUE,NA
primary,Reliability,Between-person,Visual,55,59.45454545454545,0.01856172365313491,TRUE,NA,59.45454545454545,0.018651604840133396,TRUE,NA
primary,Reliability,Between-person,Visual,56,60.22222222222222,0.015992158994413197,TRUE,NA,60.22222222222222,0.016069597612719755,TRUE,NA
primary,Reliability,Between-person,Visual,57,60.98989898989899,0.013422594335691374,TRUE,NA,60.98989898989899,0.013487590385305892,TRUE,NA
primary,Reliability,Between-person,Visual,58,61.75757575757576,0.01085302967696955,TRUE,NA,61.75757575757576,0.010905583157892251,TRUE,NA
primary,Reliability,Between-person,Visual,59,62.52525252525252,0.008283465018247949,TRUE,NA,62.52525252525252,0.0083235759304785,TRUE,NA
primary,Reliability,Between-person,Visual,60,63.29292929292929,0.005713900359526125,TRUE,NA,63.29292929292929,0.005741568703064748,TRUE,NA
primary,Reliability,Between-person,Visual,61,64.06060606060606,0.0031443357008043016,TRUE,NA,64.06060606060606,0.003159561475650996,TRUE,NA
primary,Reliability,Between-person,Visual,62,64.82828282828282,5.747710420824781e-4,TRUE,NA,64.82828282828282,5.775542482373552e-4,TRUE,NA
primary,Reliability,Between-person,Visual,63,65.59595959595958,-0.0019947936166392344,FALSE,older,65.59595959595958,-0.0020044529791765076,FALSE,older
primary,Reliability,Between-person,Visual,64,66.36363636363636,-0.004564358275361058,FALSE,older,66.36363636363636,-0.004586460206590148,FALSE,older
primary,Reliability,Between-person,Visual,65,67.13131313131314,-0.00713392293408277,FALSE,older,67.13131313131314,-0.007168467434004011,FALSE,older
primary,Reliability,Between-person,Visual,66,67.8989898989899,-0.009703487592804594,FALSE,older,67.8989898989899,-0.009750474661417652,FALSE,older
primary,Reliability,Between-person,Visual,67,68.66666666666666,-0.012273052251526306,FALSE,older,68.66666666666666,-0.012332481888831293,FALSE,older
primary,Reliability,Between-person,Visual,68,69.43434343434343,-0.01484261691024813,FALSE,older,69.43434343434343,-0.014914489116245155,FALSE,older
primary,Reliability,Between-person,Visual,69,70.20202020202021,-0.017412181568969953,FALSE,older,70.20202020202021,-0.017496496343658796,FALSE,older
primary,Reliability,Between-person,Visual,70,70.96969696969697,-0.019981746227691777,FALSE,older,70.96969696969697,-0.020078503571072548,FALSE,older
primary,Reliability,Between-person,Visual,71,71.73737373737373,-0.022551310886413378,FALSE,older,71.73737373737373,-0.0226605107984863,FALSE,older
primary,Reliability,Between-person,Visual,72,72.50505050505049,-0.0251208755451352,FALSE,older,72.50505050505049,-0.02524251802590005,FALSE,older
primary,Reliability,Between-person,Visual,73,73.27272727272727,-0.027690440203857025,FALSE,older,73.27272727272727,-0.027824525253313692,FALSE,older
primary,Reliability,Between-person,Visual,74,74.04040404040404,-0.03026000486257885,FALSE,older,74.04040404040404,-0.030406532480727555,FALSE,older
primary,Reliability,Between-person,Visual,75,74.8080808080808,-0.03282956952130056,FALSE,older,74.8080808080808,-0.032988539708141196,FALSE,older
primary,Reliability,Between-person,Visual,76,75.57575757575756,-0.035399134180022385,FALSE,older,75.57575757575756,-0.035570546935554836,FALSE,older
primary,Reliability,Between-person,Visual,77,76.34343434343434,-0.0379686988387441,FALSE,older,76.34343434343434,-0.0381525541629687,FALSE,older
primary,Reliability,Between-person,Visual,78,77.11111111111111,-0.04053826349746592,FALSE,older,77.11111111111111,-0.04073456139038245,FALSE,older
primary,Reliability,Between-person,Visual,79,77.87878787878788,-0.04310782815618763,FALSE,older,77.87878787878788,-0.0433165686177962,FALSE,older
primary,Reliability,Between-person,Visual,80,78.64646464646464,-0.04567739281490946,FALSE,older,78.64646464646464,-0.045898575845209844,FALSE,older
primary,Reliability,Between-person,Visual,81,79.41414141414141,-0.04824695747363128,FALSE,older,79.41414141414141,-0.048480583072623706,FALSE,older
primary,Reliability,Between-person,Visual,82,80.18181818181819,-0.050816522132353104,FALSE,older,80.18181818181819,-0.05106259030003735,FALSE,older
primary,Reliability,Between-person,Visual,83,80.94949494949495,-0.053386086791074705,FALSE,older,80.94949494949495,-0.0536445975274511,FALSE,older
primary,Reliability,Between-person,Visual,84,81.71717171717171,-0.05595565144979653,FALSE,older,81.71717171717171,-0.05622660475486485,FALSE,older
primary,Reliability,Between-person,Visual,85,82.48484848484848,-0.05852521610851835,FALSE,older,82.48484848484848,-0.0588086119822786,FALSE,older
primary,Reliability,Between-person,Visual,86,83.25252525252525,-0.061094780767240064,FALSE,older,83.25252525252525,-0.06139061920969224,FALSE,older
primary,Reliability,Between-person,Visual,87,84.02020202020202,-0.06366434542596189,FALSE,older,84.02020202020202,-0.063972626437106,FALSE,older
primary,Reliability,Between-person,Visual,88,84.78787878787878,-0.06623391008468366,FALSE,older,84.78787878787878,-0.06655463366451975,FALSE,older
primary,Reliability,Between-person,Visual,89,85.55555555555556,-0.06880347474340548,FALSE,older,85.55555555555556,-0.06913664089193355,FALSE,older
primary,Reliability,Between-person,Visual,90,86.32323232323232,-0.07137303940212708,FALSE,older,86.32323232323232,-0.0717186481193472,FALSE,older
primary,Reliability,Between-person,Visual,91,87.09090909090908,-0.0739426040608489,FALSE,older,87.09090909090908,-0.07430065534676089,FALSE,older
primary,Reliability,Between-person,Visual,92,87.85858585858585,-0.07651216871957073,FALSE,older,87.85858585858585,-0.0768826625741747,FALSE,older
primary,Reliability,Between-person,Visual,93,88.62626262626262,-0.0790817333782925,FALSE,older,88.62626262626262,-0.0794646698015884,FALSE,older
primary,Reliability,Between-person,Visual,94,89.39393939393939,-0.08165129803701432,FALSE,older,89.39393939393939,-0.0820466770290022,FALSE,older
primary,Reliability,Between-person,Visual,95,90.16161616161615,-0.08422086269573603,FALSE,older,90.16161616161615,-0.0846286842564159,FALSE,older
primary,Reliability,Between-person,Visual,96,90.92929292929293,-0.0867904273544578,FALSE,older,90.92929292929293,-0.0872106914838296,FALSE,older
primary,Reliability,Between-person,Visual,97,91.69696969696969,-0.08935999201317962,FALSE,older,91.69696969696969,-0.08979269871124329,FALSE,older
primary,Reliability,Between-person,Visual,98,92.46464646464646,-0.09192955667190139,FALSE,older,92.46464646464646,-0.0923747059386571,FALSE,older
primary,Reliability,Between-person,Visual,99,93.23232323232322,-0.0944991213306231,FALSE,older,93.23232323232322,-0.0949567131660708,FALSE,older
primary,Reliability,Between-person,Visual,100,94,-0.09706868598934493,FALSE,older,94,-0.0975387203934846,FALSE,older
primary,Reliability,Between-person,Motor,1,18,0.09058437905781891,FALSE,young,18,0.09151463995522435,FALSE,young
primary,Reliability,Between-person,Motor,2,18.696969696969695,0.089241090393518685,FALSE,young,18.696969696969695,0.09015755631952471,FALSE,young
primary,Reliability,Between-person,Motor,3,19.393939393939394,0.08789780172921835,FALSE,young,19.393939393939394,0.08880047268382496,FALSE,young
primary,Reliability,Between-person,Motor,4,20.09090909090909,0.086554513064918015,FALSE,young,20.09090909090909,0.08744338904812532,FALSE,young
primary,Reliability,Between-person,Motor,5,20.78787878787879,0.08521122440061768,FALSE,young,20.78787878787879,0.08608630541242579,FALSE,young
primary,Reliability,Between-person,Motor,6,21.484848484848484,0.083867935736317345,FALSE,young,21.484848484848484,0.08472922177672615,FALSE,young
primary,Reliability,Between-person,Motor,7,22.18181818181818,0.08252464707201701,FALSE,young,22.18181818181818,0.08337213814102651,FALSE,young
primary,Reliability,Between-person,Motor,8,22.87878787878788,0.08118135840771656,FALSE,young,22.87878787878788,0.08201505450532676,FALSE,young
primary,Reliability,Between-person,Motor,9,23.575757575757578,0.07983806974341623,FALSE,young,23.575757575757578,0.08065797086962712,FALSE,young
primary,Reliability,Between-person,Motor,10,24.272727272727273,0.0784947810791159,FALSE,young,24.272727272727273,0.07930088723392748,FALSE,young
primary,Reliability,Between-person,Motor,11,24.96969696969697,0.07715149241481556,FALSE,young,24.96969696969697,0.07794380359822783,FALSE,young
primary,Reliability,Between-person,Motor,12,25.666666666666668,0.07580820375051522,FALSE,young,25.666666666666668,0.0765867199625282,FALSE,young
primary,Reliability,Between-person,Motor,13,26.363636363636363,0.07446491508621489,FALSE,young,26.363636363636363,0.07522963632682855,FALSE,young
primary,Reliability,Between-person,Motor,14,27.060606060606062,0.07312162642191455,FALSE,young,27.060606060606062,0.0738725526911288,FALSE,young
primary,Reliability,Between-person,Motor,15,27.757575757575758,0.07177833775761422,FALSE,young,27.757575757575758,0.07251546905542916,FALSE,young
primary,Reliability,Between-person,Motor,16,28.454545454545453,0.07043504909331377,FALSE,young,28.454545454545453,0.07115838541972952,FALSE,young
primary,Reliability,Between-person,Motor,17,29.151515151515152,0.06909176042901344,TRUE,NA,29.151515151515152,0.06980130178402988,TRUE,NA
primary,Reliability,Between-person,Motor,18,29.84848484848485,0.0677484717647131,TRUE,NA,29.84848484848485,0.06844421814833024,TRUE,NA
primary,Reliability,Between-person,Motor,19,30.545454545454547,0.06640518310041277,TRUE,NA,30.545454545454547,0.06708713451263049,TRUE,NA
primary,Reliability,Between-person,Motor,20,31.242424242424242,0.06506189443611243,TRUE,NA,31.242424242424242,0.06573005087693085,TRUE,NA
primary,Reliability,Between-person,Motor,21,31.93939393939394,0.06371860577181221,TRUE,NA,31.93939393939394,0.06437296724123132,TRUE,NA
primary,Reliability,Between-person,Motor,22,32.63636363636364,0.062375317107511874,TRUE,NA,32.63636363636364,0.06301588360553168,TRUE,NA
primary,Reliability,Between-person,Motor,23,33.333333333333336,0.06103202844321143,TRUE,NA,33.333333333333336,0.061658799969832034,TRUE,NA
primary,Reliability,Between-person,Motor,24,34.03030303030303,0.05968873977891098,TRUE,NA,34.03030303030303,0.060301716334132394,TRUE,NA
primary,Reliability,Between-person,Motor,25,34.72727272727273,0.05834545111461065,TRUE,NA,34.72727272727273,0.05894463269843264,TRUE,NA
primary,Reliability,Between-person,Motor,26,35.42424242424242,0.05700216245031031,TRUE,NA,35.42424242424242,0.057587549062733,TRUE,NA
primary,Reliability,Between-person,Motor,27,36.121212121212125,0.05565887378600998,TRUE,NA,36.121212121212125,0.05623046542703336,TRUE,NA
primary,Reliability,Between-person,Motor,28,36.81818181818182,0.05431558512170975,TRUE,NA,36.81818181818182,0.05487338179133372,TRUE,NA
primary,Reliability,Between-person,Motor,29,37.515151515151516,0.05297229645740942,TRUE,NA,37.515151515151516,0.05351629815563408,TRUE,NA
primary,Reliability,Between-person,Motor,30,38.21212121212122,0.05162900779310908,TRUE,NA,38.21212121212122,0.05215921451993433,TRUE,NA
primary,Reliability,Between-person,Motor,31,38.90909090909091,0.05028571912880864,TRUE,NA,38.90909090909091,0.050802130884234686,TRUE,NA
primary,Reliability,Between-person,Motor,32,39.60606060606061,0.04894243046450819,TRUE,NA,39.60606060606061,0.049445047248535046,TRUE,NA
primary,Reliability,Between-person,Motor,33,40.303030303030305,0.047599141800207856,TRUE,NA,40.303030303030305,0.048087963612835405,TRUE,NA
primary,Reliability,Between-person,Motor,34,41,0.04625585313590763,TRUE,NA,41,0.046730879977135764,TRUE,NA
primary,Reliability,Between-person,Motor,35,41.6969696969697,0.0449125644716073,TRUE,NA,41.6969696969697,0.04537379634143612,TRUE,NA
primary,Reliability,Between-person,Motor,36,42.39393939393939,0.04356927580730696,TRUE,NA,42.39393939393939,0.04401671270573637,TRUE,NA
primary,Reliability,Between-person,Motor,37,43.09090909090909,0.04222598714300663,TRUE,NA,43.09090909090909,0.04265962907003684,TRUE,NA
primary,Reliability,Between-person,Motor,38,43.78787878787879,0.04088269847870618,TRUE,NA,43.78787878787879,0.0413025454343372,TRUE,NA
primary,Reliability,Between-person,Motor,39,44.484848484848484,0.039539409814405735,TRUE,NA,44.484848484848484,0.03994546179863756,TRUE,NA
primary,Reliability,Between-person,Motor,40,45.18181818181819,0.0381961211501054,TRUE,NA,45.18181818181819,0.03858837816293792,TRUE,NA
primary,Reliability,Between-person,Motor,41,45.87878787878788,0.036852832485805176,TRUE,NA,45.87878787878788,0.03723129452723817,TRUE,NA
primary,Reliability,Between-person,Motor,42,46.57575757575758,0.03550954382150484,TRUE,NA,46.57575757575758,0.03587421089153853,TRUE,NA
primary,Reliability,Between-person,Motor,43,47.27272727272727,0.034166255157204506,TRUE,NA,47.27272727272727,0.034517127255838886,TRUE,NA
primary,Reliability,Between-person,Motor,44,47.96969696969697,0.03282296649290417,TRUE,NA,47.96969696969697,0.033160043620139246,TRUE,NA
primary,Reliability,Between-person,Motor,45,48.66666666666667,0.031479677828603836,TRUE,NA,48.66666666666667,0.031802959984439605,TRUE,NA
primary,Reliability,Between-person,Motor,46,49.36363636363637,0.03013638916430339,TRUE,NA,49.36363636363637,0.030445876348739853,TRUE,NA
primary,Reliability,Between-person,Motor,47,50.06060606060606,0.028793100500003055,TRUE,NA,50.06060606060606,0.029088792713040212,TRUE,NA
primary,Reliability,Between-person,Motor,48,50.75757575757576,0.02744981183570272,TRUE,NA,50.75757575757576,0.02773170907734057,TRUE,NA
primary,Reliability,Between-person,Motor,49,51.45454545454545,0.026106523171402385,TRUE,NA,51.45454545454545,0.02637462544164093,TRUE,NA
primary,Reliability,Between-person,Motor,50,52.151515151515156,0.02476323450710205,TRUE,NA,52.151515151515156,0.02501754180594129,TRUE,NA
primary,Reliability,Between-person,Motor,51,52.84848484848485,0.023419945842801715,TRUE,NA,52.84848484848485,0.02366045817024165,TRUE,NA
primary,Reliability,Between-person,Motor,52,53.54545454545455,0.02207665717850138,TRUE,NA,53.54545454545455,0.022303374534541898,TRUE,NA
primary,Reliability,Between-person,Motor,53,54.24242424242424,0.020733368514201045,TRUE,NA,54.24242424242424,0.020946290898842368,TRUE,NA
primary,Reliability,Between-person,Motor,54,54.939393939393945,0.01939007984990071,TRUE,NA,54.939393939393945,0.019589207263142727,TRUE,NA
primary,Reliability,Between-person,Motor,55,55.63636363636364,0.018046791185600264,TRUE,NA,55.63636363636364,0.018232123627443086,TRUE,NA
primary,Reliability,Between-person,Motor,56,56.333333333333336,0.01670350252129993,TRUE,NA,56.333333333333336,0.016875039991743446,TRUE,NA
primary,Reliability,Between-person,Motor,57,57.03030303030303,0.015360213856999594,TRUE,NA,57.03030303030303,0.015517956356043805,TRUE,NA
primary,Reliability,Between-person,Motor,58,57.72727272727273,0.014016925192699259,TRUE,NA,57.72727272727273,0.014160872720344164,TRUE,NA
primary,Reliability,Between-person,Motor,59,58.42424242424243,0.012673636528398924,TRUE,NA,58.42424242424243,0.012803789084644523,TRUE,NA
primary,Reliability,Between-person,Motor,60,59.121212121212125,0.011330347864098589,TRUE,NA,59.121212121212125,0.011446705448944883,TRUE,NA
primary,Reliability,Between-person,Motor,61,59.81818181818182,0.009987059199798254,TRUE,NA,59.81818181818182,0.010089621813245242,TRUE,NA
primary,Reliability,Between-person,Motor,62,60.515151515151516,0.008643770535497919,TRUE,NA,60.515151515151516,0.008732538177545601,TRUE,NA
primary,Reliability,Between-person,Motor,63,61.21212121212122,0.007300481871197473,TRUE,NA,61.21212121212122,0.0073754545418458495,TRUE,NA
primary,Reliability,Between-person,Motor,64,61.909090909090914,0.005957193206897138,TRUE,NA,61.909090909090914,0.006018370906146209,TRUE,NA
primary,Reliability,Between-person,Motor,65,62.60606060606061,0.004613904542596803,TRUE,NA,62.60606060606061,0.004661287270446568,TRUE,NA
primary,Reliability,Between-person,Motor,66,63.303030303030305,0.003270615878296468,TRUE,NA,63.303030303030305,0.0033042036347469272,TRUE,NA
primary,Reliability,Between-person,Motor,67,64,0.0019273272139961328,TRUE,NA,64,0.0019471199990473975,TRUE,NA
primary,Reliability,Between-person,Motor,68,64.6969696969697,5.840385496957978e-4,TRUE,NA,64.6969696969697,5.900363633476458e-4,TRUE,NA
primary,Reliability,Between-person,Motor,69,65.3939393939394,-7.592501146045372e-4,FALSE,older,65.3939393939394,-7.67047272351995e-4,FALSE,older
primary,Reliability,Between-person,Motor,70,66.0909090909091,-0.002102538778904983,FALSE,older,66.0909090909091,-0.0021241309080516357,FALSE,older
primary,Reliability,Between-person,Motor,71,66.78787878787878,-0.003445827443205318,FALSE,older,66.78787878787878,-0.0034812145437512765,FALSE,older
primary,Reliability,Between-person,Motor,72,67.4848484848485,-0.004789116107505653,FALSE,older,67.4848484848485,-0.004838298179450917,FALSE,older
primary,Reliability,Between-person,Motor,73,68.18181818181819,-0.006132404771805988,FALSE,older,68.18181818181819,-0.006195381815150558,FALSE,older
primary,Reliability,Between-person,Motor,74,68.87878787878788,-0.007475693436106323,FALSE,older,68.87878787878788,-0.00755246545085031,FALSE,older
primary,Reliability,Between-person,Motor,75,69.57575757575758,-0.008818982100406658,FALSE,older,69.57575757575758,-0.00890954908654995,FALSE,older
primary,Reliability,Between-person,Motor,76,70.27272727272728,-0.010162270764706993,FALSE,older,70.27272727272728,-0.010266632722249591,FALSE,older
primary,Reliability,Between-person,Motor,77,70.96969696969697,-0.011505559429007328,FALSE,older,70.96969696969697,-0.011623716357949232,FALSE,older
primary,Reliability,Between-person,Motor,78,71.66666666666667,-0.012848848093307774,FALSE,older,71.66666666666667,-0.012980799993648873,FALSE,older
primary,Reliability,Between-person,Motor,79,72.36363636363637,-0.01419213675760811,FALSE,older,72.36363636363637,-0.014337883629348624,FALSE,older
primary,Reliability,Between-person,Motor,80,73.06060606060606,-0.015535425421908333,FALSE,older,73.06060606060606,-0.015694967265048154,FALSE,older
primary,Reliability,Between-person,Motor,81,73.75757575757576,-0.016878714086208668,FALSE,older,73.75757575757576,-0.017052050900747906,FALSE,older
primary,Reliability,Between-person,Motor,82,74.45454545454547,-0.018222002750509114,FALSE,older,74.45454545454547,-0.018409134536447436,FALSE,older
primary,Reliability,Between-person,Motor,83,75.15151515151516,-0.019565291414809338,FALSE,older,75.15151515151516,-0.019766218172147076,FALSE,older
primary,Reliability,Between-person,Motor,84,75.84848484848484,-0.020908580079109673,FALSE,older,75.84848484848484,-0.021123301807846828,FALSE,older
primary,Reliability,Between-person,Motor,85,76.54545454545455,-0.022251868743410008,FALSE,older,76.54545454545455,-0.02248038544354647,FALSE,older
primary,Reliability,Between-person,Motor,86,77.24242424242425,-0.023595157407710454,FALSE,older,77.24242424242425,-0.02383746907924611,FALSE,older
primary,Reliability,Between-person,Motor,87,77.93939393939394,-0.02493844607201079,FALSE,older,77.93939393939394,-0.02519455271494575,FALSE,older
primary,Reliability,Between-person,Motor,88,78.63636363636364,-0.026281734736311124,FALSE,older,78.63636363636364,-0.02655163635064539,FALSE,older
primary,Reliability,Between-person,Motor,89,79.33333333333334,-0.02762502340061146,FALSE,older,79.33333333333334,-0.027908719986345032,FALSE,older
primary,Reliability,Between-person,Motor,90,80.03030303030303,-0.028968312064911794,FALSE,older,80.03030303030303,-0.029265803622044784,FALSE,older
primary,Reliability,Between-person,Motor,91,80.72727272727273,-0.03031160072921213,FALSE,older,80.72727272727273,-0.030622887257744424,FALSE,older
primary,Reliability,Between-person,Motor,92,81.42424242424244,-0.031654889393512575,FALSE,older,81.42424242424244,-0.031979970893444065,FALSE,older
primary,Reliability,Between-person,Motor,93,82.12121212121212,-0.0329981780578128,FALSE,older,82.12121212121212,-0.033337054529143595,FALSE,older
primary,Reliability,Between-person,Motor,94,82.81818181818183,-0.034341466722113245,FALSE,older,82.81818181818183,-0.03469413816484335,FALSE,older
primary,Reliability,Between-person,Motor,95,83.51515151515152,-0.03568475538641358,FALSE,older,83.51515151515152,-0.03605122180054299,FALSE,older
primary,Reliability,Between-person,Motor,96,84.21212121212122,-0.037028044050713915,FALSE,older,84.21212121212122,-0.03740830543624263,FALSE,older
primary,Reliability,Between-person,Motor,97,84.9090909090909,-0.03837133271501425,FALSE,older,84.9090909090909,-0.03876538907194227,FALSE,older
primary,Reliability,Between-person,Motor,98,85.60606060606061,-0.039714621379314585,FALSE,older,85.60606060606061,-0.04012247270764191,FALSE,older
primary,Reliability,Between-person,Motor,99,86.30303030303031,-0.04105791004361492,FALSE,older,86.30303030303031,-0.04147955634334155,FALSE,older
primary,Reliability,Between-person,Motor,100,87,-0.042401198707915255,FALSE,older,87,-0.04283663997904119,FALSE,older
primary,Confusability,Between-person,Auditory,1,18,0.12906311917883118,FALSE,young,18,0.12947660846325776,FALSE,young
primary,Confusability,Between-person,Auditory,2,18.767676767676768,0.12695506049462935,FALSE,young,18.767676767676768,0.12736179603187853,FALSE,young
primary,Confusability,Between-person,Auditory,3,19.535353535353536,0.12484700181042752,FALSE,young,19.535353535353536,0.12524698360049924,FALSE,young
primary,Confusability,Between-person,Auditory,4,20.303030303030305,0.12273894312622569,FALSE,young,20.303030303030305,0.12313217116912001,FALSE,young
primary,Confusability,Between-person,Auditory,5,21.07070707070707,0.12063088444202386,FALSE,young,21.07070707070707,0.12101735873774078,FALSE,young
primary,Confusability,Between-person,Auditory,6,21.838383838383837,0.11852282575782197,FALSE,young,21.838383838383837,0.1189025463063616,FALSE,young
primary,Confusability,Between-person,Auditory,7,22.606060606060606,0.11641476707362008,FALSE,young,22.606060606060606,0.11678773387498231,FALSE,young
primary,Confusability,Between-person,Auditory,8,23.373737373737374,0.11430670838941825,FALSE,young,23.373737373737374,0.11467292144360308,FALSE,young
primary,Confusability,Between-person,Auditory,9,24.141414141414142,0.11219864970521642,FALSE,young,24.141414141414142,0.11255810901222385,FALSE,young
primary,Confusability,Between-person,Auditory,10,24.909090909090907,0.1100905910210146,FALSE,young,24.909090909090907,0.11044329658084462,FALSE,young
primary,Confusability,Between-person,Auditory,11,25.676767676767675,0.10798253233681276,FALSE,young,25.676767676767675,0.10832848414946539,FALSE,young
primary,Confusability,Between-person,Auditory,12,26.444444444444443,0.10587447365261093,FALSE,young,26.444444444444443,0.1062136717180861,FALSE,young
primary,Confusability,Between-person,Auditory,13,27.21212121212121,0.10376641496840905,FALSE,young,27.21212121212121,0.10409885928670687,FALSE,young
primary,Confusability,Between-person,Auditory,14,27.97979797979798,0.10165835628420722,FALSE,young,27.97979797979798,0.10198404685532764,FALSE,young
primary,Confusability,Between-person,Auditory,15,28.747474747474747,0.09955029760000539,FALSE,young,28.747474747474747,0.0998692344239484,FALSE,young
primary,Confusability,Between-person,Auditory,16,29.515151515151516,0.09744223891580356,TRUE,NA,29.515151515151516,0.09775442199256917,TRUE,NA
primary,Confusability,Between-person,Auditory,17,30.282828282828284,0.09533418023160173,TRUE,NA,30.282828282828284,0.09563960956118989,TRUE,NA
primary,Confusability,Between-person,Auditory,18,31.050505050505052,0.09322612154739984,TRUE,NA,31.050505050505052,0.09352479712981066,TRUE,NA
primary,Confusability,Between-person,Auditory,19,31.818181818181817,0.09111806286319801,TRUE,NA,31.818181818181817,0.09140998469843148,TRUE,NA
primary,Confusability,Between-person,Auditory,20,32.58585858585859,0.08901000417899618,TRUE,NA,32.58585858585859,0.08929517226705219,TRUE,NA
primary,Confusability,Between-person,Auditory,21,33.35353535353535,0.08690194549479435,TRUE,NA,33.35353535353535,0.08718035983567296,TRUE,NA
primary,Confusability,Between-person,Auditory,22,34.121212121212125,0.08479388681059252,TRUE,NA,34.121212121212125,0.08506554740429373,TRUE,NA
primary,Confusability,Between-person,Auditory,23,34.888888888888886,0.08268582812639069,TRUE,NA,34.888888888888886,0.0829507349729145,TRUE,NA
primary,Confusability,Between-person,Auditory,24,35.656565656565654,0.0805777694421888,TRUE,NA,35.656565656565654,0.08083592254153527,TRUE,NA
primary,Confusability,Between-person,Auditory,25,36.42424242424242,0.07846971075798698,TRUE,NA,36.42424242424242,0.07872111011015603,TRUE,NA
primary,Confusability,Between-person,Auditory,26,37.19191919191919,0.07636165207378515,TRUE,NA,37.19191919191919,0.0766062976787768,TRUE,NA
primary,Confusability,Between-person,Auditory,27,37.95959595959596,0.07425359338958332,TRUE,NA,37.95959595959596,0.07449148524739757,TRUE,NA
primary,Confusability,Between-person,Auditory,28,38.72727272727273,0.07214553470538149,TRUE,NA,38.72727272727273,0.07237667281601834,TRUE,NA
primary,Confusability,Between-person,Auditory,29,39.494949494949495,0.0700374760211796,TRUE,NA,39.494949494949495,0.07026186038463911,TRUE,NA
primary,Confusability,Between-person,Auditory,30,40.262626262626256,0.06792941733697783,TRUE,NA,40.262626262626256,0.06814704795325988,TRUE,NA
primary,Confusability,Between-person,Auditory,31,41.03030303030303,0.06582135865277589,TRUE,NA,41.03030303030303,0.06603223552188059,TRUE,NA
primary,Confusability,Between-person,Auditory,32,41.79797979797979,0.06371329996857406,TRUE,NA,41.79797979797979,0.06391742309050141,TRUE,NA
primary,Confusability,Between-person,Auditory,33,42.56565656565657,0.061605241284372225,TRUE,NA,42.56565656565657,0.061802610659122126,TRUE,NA
primary,Confusability,Between-person,Auditory,34,43.33333333333333,0.059497182600170395,TRUE,NA,43.33333333333333,0.05968779822774295,TRUE,NA
primary,Confusability,Between-person,Auditory,35,44.101010101010104,0.05738912391596851,TRUE,NA,44.101010101010104,0.05757298579636366,TRUE,NA
primary,Confusability,Between-person,Auditory,36,44.868686868686865,0.05528106523176668,TRUE,NA,44.868686868686865,0.05545817336498443,TRUE,NA
primary,Confusability,Between-person,Auditory,37,45.63636363636363,0.05317300654756485,TRUE,NA,45.63636363636363,0.0533433609336052,TRUE,NA
primary,Confusability,Between-person,Auditory,38,46.4040404040404,0.05106494786336302,TRUE,NA,46.4040404040404,0.05122854850222597,TRUE,NA
primary,Confusability,Between-person,Auditory,39,47.17171717171717,0.04895688917916119,TRUE,NA,47.17171717171717,0.049113736070846736,TRUE,NA
primary,Confusability,Between-person,Auditory,40,47.93939393939394,0.046848830494959304,TRUE,NA,47.93939393939394,0.046998923639467505,TRUE,NA
primary,Confusability,Between-person,Auditory,41,48.707070707070706,0.044740771810757474,TRUE,NA,48.707070707070706,0.04488411120808827,TRUE,NA
primary,Confusability,Between-person,Auditory,42,49.474747474747474,0.042632713126555644,TRUE,NA,49.474747474747474,0.04276929877670904,TRUE,NA
primary,Confusability,Between-person,Auditory,43,50.24242424242424,0.040524654442353814,TRUE,NA,50.24242424242424,0.04065448634532981,TRUE,NA
primary,Confusability,Between-person,Auditory,44,51.01010101010101,0.038416595758151983,TRUE,NA,51.01010101010101,0.03853967391395058,TRUE,NA
primary,Confusability,Between-person,Auditory,45,51.77777777777778,0.0363085370739501,TRUE,NA,51.77777777777778,0.03642486148257129,TRUE,NA
primary,Confusability,Between-person,Auditory,46,52.54545454545454,0.03420047838974832,TRUE,NA,52.54545454545454,0.034310049051192115,TRUE,NA
primary,Confusability,Between-person,Auditory,47,53.31313131313131,0.03209241970554644,TRUE,NA,53.31313131313131,0.032195236619812884,TRUE,NA
primary,Confusability,Between-person,Auditory,48,54.080808080808076,0.029984361021344608,TRUE,NA,54.080808080808076,0.030080424188433652,TRUE,NA
primary,Confusability,Between-person,Auditory,49,54.848484848484844,0.027876302337142778,TRUE,NA,54.848484848484844,0.027965611757054365,TRUE,NA
primary,Confusability,Between-person,Auditory,50,55.61616161616161,0.025768243652940948,TRUE,NA,55.61616161616161,0.025850799325675133,TRUE,NA
primary,Confusability,Between-person,Auditory,51,56.38383838383838,0.023660184968739117,TRUE,NA,56.38383838383838,0.023735986894295902,TRUE,NA
primary,Confusability,Between-person,Auditory,52,57.15151515151515,0.021552126284537232,TRUE,NA,57.15151515151515,0.02162117446291667,TRUE,NA
primary,Confusability,Between-person,Auditory,53,57.91919191919192,0.019444067600335402,TRUE,NA,57.91919191919192,0.01950636203153744,TRUE,NA
primary,Confusability,Between-person,Auditory,54,58.686868686868685,0.017336008916133572,TRUE,NA,58.686868686868685,0.017391549600158207,TRUE,NA
primary,Confusability,Between-person,Auditory,55,59.45454545454545,0.015227950231931686,TRUE,NA,59.45454545454545,0.015276737168778975,TRUE,NA
primary,Confusability,Between-person,Auditory,56,60.22222222222222,0.013119891547729856,TRUE,NA,60.22222222222222,0.013161924737399744,TRUE,NA
primary,Confusability,Between-person,Auditory,57,60.98989898989899,0.01101183286352797,TRUE,NA,60.98989898989899,0.011047112306020512,TRUE,NA
primary,Confusability,Between-person,Auditory,58,61.75757575757576,0.00890377417932614,TRUE,NA,61.75757575757576,0.00893229987464128,TRUE,NA
primary,Confusability,Between-person,Auditory,59,62.52525252525252,0.00679571549512431,TRUE,NA,62.52525252525252,0.006817487443262049,TRUE,NA
primary,Confusability,Between-person,Auditory,60,63.29292929292929,0.00468765681092248,TRUE,NA,63.29292929292929,0.0047026750118828176,TRUE,NA
primary,Confusability,Between-person,Auditory,61,64.06060606060606,0.0025795981267206503,TRUE,NA,64.06060606060606,0.0025878625805035305,TRUE,NA
primary,Confusability,Between-person,Auditory,62,64.82828282828282,4.715394425188202e-4,TRUE,NA,64.82828282828282,4.730501491243544e-4,TRUE,NA
primary,Confusability,Between-person,Auditory,63,65.59595959595958,-0.0016365192416830099,FALSE,older,65.59595959595958,-0.0016417622822548772,FALSE,older
primary,Confusability,Between-person,Auditory,64,66.36363636363636,-0.0037445779258848955,FALSE,older,66.36363636363636,-0.0037565747136341643,FALSE,older
primary,Confusability,Between-person,Auditory,65,67.13131313131314,-0.0058526366100867255,FALSE,older,67.13131313131314,-0.005871387145013396,FALSE,older
primary,Confusability,Between-person,Auditory,66,67.8989898989899,-0.007960695294288556,FALSE,older,67.8989898989899,-0.007986199576392627,FALSE,older
primary,Confusability,Between-person,Auditory,67,68.66666666666666,-0.010068753978490386,FALSE,older,68.66666666666666,-0.010101012007771859,FALSE,older
primary,Confusability,Between-person,Auditory,68,69.43434343434343,-0.012176812662692271,FALSE,older,69.43434343434343,-0.01221582443915109,FALSE,older
primary,Confusability,Between-person,Auditory,69,70.20202020202021,-0.014284871346894101,FALSE,older,70.20202020202021,-0.014330636870530378,FALSE,older
primary,Confusability,Between-person,Auditory,70,70.96969696969697,-0.01639293003109593,FALSE,older,70.96969696969697,-0.016445449301909554,FALSE,older
primary,Confusability,Between-person,Auditory,71,71.73737373737373,-0.01850098871529776,FALSE,older,71.73737373737373,-0.018560261733288785,FALSE,older
primary,Confusability,Between-person,Auditory,72,72.50505050505049,-0.02060904739949959,FALSE,older,72.50505050505049,-0.020675074164668017,FALSE,older
primary,Confusability,Between-person,Auditory,73,73.27272727272727,-0.02271710608370142,FALSE,older,73.27272727272727,-0.02278988659604725,FALSE,older
primary,Confusability,Between-person,Auditory,74,74.04040404040404,-0.024825164767903307,FALSE,older,74.04040404040404,-0.024904699027426536,FALSE,older
primary,Confusability,Between-person,Auditory,75,74.8080808080808,-0.02693322345210511,FALSE,older,74.8080808080808,-0.02701951145880574,FALSE,older
primary,Confusability,Between-person,Auditory,76,75.57575757575756,-0.02904128213630694,FALSE,older,75.57575757575756,-0.029134323890184943,FALSE,older
primary,Confusability,Between-person,Auditory,77,76.34343434343434,-0.031149340820508797,FALSE,older,76.34343434343434,-0.031249136321564203,FALSE,older
primary,Confusability,Between-person,Auditory,78,77.11111111111111,-0.033257399504710655,FALSE,older,77.11111111111111,-0.03336394875294346,FALSE,older
primary,Confusability,Between-person,Auditory,79,77.87878787878788,-0.035365458188912485,FALSE,older,77.87878787878788,-0.035478761184322694,FALSE,older
primary,Confusability,Between-person,Auditory,80,78.64646464646464,-0.03747351687311437,FALSE,older,78.64646464646464,-0.0375935736157019,FALSE,older
primary,Confusability,Between-person,Auditory,81,79.41414141414141,-0.03958157555731623,FALSE,older,79.41414141414141,-0.03970838604708116,FALSE,older
primary,Confusability,Between-person,Auditory,82,80.18181818181819,-0.041689634241518086,FALSE,older,80.18181818181819,-0.041823198478460416,FALSE,older
primary,Confusability,Between-person,Auditory,83,80.94949494949495,-0.04379769292571992,FALSE,older,80.94949494949495,-0.04393801090983962,FALSE,older
primary,Confusability,Between-person,Auditory,84,81.71717171717171,-0.04590575160992172,FALSE,older,81.71717171717171,-0.04605282334121885,FALSE,older
primary,Confusability,Between-person,Auditory,85,82.48484848484848,-0.048013810294123604,FALSE,older,82.48484848484848,-0.04816763577259811,FALSE,older
primary,Confusability,Between-person,Auditory,86,83.25252525252525,-0.05012186897832541,FALSE,older,83.25252525252525,-0.050282448203977315,FALSE,older
primary,Confusability,Between-person,Auditory,87,84.02020202020202,-0.052229927662527265,FALSE,older,84.02020202020202,-0.052397260635356574,FALSE,older
primary,Confusability,Between-person,Auditory,88,84.78787878787878,-0.054337986346729095,FALSE,older,84.78787878787878,-0.054512073066735806,FALSE,older
primary,Confusability,Between-person,Auditory,89,85.55555555555556,-0.05644604503093095,FALSE,older,85.55555555555556,-0.056626885498115065,FALSE,older
primary,Confusability,Between-person,Auditory,90,86.32323232323232,-0.05855410371513278,FALSE,older,86.32323232323232,-0.05874169792949427,FALSE,older
primary,Confusability,Between-person,Auditory,91,87.09090909090908,-0.06066216239933461,FALSE,older,87.09090909090908,-0.06085651036087347,FALSE,older
primary,Confusability,Between-person,Auditory,92,87.85858585858585,-0.06277022108353647,FALSE,older,87.85858585858585,-0.06297132279225273,FALSE,older
primary,Confusability,Between-person,Auditory,93,88.62626262626262,-0.06487827976773827,FALSE,older,88.62626262626262,-0.06508613522363202,FALSE,older
primary,Confusability,Between-person,Auditory,94,89.39393939393939,-0.06698633845194016,FALSE,older,89.39393939393939,-0.06720094765501128,FALSE,older
primary,Confusability,Between-person,Auditory,95,90.16161616161615,-0.06909439713614196,FALSE,older,90.16161616161615,-0.06931576008639048,FALSE,older
primary,Confusability,Between-person,Auditory,96,90.92929292929293,-0.07120245582034382,FALSE,older,90.92929292929293,-0.07143057251776974,FALSE,older
primary,Confusability,Between-person,Auditory,97,91.69696969696969,-0.07331051450454565,FALSE,older,91.69696969696969,-0.07354538494914897,FALSE,older
primary,Confusability,Between-person,Auditory,98,92.46464646464646,-0.0754185731887475,FALSE,older,92.46464646464646,-0.07566019738052823,FALSE,older
primary,Confusability,Between-person,Auditory,99,93.23232323232322,-0.07752663187294934,FALSE,older,93.23232323232322,-0.07777500981190744,FALSE,older
primary,Confusability,Between-person,Auditory,100,94,-0.0796346905571512,FALSE,older,94,-0.0798898222432867,FALSE,older
primary,Confusability,Between-person,Visual,1,18,-0.022461311388628086,FALSE,young,18,-0.02189616363650898,FALSE,young
primary,Confusability,Between-person,Visual,2,18.767676767676768,-0.02209443847533865,FALSE,young,18.767676767676768,-0.02153852159129628,FALSE,young
primary,Confusability,Between-person,Visual,3,19.535353535353536,-0.021727565562049217,FALSE,young,19.535353535353536,-0.02118087954608358,FALSE,young
primary,Confusability,Between-person,Visual,4,20.303030303030305,-0.02136069264875977,FALSE,young,20.303030303030305,-0.02082323750087088,FALSE,young
primary,Confusability,Between-person,Visual,5,21.07070707070707,-0.020993819735470334,FALSE,young,21.07070707070707,-0.020465595455658195,FALSE,young
primary,Confusability,Between-person,Visual,6,21.838383838383837,-0.0206269468221809,FALSE,young,21.838383838383837,-0.020107953410445495,FALSE,young
primary,Confusability,Between-person,Visual,7,22.606060606060606,-0.020260073908891466,FALSE,young,22.606060606060606,-0.019750311365232795,FALSE,young
primary,Confusability,Between-person,Visual,8,23.373737373737374,-0.019893200995602045,FALSE,young,23.373737373737374,-0.019392669320020095,FALSE,young
primary,Confusability,Between-person,Visual,9,24.141414141414142,-0.019526328082312597,FALSE,young,24.141414141414142,-0.019035027274807395,FALSE,young
primary,Confusability,Between-person,Visual,10,24.909090909090907,-0.019159455169023176,FALSE,young,24.909090909090907,-0.018677385229594695,FALSE,young
primary,Confusability,Between-person,Visual,11,25.676767676767675,-0.018792582255733728,FALSE,young,25.676767676767675,-0.018319743184381995,FALSE,young
primary,Confusability,Between-person,Visual,12,26.444444444444443,-0.018425709342444294,FALSE,young,26.444444444444443,-0.017962101139169295,FALSE,young
primary,Confusability,Between-person,Visual,13,27.21212121212121,-0.018058836429154873,FALSE,young,27.21212121212121,-0.01760445909395661,FALSE,young
primary,Confusability,Between-person,Visual,14,27.97979797979798,-0.01769196351586544,FALSE,young,27.97979797979798,-0.017246817048743923,FALSE,young
primary,Confusability,Between-person,Visual,15,28.747474747474747,-0.017325090602576004,FALSE,young,28.747474747474747,-0.016889175003531223,FALSE,young
primary,Confusability,Between-person,Visual,16,29.515151515151516,-0.01695821768928657,TRUE,NA,29.515151515151516,-0.016531532958318523,TRUE,NA
primary,Confusability,Between-person,Visual,17,30.282828282828284,-0.016591344775997136,TRUE,NA,30.282828282828284,-0.016173890913105823,TRUE,NA
primary,Confusability,Between-person,Visual,18,31.050505050505052,-0.0162244718627077,TRUE,NA,31.050505050505052,-0.015816248867893123,TRUE,NA
primary,Confusability,Between-person,Visual,19,31.818181818181817,-0.015857598949418267,TRUE,NA,31.818181818181817,-0.015458606822680424,TRUE,NA
primary,Confusability,Between-person,Visual,20,32.58585858585859,-0.015490726036128818,TRUE,NA,32.58585858585859,-0.015100964777467724,TRUE,NA
primary,Confusability,Between-person,Visual,21,33.35353535353535,-0.015123853122839398,TRUE,NA,33.35353535353535,-0.014743322732255038,TRUE,NA
primary,Confusability,Between-person,Visual,22,34.121212121212125,-0.014756980209549964,TRUE,NA,34.121212121212125,-0.014385680687042324,TRUE,NA
primary,Confusability,Between-person,Visual,23,34.888888888888886,-0.01439010729626053,TRUE,NA,34.888888888888886,-0.014028038641829638,TRUE,NA
primary,Confusability,Between-person,Visual,24,35.656565656565654,-0.014023234382971095,TRUE,NA,35.656565656565654,-0.013670396596616938,TRUE,NA
primary,Confusability,Between-person,Visual,25,36.42424242424242,-0.013656361469681674,TRUE,NA,36.42424242424242,-0.013312754551404238,TRUE,NA
primary,Confusability,Between-person,Visual,26,37.19191919191919,-0.01328948855639224,TRUE,NA,37.19191919191919,-0.012955112506191538,TRUE,NA
primary,Confusability,Between-person,Visual,27,37.95959595959596,-0.012922615643102806,TRUE,NA,37.95959595959596,-0.012597470460978838,TRUE,NA
primary,Confusability,Between-person,Visual,28,38.72727272727273,-0.012555742729813371,TRUE,NA,38.72727272727273,-0.012239828415766138,TRUE,NA
primary,Confusability,Between-person,Visual,29,39.494949494949495,-0.012188869816523923,TRUE,NA,39.494949494949495,-0.011882186370553452,TRUE,NA
primary,Confusability,Between-person,Visual,30,40.262626262626256,-0.011821996903234502,TRUE,NA,40.262626262626256,-0.011524544325340766,TRUE,NA
primary,Confusability,Between-person,Visual,31,41.03030303030303,-0.011455123989945054,TRUE,NA,41.03030303030303,-0.011166902280128052,TRUE,NA
primary,Confusability,Between-person,Visual,32,41.79797979797979,-0.01108825107665562,TRUE,NA,41.79797979797979,-0.010809260234915366,TRUE,NA
primary,Confusability,Between-person,Visual,33,42.56565656565657,-0.0107213781633662,TRUE,NA,42.56565656565657,-0.010451618189702666,TRUE,NA
primary,Confusability,Between-person,Visual,34,43.33333333333333,-0.010354505250076765,TRUE,NA,43.33333333333333,-0.010093976144489966,TRUE,NA
primary,Confusability,Between-person,Visual,35,44.101010101010104,-0.00998763233678733,TRUE,NA,44.101010101010104,-0.009736334099277266,TRUE,NA
primary,Confusability,Between-person,Visual,36,44.868686868686865,-0.009620759423497896,TRUE,NA,44.868686868686865,-0.009378692054064566,TRUE,NA
primary,Confusability,Between-person,Visual,37,45.63636363636363,-0.009253886510208476,TRUE,NA,45.63636363636363,-0.009021050008851866,TRUE,NA
primary,Confusability,Between-person,Visual,38,46.4040404040404,-0.008887013596919041,TRUE,NA,46.4040404040404,-0.008663407963639166,TRUE,NA
primary,Confusability,Between-person,Visual,39,47.17171717171717,-0.008520140683629593,TRUE,NA,47.17171717171717,-0.0083057659184264665,TRUE,NA
primary,Confusability,Between-person,Visual,40,47.93939393939394,-0.008153267770340158,TRUE,NA,47.93939393939394,-0.00794812387321378,TRUE,NA
primary,Confusability,Between-person,Visual,41,48.707070707070706,-0.007786394857050724,TRUE,NA,48.707070707070706,-0.0075904818280010805,TRUE,NA
primary,Confusability,Between-person,Visual,42,49.474747474747474,-0.00741952194376129,TRUE,NA,49.474747474747474,-0.007232839782788381,TRUE,NA
primary,Confusability,Between-person,Visual,43,50.24242424242424,-0.007052649030471855,TRUE,NA,50.24242424242424,-0.006875197737575681,TRUE,NA
primary,Confusability,Between-person,Visual,44,51.01010101010101,-0.006685776117182421,TRUE,NA,51.01010101010101,-0.006517555692362981,TRUE,NA
primary,Confusability,Between-person,Visual,45,51.77777777777778,-0.006318903203893,TRUE,NA,51.77777777777778,-0.006159913647150281,TRUE,NA
primary,Confusability,Between-person,Visual,46,52.54545454545454,-0.005952030290603566,TRUE,NA,52.54545454545454,-0.005802271601937581,TRUE,NA
primary,Confusability,Between-person,Visual,47,53.31313131313131,-0.005585157377314132,TRUE,NA,53.31313131313131,-0.005444629556724881,TRUE,NA
primary,Confusability,Between-person,Visual,48,54.080808080808076,-0.005218284464024683,TRUE,NA,54.080808080808076,-0.005086987511512195,TRUE,NA
primary,Confusability,Between-person,Visual,49,54.848484848484844,-0.004851411550735249,TRUE,NA,54.848484848484844,-0.004729345466299495,TRUE,NA
primary,Confusability,Between-person,Visual,50,55.61616161616161,-0.0044845386374458285,TRUE,NA,55.61616161616161,-0.004371703421086795,TRUE,NA
primary,Confusability,Between-person,Visual,51,56.38383838383838,-0.004117665724156394,TRUE,NA,56.38383838383838,-0.004014061375874095,TRUE,NA
primary,Confusability,Between-person,Visual,52,57.15151515151515,-0.0037507928108669597,TRUE,NA,57.15151515151515,-0.003656419330661395,TRUE,NA
primary,Confusability,Between-person,Visual,53,57.91919191919192,-0.0033839198975775253,TRUE,NA,57.91919191919192,-0.003298777285448695,TRUE,NA
primary,Confusability,Between-person,Visual,54,58.686868686868685,-0.003017046984288091,TRUE,NA,58.686868686868685,-0.0029411352402359953,TRUE,NA
primary,Confusability,Between-person,Visual,55,59.45454545454545,-0.0026501740709986565,TRUE,NA,59.45454545454545,-0.002583493195023309,TRUE,NA
primary,Confusability,Between-person,Visual,56,60.22222222222222,-0.0022833011577092083,TRUE,NA,60.22222222222222,-0.0022258511498106093,TRUE,NA
primary,Confusability,Between-person,Visual,57,60.98989898989899,-0.0019164282444197739,TRUE,NA,60.98989898989899,-0.0018682091045979093,TRUE,NA
primary,Confusability,Between-person,Visual,58,61.75757575757576,-0.0015495553311303534,TRUE,NA,61.75757575757576,-0.0015105670593852094,TRUE,NA
primary,Confusability,Between-person,Visual,59,62.52525252525252,-0.001182682417840919,TRUE,NA,62.52525252525252,-0.0011529250141725234,TRUE,NA
primary,Confusability,Between-person,Visual,60,63.29292929292929,-8.158095045514846e-4,TRUE,NA,63.29292929292929,-7.952829689598234e-4,TRUE,NA
primary,Confusability,Between-person,Visual,61,64.06060606060606,-4.489365912620502e-4,TRUE,NA,64.06060606060606,-4.376409237471235e-4,TRUE,NA
primary,Confusability,Between-person,Visual,62,64.82828282828282,-8.20636779726297e-5,TRUE,NA,64.82828282828282,-7.999887853442356e-5,TRUE,NA
primary,Confusability,Between-person,Visual,63,65.59595959595958,2.848092353168047e-4,FALSE,older,65.59595959595958,2.776431666782764e-4,FALSE,older
primary,Confusability,Between-person,Visual,64,66.36363636363636,6.516821486062391e-4,FALSE,older,66.36363636363636,6.352852118909763e-4,FALSE,older
primary,Confusability,Between-person,Visual,65,67.13131313131314,0.0010185550618956873,FALSE,older,67.13131313131314,9.929272571036762e-4,FALSE,older
primary,Confusability,Between-person,Visual,66,67.8989898989899,0.0013854279751851217,FALSE,older,67.8989898989899,0.0013505693023163762,FALSE,older
primary,Confusability,Between-person,Visual,67,68.66666666666666,0.0017523008884745422,FALSE,older,68.66666666666666,0.0017082113475290622,FALSE,older
primary,Confusability,Between-person,Visual,68,69.43434343434343,0.0021191738017639905,FALSE,older,69.43434343434343,0.002065853392741762,FALSE,older
primary,Confusability,Between-person,Visual,69,70.20202020202021,0.002486046715053425,FALSE,older,70.20202020202021,0.002423495437954476,FALSE,older
primary,Confusability,Between-person,Visual,70,70.96969696969697,0.0028529196283428454,FALSE,older,70.96969696969697,0.002781137483167148,FALSE,older
primary,Confusability,Between-person,Visual,71,71.73737373737373,0.00321979254163228,FALSE,older,71.73737373737373,0.003138779528379848,FALSE,older
primary,Confusability,Between-person,Visual,72,72.50505050505049,0.003586665454921714,FALSE,older,72.50505050505049,0.003496421573592548,FALSE,older
primary,Confusability,Between-person,Visual,73,73.27272727272727,0.003953538368211149,FALSE,older,73.27272727272727,0.003854063618805248,FALSE,older
primary,Confusability,Between-person,Visual,74,74.04040404040404,0.004320411281500583,FALSE,older,74.04040404040404,0.004211705664017948,FALSE,older
primary,Confusability,Between-person,Visual,75,74.8080808080808,0.0046872841947900035,FALSE,older,74.8080808080808,0.004569347709230634,FALSE,older
primary,Confusability,Between-person,Visual,76,75.57575757575756,0.005054157108079438,FALSE,older,75.57575757575756,0.004926989754443334,FALSE,older
primary,Confusability,Between-person,Visual,77,76.34343434343434,0.005421030021368886,FALSE,older,76.34343434343434,0.005284631799656034,FALSE,older
primary,Confusability,Between-person,Visual,78,77.11111111111111,0.0057879029346583205,FALSE,older,77.11111111111111,0.005642273844868734,FALSE,older
primary,Confusability,Between-person,Visual,79,77.87878787878788,0.006154775847947755,FALSE,older,77.87878787878788,0.005999915890081434,FALSE,older
primary,Confusability,Between-person,Visual,80,78.64646464646464,0.006521648761237189,FALSE,older,78.64646464646464,0.006357557935294134,FALSE,older
primary,Confusability,Between-person,Visual,81,79.41414141414141,0.006888521674526624,FALSE,older,79.41414141414141,0.0067151999805068335,FALSE,older
primary,Confusability,Between-person,Visual,82,80.18181818181819,0.007255394587816058,FALSE,older,80.18181818181819,0.0070728420257195335,FALSE,older
primary,Confusability,Between-person,Visual,83,80.94949494949495,0.007622267501105479,FALSE,older,80.94949494949495,0.007430484070932233,FALSE,older
primary,Confusability,Between-person,Visual,84,81.71717171717171,0.007989140414394913,FALSE,older,81.71717171717171,0.0077881261161449195,FALSE,older
primary,Confusability,Between-person,Visual,85,82.48484848484848,0.008356013327684361,FALSE,older,82.48484848484848,0.008145768161357633,FALSE,older
primary,Confusability,Between-person,Visual,86,83.25252525252525,0.008722886240973796,FALSE,older,83.25252525252525,0.00850341020657032,FALSE,older
primary,Confusability,Between-person,Visual,87,84.02020202020202,0.009089759154263216,FALSE,older,84.02020202020202,0.00886105225178302,FALSE,older
primary,Confusability,Between-person,Visual,88,84.78787878787878,0.00945663206755265,FALSE,older,84.78787878787878,0.00921869429699572,FALSE,older
primary,Confusability,Between-person,Visual,89,85.55555555555556,0.009823504980842085,FALSE,older,85.55555555555556,0.009576336342208419,FALSE,older
primary,Confusability,Between-person,Visual,90,86.32323232323232,0.01019037789413152,FALSE,older,86.32323232323232,0.009933978387421119,FALSE,older
primary,Confusability,Between-person,Visual,91,87.09090909090908,0.010557250807420954,FALSE,older,87.09090909090908,0.010291620432633819,FALSE,older
primary,Confusability,Between-person,Visual,92,87.85858585858585,0.010924123720710388,FALSE,older,87.85858585858585,0.010649262477846519,FALSE,older
primary,Confusability,Between-person,Visual,93,88.62626262626262,0.011290996633999822,FALSE,older,88.62626262626262,0.011006904523059205,FALSE,older
primary,Confusability,Between-person,Visual,94,89.39393939393939,0.01165786954728927,FALSE,older,89.39393939393939,0.011364546568271905,FALSE,older
primary,Confusability,Between-person,Visual,95,90.16161616161615,0.012024742460578691,FALSE,older,90.16161616161615,0.011722188613484605,FALSE,older
primary,Confusability,Between-person,Visual,96,90.92929292929293,0.012391615373868126,FALSE,older,90.92929292929293,0.012079830658697291,FALSE,older
primary,Confusability,Between-person,Visual,97,91.69696969696969,0.01275848828715756,FALSE,older,91.69696969696969,0.01243747270390999,FALSE,older
primary,Confusability,Between-person,Visual,98,92.46464646464646,0.013125361200446994,FALSE,older,92.46464646464646,0.01279511474912269,FALSE,older
primary,Confusability,Between-person,Visual,99,93.23232323232322,0.013492234113736415,FALSE,older,93.23232323232322,0.01315275679433539,FALSE,older
primary,Confusability,Between-person,Visual,100,94,0.01385910702702585,FALSE,older,94,0.01351039883954809,FALSE,older
primary,Confusability,Between-person,Motor,1,18,-0.10787215037770059,FALSE,young,18,-0.10828441942801637,FALSE,young
primary,Confusability,Between-person,Motor,2,18.696969696969695,-0.10627249888918544,FALSE,young,18.696969696969695,-0.10667865434301027,FALSE,young
primary,Confusability,Between-person,Motor,3,19.393939393939394,-0.10467284740067018,FALSE,young,19.393939393939394,-0.10507288925800429,FALSE,young
primary,Confusability,Between-person,Motor,4,20.09090909090909,-0.10307319591215491,FALSE,young,20.09090909090909,-0.1034671241729983,FALSE,young
primary,Confusability,Between-person,Motor,5,20.78787878787879,-0.10147354442363976,FALSE,young,20.78787878787879,-0.10186135908799221,FALSE,young
primary,Confusability,Between-person,Motor,6,21.484848484848484,-0.0998738929351245,FALSE,young,21.484848484848484,-0.10025559400298623,FALSE,young
primary,Confusability,Between-person,Motor,7,22.18181818181818,-0.09827424144660923,FALSE,young,22.18181818181818,-0.09864982891798013,FALSE,young
primary,Confusability,Between-person,Motor,8,22.87878787878788,-0.09667458995809408,FALSE,young,22.87878787878788,-0.09704406383297393,FALSE,young
primary,Confusability,Between-person,Motor,9,23.575757575757578,-0.09507493846957882,FALSE,young,23.575757575757578,-0.09543829874796805,FALSE,young
primary,Confusability,Between-person,Motor,10,24.272727272727273,-0.09347528698106355,FALSE,young,24.272727272727273,-0.09383253366296196,FALSE,young
primary,Confusability,Between-person,Motor,11,24.96969696969697,-0.0918756354925484,FALSE,young,24.96969696969697,-0.09222676857795586,FALSE,young
primary,Confusability,Between-person,Motor,12,25.666666666666668,-0.09027598400403314,FALSE,young,25.666666666666668,-0.09062100349294977,FALSE,young
primary,Confusability,Between-person,Motor,13,26.363636363636363,-0.08867633251551787,FALSE,young,26.363636363636363,-0.0890152384079439,FALSE,young
primary,Confusability,Between-person,Motor,14,27.060606060606062,-0.08707668102700283,FALSE,young,27.060606060606062,-0.0874094733229378,FALSE,young
primary,Confusability,Between-person,Motor,15,27.757575757575758,-0.08547702953848746,FALSE,young,27.757575757575758,-0.08580370823793182,FALSE,young
primary,Confusability,Between-person,Motor,16,28.454545454545453,-0.0838773780499723,FALSE,young,28.454545454545453,-0.08419794315292561,FALSE,young
primary,Confusability,Between-person,Motor,17,29.151515151515152,-0.08227772656145704,TRUE,NA,29.151515151515152,-0.08259217806791963,TRUE,NA
primary,Confusability,Between-person,Motor,18,29.84848484848485,-0.08067807507294189,TRUE,NA,29.84848484848485,-0.08098641298291365,TRUE,NA
primary,Confusability,Between-person,Motor,19,30.545454545454547,-0.07907842358442652,TRUE,NA,30.545454545454547,-0.07938064789790755,TRUE,NA
primary,Confusability,Between-person,Motor,20,31.242424242424242,-0.07747877209591147,TRUE,NA,31.242424242424242,-0.07777488281290146,TRUE,NA
primary,Confusability,Between-person,Motor,21,31.93939393939394,-0.0758791206073961,TRUE,NA,31.93939393939394,-0.07616911772789547,TRUE,NA
primary,Confusability,Between-person,Motor,22,32.63636363636364,-0.07427946911888095,TRUE,NA,32.63636363636364,-0.07456335264288949,TRUE,NA
primary,Confusability,Between-person,Motor,23,33.333333333333336,-0.07267981763036557,TRUE,NA,33.333333333333336,-0.0729575875578834,TRUE,NA
primary,Confusability,Between-person,Motor,24,34.03030303030303,-0.07108016614185053,TRUE,NA,34.03030303030303,-0.0713518224728773,TRUE,NA
primary,Confusability,Between-person,Motor,25,34.72727272727273,-0.06948051465333516,TRUE,NA,34.72727272727273,-0.06974605738787121,TRUE,NA
primary,Confusability,Between-person,Motor,26,35.42424242424242,-0.06788086316482,TRUE,NA,35.42424242424242,-0.06814029230286522,TRUE,NA
primary,Confusability,Between-person,Motor,27,36.121212121212125,-0.06628121167630474,TRUE,NA,36.121212121212125,-0.06653452721785924,TRUE,NA
primary,Confusability,Between-person,Motor,28,36.81818181818182,-0.06468156018778959,TRUE,NA,36.81818181818182,-0.06492876213285315,TRUE,NA
primary,Confusability,Between-person,Motor,29,37.515151515151516,-0.06308190869927421,TRUE,NA,37.515151515151516,-0.06332299704784705,TRUE,NA
primary,Confusability,Between-person,Motor,30,38.21212121212122,-0.06148225721075917,TRUE,NA,38.21212121212122,-0.06171723196284107,TRUE,NA
primary,Confusability,Between-person,Motor,31,38.90909090909091,-0.0598826057222438,TRUE,NA,38.90909090909091,-0.060111466877835085,TRUE,NA
primary,Confusability,Between-person,Motor,32,39.60606060606061,-0.058282954233728645,TRUE,NA,39.60606060606061,-0.05850570179282899,TRUE,NA
primary,Confusability,Between-person,Motor,33,40.303030303030305,-0.05668330274521338,TRUE,NA,40.303030303030305,-0.056899936707822896,TRUE,NA
primary,Confusability,Between-person,Motor,34,41,-0.05508365125669823,TRUE,NA,41,-0.0552941716228168,TRUE,NA
primary,Confusability,Between-person,Motor,35,41.6969696969697,-0.053483999768182855,TRUE,NA,41.6969696969697,-0.05368840653781082,TRUE,NA
primary,Confusability,Between-person,Motor,36,42.39393939393939,-0.051884348279667813,TRUE,NA,42.39393939393939,-0.052082641452804834,TRUE,NA
primary,Confusability,Between-person,Motor,37,43.09090909090909,-0.05028469679115255,TRUE,NA,43.09090909090909,-0.05047687636779874,TRUE,NA
primary,Confusability,Between-person,Motor,38,43.78787878787879,-0.048685045302637286,TRUE,NA,43.78787878787879,-0.048871111282792645,TRUE,NA
primary,Confusability,Between-person,Motor,39,44.484848484848484,-0.047085393814122134,TRUE,NA,44.484848484848484,-0.04726534619778666,TRUE,NA
primary,Confusability,Between-person,Motor,40,45.18181818181819,-0.04548574232560687,TRUE,NA,45.18181818181819,-0.04565958111278068,TRUE,NA
primary,Confusability,Between-person,Motor,41,45.87878787878788,-0.04388609083709161,TRUE,NA,45.87878787878788,-0.04405381602777447,TRUE,NA
primary,Confusability,Between-person,Motor,42,46.57575757575758,-0.042286439348576454,TRUE,NA,46.57575757575758,-0.04244805094276849,TRUE,NA
primary,Confusability,Between-person,Motor,43,47.27272727272727,-0.04068678786006119,TRUE,NA,47.27272727272727,-0.040842285857762395,TRUE,NA
primary,Confusability,Between-person,Motor,44,47.96969696969697,-0.03908713637154593,TRUE,NA,47.96969696969697,-0.03923652077275652,TRUE,NA
primary,Confusability,Between-person,Motor,45,48.66666666666667,-0.037487484883030775,TRUE,NA,48.66666666666667,-0.03763075568775043,TRUE,NA
primary,Confusability,Between-person,Motor,46,49.36363636363637,-0.03588783339451551,TRUE,NA,49.36363636363637,-0.03602499060274433,TRUE,NA
primary,Confusability,Between-person,Motor,47,50.06060606060606,-0.03428818190600025,TRUE,NA,50.06060606060606,-0.03441922551773835,TRUE,NA
primary,Confusability,Between-person,Motor,48,50.75757575757576,-0.032688530417484984,TRUE,NA,50.75757575757576,-0.032813460432732255,TRUE,NA
primary,Confusability,Between-person,Motor,49,51.45454545454545,-0.031088878928969832,TRUE,NA,51.45454545454545,-0.03120769534772616,TRUE,NA
primary,Confusability,Between-person,Motor,50,52.151515151515156,-0.02948922744045457,TRUE,NA,52.151515151515156,-0.029601930262720066,TRUE,NA
primary,Confusability,Between-person,Motor,51,52.84848484848485,-0.027889575951939305,TRUE,NA,52.84848484848485,-0.027996165177714083,TRUE,NA
primary,Confusability,Between-person,Motor,52,53.54545454545455,-0.026289924463424152,TRUE,NA,53.54545454545455,-0.02639040009270799,TRUE,NA
primary,Confusability,Between-person,Motor,53,54.24242424242424,-0.02469027297490889,TRUE,NA,54.24242424242424,-0.024784635007702116,TRUE,NA
primary,Confusability,Between-person,Motor,54,54.939393939393945,-0.023090621486393625,TRUE,NA,54.939393939393945,-0.02317886992269602,TRUE,NA
primary,Confusability,Between-person,Motor,55,55.63636363636364,-0.021490969997878473,TRUE,NA,55.63636363636364,-0.021573104837689927,TRUE,NA
primary,Confusability,Between-person,Motor,56,56.333333333333336,-0.01989131850936321,TRUE,NA,56.333333333333336,-0.019967339752683944,TRUE,NA
primary,Confusability,Between-person,Motor,57,57.03030303030303,-0.018291667020847946,TRUE,NA,57.03030303030303,-0.01836157466767785,TRUE,NA
primary,Confusability,Between-person,Motor,58,57.72727272727273,-0.016692015532332793,TRUE,NA,57.72727272727273,-0.016755809582671866,TRUE,NA
primary,Confusability,Between-person,Motor,59,58.42424242424243,-0.01509236404381753,TRUE,NA,58.42424242424243,-0.015150044497665771,TRUE,NA
primary,Confusability,Between-person,Motor,60,59.121212121212125,-0.013492712555302266,TRUE,NA,59.121212121212125,-0.013544279412659677,TRUE,NA
primary,Confusability,Between-person,Motor,61,59.81818181818182,-0.011893061066787114,TRUE,NA,59.81818181818182,-0.011938514327653693,TRUE,NA
primary,Confusability,Between-person,Motor,62,60.515151515151516,-0.01029340957827185,TRUE,NA,60.515151515151516,-0.010332749242647599,TRUE,NA
primary,Confusability,Between-person,Motor,63,61.21212121212122,-0.008693758089756587,TRUE,NA,61.21212121212122,-0.008726984157641615,TRUE,NA
primary,Confusability,Between-person,Motor,64,61.909090909090914,-0.0070941066012414344,TRUE,NA,61.909090909090914,-0.007121219072635521,TRUE,NA
primary,Confusability,Between-person,Motor,65,62.60606060606061,-0.005494455112726171,TRUE,NA,62.60606060606061,-0.005515453987629426,TRUE,NA
primary,Confusability,Between-person,Motor,66,63.303030303030305,-0.0038948036242109074,TRUE,NA,63.303030303030305,-0.003909688902623443,TRUE,NA
primary,Confusability,Between-person,Motor,67,64,-0.002295152135695755,TRUE,NA,64,-0.0023039238176174592,TRUE,NA
primary,Confusability,Between-person,Motor,68,64.6969696969697,-6.955006471804914e-4,TRUE,NA,64.6969696969697,-6.981587326113647e-4,TRUE,NA
primary,Confusability,Between-person,Motor,69,65.3939393939394,9.041508413346611e-4,FALSE,older,65.3939393939394,9.076063523947298e-4,FALSE,older
primary,Confusability,Between-person,Motor,70,66.0909090909091,0.0025038023298499246,FALSE,older,66.0909090909091,0.0025133714374007132,FALSE,older
primary,Confusability,Between-person,Motor,71,66.78787878787878,0.004103453818365188,FALSE,older,66.78787878787878,0.004119136522406808,FALSE,older
primary,Confusability,Between-person,Motor,72,67.4848484848485,0.005703105306880452,FALSE,older,67.4848484848485,0.005724901607412791,FALSE,older
primary,Confusability,Between-person,Motor,73,68.18181818181819,0.007302756795395493,FALSE,older,68.18181818181819,0.007330666692418886,FALSE,older
primary,Confusability,Between-person,Motor,74,68.87878787878788,0.008902408283910868,FALSE,older,68.87878787878788,0.00893643177742487,FALSE,older
primary,Confusability,Between-person,Motor,75,69.57575757575758,0.01050205977242602,FALSE,older,69.57575757575758,0.010542196862430964,FALSE,older
primary,Confusability,Between-person,Motor,76,70.27272727272728,0.012101711260941284,FALSE,older,70.27272727272728,0.012147961947436947,FALSE,older
primary,Confusability,Between-person,Motor,77,70.96969696969697,0.013701362749456547,FALSE,older,70.96969696969697,0.013753727032443042,FALSE,older
primary,Confusability,Between-person,Motor,78,71.66666666666667,0.0153010142379717,FALSE,older,71.66666666666667,0.015359492117449136,FALSE,older
primary,Confusability,Between-person,Motor,79,72.36363636363637,0.016900665726486852,FALSE,older,72.36363636363637,0.01696525720245512,FALSE,older
primary,Confusability,Between-person,Motor,80,73.06060606060606,0.018500317215002116,FALSE,older,73.06060606060606,0.018571022287461214,FALSE,older
primary,Confusability,Between-person,Motor,81,73.75757575757576,0.02009996870351738,FALSE,older,73.75757575757576,0.020176787372467198,FALSE,older
primary,Confusability,Between-person,Motor,82,74.45454545454547,0.021699620192032643,FALSE,older,74.45454545454547,0.021782552457473403,FALSE,older
primary,Confusability,Between-person,Motor,83,75.15151515151516,0.023299271680547906,FALSE,older,75.15151515151516,0.023388317542479276,FALSE,older
primary,Confusability,Between-person,Motor,84,75.84848484848484,0.02489892316906306,FALSE,older,75.84848484848484,0.02499408262748537,FALSE,older
primary,Confusability,Between-person,Motor,85,76.54545454545455,0.026498574657578322,FALSE,older,76.54545454545455,0.026599847712491353,FALSE,older
primary,Confusability,Between-person,Motor,86,77.24242424242425,0.028098226146093475,FALSE,older,77.24242424242425,0.028205612797497448,FALSE,older
primary,Confusability,Between-person,Motor,87,77.93939393939394,0.029697877634608738,FALSE,older,77.93939393939394,0.029811377882503542,FALSE,older
primary,Confusability,Between-person,Motor,88,78.63636363636364,0.031297529123124,FALSE,older,78.63636363636364,0.031417142967509526,FALSE,older
primary,Confusability,Between-person,Motor,89,79.33333333333334,0.032897180611639265,FALSE,older,79.33333333333334,0.03302290805251573,FALSE,older
primary,Confusability,Between-person,Motor,90,80.03030303030303,0.03449683210015442,FALSE,older,80.03030303030303,0.034628673137521715,FALSE,older
primary,Confusability,Between-person,Motor,91,80.72727272727273,0.03609648358866968,FALSE,older,80.72727272727273,0.0362344382225277,FALSE,older
primary,Confusability,Between-person,Motor,92,81.42424242424244,0.037696135077184834,FALSE,older,81.42424242424244,0.03784020330753379,FALSE,older
primary,Confusability,Between-person,Motor,93,82.12121212121212,0.0392957865657001,FALSE,older,82.12121212121212,0.03944596839253989,FALSE,older
primary,Confusability,Between-person,Motor,94,82.81818181818183,0.04089543805421536,FALSE,older,82.81818181818183,0.04105173347754576,FALSE,older
primary,Confusability,Between-person,Motor,95,83.51515151515152,0.04249508954273051,FALSE,older,83.51515151515152,0.042657498562551854,FALSE,older
primary,Confusability,Between-person,Motor,96,84.21212121212122,0.04409474103124578,FALSE,older,84.21212121212122,0.04426326364755795,FALSE,older
primary,Confusability,Between-person,Motor,97,84.9090909090909,0.04569439251976093,FALSE,older,84.9090909090909,0.04586902873256393,FALSE,older
primary,Confusability,Between-person,Motor,98,85.60606060606061,0.04729404400827619,FALSE,older,85.60606060606061,0.04747479381757003,FALSE,older
primary,Confusability,Between-person,Motor,99,86.30303030303031,0.048893695496791456,FALSE,older,86.30303030303031,0.04908055890257612,FALSE,older
primary,Confusability,Between-person,Motor,100,87,0.05049334698530672,FALSE,older,87,0.050686323987582105,FALSE,older
primary,Distinctiveness,Between-person,Auditory,1,18,0.0666078568981251,FALSE,young,18,0.06675691407105705,FALSE,young
primary,Distinctiveness,Between-person,Auditory,2,18.767676767676768,0.06551991425375414,FALSE,young,18.767676767676768,0.06566653679416035,FALSE,young
primary,Distinctiveness,Between-person,Auditory,3,19.535353535353536,0.06443197160938335,FALSE,young,19.535353535353536,0.06457615951726364,FALSE,young
primary,Distinctiveness,Between-person,Auditory,4,20.303030303030305,0.06334402896501257,FALSE,young,20.303030303030305,0.06348578224036694,FALSE,young
primary,Distinctiveness,Between-person,Auditory,5,21.07070707070707,0.06225608632064167,FALSE,young,21.07070707070707,0.062395404963470236,FALSE,young
primary,Distinctiveness,Between-person,Auditory,6,21.838383838383837,0.061168143676270825,FALSE,young,21.838383838383837,0.06130502768657364,FALSE,young
primary,Distinctiveness,Between-person,Auditory,7,22.606060606060606,0.06008020103190004,FALSE,young,22.606060606060606,0.06021465040967694,FALSE,young
primary,Distinctiveness,Between-person,Auditory,8,23.373737373737374,0.05899225838752914,FALSE,young,23.373737373737374,0.059124273132780236,FALSE,young
primary,Distinctiveness,Between-person,Auditory,9,24.141414141414142,0.05790431574315835,FALSE,young,24.141414141414142,0.05803389585588359,FALSE,young
primary,Distinctiveness,Between-person,Auditory,10,24.909090909090907,0.05681637309878751,FALSE,young,24.909090909090907,0.05694351857898683,FALSE,young
primary,Distinctiveness,Between-person,Auditory,11,25.676767676767675,0.05572843045441661,FALSE,young,25.676767676767675,0.055853141302090126,FALSE,young
primary,Distinctiveness,Between-person,Auditory,12,26.444444444444443,0.054640487810045824,FALSE,young,26.444444444444443,0.05476276402519342,FALSE,young
primary,Distinctiveness,Between-person,Auditory,13,27.21212121212121,0.053552545165675036,FALSE,young,27.21212121212121,0.053672386748296774,FALSE,young
primary,Distinctiveness,Between-person,Auditory,14,27.97979797979798,0.05246460252130414,FALSE,young,27.97979797979798,0.05258200947140007,FALSE,young
primary,Distinctiveness,Between-person,Auditory,15,28.747474747474747,0.051376659876933295,FALSE,young,28.747474747474747,0.05149163219450337,FALSE,young
primary,Distinctiveness,Between-person,Auditory,16,29.515151515151516,0.05028871723256251,TRUE,NA,29.515151515151516,0.050401254917606664,TRUE,NA
primary,Distinctiveness,Between-person,Auditory,17,30.282828282828284,0.04920077458819161,TRUE,NA,30.282828282828284,0.049310877640710016,TRUE,NA
primary,Distinctiveness,Between-person,Auditory,18,31.050505050505052,0.04811283194382082,TRUE,NA,31.050505050505052,0.04822050036381331,TRUE,NA
primary,Distinctiveness,Between-person,Auditory,19,31.818181818181817,0.04702488929944998,TRUE,NA,31.818181818181817,0.04713012308691661,TRUE,NA
primary,Distinctiveness,Between-person,Auditory,20,32.58585858585859,0.04593694665507908,TRUE,NA,32.58585858585859,0.046039745810019905,TRUE,NA
primary,Distinctiveness,Between-person,Auditory,21,33.35353535353535,0.04484900401070829,TRUE,NA,33.35353535353535,0.0449493685331232,TRUE,NA
primary,Distinctiveness,Between-person,Auditory,22,34.121212121212125,0.043761061366337395,TRUE,NA,34.121212121212125,0.0438589912562265,TRUE,NA
primary,Distinctiveness,Between-person,Auditory,23,34.888888888888886,0.04267311872196655,TRUE,NA,34.888888888888886,0.042768613979329795,TRUE,NA
primary,Distinctiveness,Between-person,Auditory,24,35.656565656565654,0.041585176077595765,TRUE,NA,35.656565656565654,0.04167823670243309,TRUE,NA
primary,Distinctiveness,Between-person,Auditory,25,36.42424242424242,0.04049723343322498,TRUE,NA,36.42424242424242,0.04058785942553639,TRUE,NA
primary,Distinctiveness,Between-person,Auditory,26,37.19191919191919,0.03940929078885408,TRUE,NA,37.19191919191919,0.039497482148639684,TRUE,NA
primary,Distinctiveness,Between-person,Auditory,27,37.95959595959596,0.03832134814448329,TRUE,NA,37.95959595959596,0.03840710487174298,TRUE,NA
primary,Distinctiveness,Between-person,Auditory,28,38.72727272727273,0.03723340550011245,TRUE,NA,38.72727272727273,0.03731672759484628,TRUE,NA
primary,Distinctiveness,Between-person,Auditory,29,39.494949494949495,0.03614546285574155,TRUE,NA,39.494949494949495,0.036226350317949574,TRUE,NA
primary,Distinctiveness,Between-person,Auditory,30,40.262626262626256,0.03505752021137076,TRUE,NA,40.262626262626256,0.03513597304105287,TRUE,NA
primary,Distinctiveness,Between-person,Auditory,31,41.03030303030303,0.033969577566999976,TRUE,NA,41.03030303030303,0.03404559576415617,TRUE,NA
primary,Distinctiveness,Between-person,Auditory,32,41.79797979797979,0.03288163492262902,TRUE,NA,41.79797979797979,0.03295521848725946,TRUE,NA
primary,Distinctiveness,Between-person,Auditory,33,42.56565656565657,0.031793692278258234,TRUE,NA,42.56565656565657,0.03186484121036276,TRUE,NA
primary,Distinctiveness,Between-person,Auditory,34,43.33333333333333,0.030705749633887447,TRUE,NA,43.33333333333333,0.030774463933466056,TRUE,NA
primary,Distinctiveness,Between-person,Auditory,35,44.101010101010104,0.02961780698951655,TRUE,NA,44.101010101010104,0.029684086656569353,TRUE,NA
primary,Distinctiveness,Between-person,Auditory,36,44.868686868686865,0.028529864345145706,TRUE,NA,44.868686868686865,0.02859370937967265,TRUE,NA
primary,Distinctiveness,Between-person,Auditory,37,45.63636363636363,0.02744192170077492,TRUE,NA,45.63636363636363,0.027503332102775946,TRUE,NA
primary,Distinctiveness,Between-person,Auditory,38,46.4040404040404,0.02635397905640402,TRUE,NA,46.4040404040404,0.026412954825879242,TRUE,NA
primary,Distinctiveness,Between-person,Auditory,39,47.17171717171717,0.025266036412033233,TRUE,NA,47.17171717171717,0.02532257754898254,TRUE,NA
primary,Distinctiveness,Between-person,Auditory,40,47.93939393939394,0.024178093767662445,TRUE,NA,47.93939393939394,0.024232200272085835,TRUE,NA
primary,Distinctiveness,Between-person,Auditory,41,48.707070707070706,0.02309015112329149,TRUE,NA,48.707070707070706,0.023141822995189132,TRUE,NA
primary,Distinctiveness,Between-person,Auditory,42,49.474747474747474,0.022002208478920704,TRUE,NA,49.474747474747474,0.02205144571829243,TRUE,NA
primary,Distinctiveness,Between-person,Auditory,43,50.24242424242424,0.020914265834549917,TRUE,NA,50.24242424242424,0.02096106844139578,TRUE,NA
primary,Distinctiveness,Between-person,Auditory,44,51.01010101010101,0.019826323190179018,TRUE,NA,51.01010101010101,0.019870691164499188,TRUE,NA
primary,Distinctiveness,Between-person,Auditory,45,51.77777777777778,0.01873838054580823,TRUE,NA,51.77777777777778,0.018780313887602484,TRUE,NA
primary,Distinctiveness,Between-person,Auditory,46,52.54545454545454,0.017650437901437388,TRUE,NA,52.54545454545454,0.017689936610705725,TRUE,NA
primary,Distinctiveness,Between-person,Auditory,47,53.31313131313131,0.01656249525706649,TRUE,NA,53.31313131313131,0.016599559333809022,TRUE,NA
primary,Distinctiveness,Between-person,Auditory,48,54.080808080808076,0.015474552612695702,TRUE,NA,54.080808080808076,0.015509182056912374,TRUE,NA
primary,Distinctiveness,Between-person,Auditory,49,54.848484848484844,0.01438660996832486,TRUE,NA,54.848484848484844,0.01441880478001567,TRUE,NA
primary,Distinctiveness,Between-person,Auditory,50,55.61616161616161,0.013298667323953961,TRUE,NA,55.61616161616161,0.013328427503118967,TRUE,NA
primary,Distinctiveness,Between-person,Auditory,51,56.38383838383838,0.012210724679583174,TRUE,NA,56.38383838383838,0.012238050226222263,TRUE,NA
primary,Distinctiveness,Between-person,Auditory,52,57.15151515151515,0.011122782035212386,TRUE,NA,57.15151515151515,0.01114767294932556,TRUE,NA
primary,Distinctiveness,Between-person,Auditory,53,57.91919191919192,0.010034839390841488,TRUE,NA,57.91919191919192,0.010057295672428856,TRUE,NA
primary,Distinctiveness,Between-person,Auditory,54,58.686868686868685,0.008946896746470645,TRUE,NA,58.686868686868685,0.008966918395532153,TRUE,NA
primary,Distinctiveness,Between-person,Auditory,55,59.45454545454545,0.007858954102099858,TRUE,NA,59.45454545454545,0.00787654111863545,TRUE,NA
primary,Distinctiveness,Between-person,Auditory,56,60.22222222222222,0.006771011457728959,TRUE,NA,60.22222222222222,0.006786163841738746,TRUE,NA
primary,Distinctiveness,Between-person,Auditory,57,60.98989898989899,0.005683068813358172,TRUE,NA,60.98989898989899,0.0056957865648420425,TRUE,NA
primary,Distinctiveness,Between-person,Auditory,58,61.75757575757576,0.004595126168987218,TRUE,NA,61.75757575757576,0.004605409287945339,TRUE,NA
primary,Distinctiveness,Between-person,Auditory,59,62.52525252525252,0.0035071835246164307,TRUE,NA,62.52525252525252,0.0035150320110486355,TRUE,NA
primary,Distinctiveness,Between-person,Auditory,60,63.29292929292929,0.0024192408802456433,TRUE,NA,63.29292929292929,0.002424654734151932,TRUE,NA
primary,Distinctiveness,Between-person,Auditory,61,64.06060606060606,0.001331298235874745,TRUE,NA,64.06060606060606,0.0013342774572552285,TRUE,NA
primary,Distinctiveness,Between-person,Auditory,62,64.82828282828282,2.4335559150390207e-4,TRUE,NA,64.82828282828282,2.43900180358525e-4,TRUE,NA
primary,Distinctiveness,Between-person,Auditory,63,65.59595959595958,-8.445870528668853e-4,FALSE,older,65.59595959595958,-8.464770965381785e-4,FALSE,older
primary,Distinctiveness,Between-person,Auditory,64,66.36363636363636,-0.0019325296972376727,FALSE,older,66.36363636363636,-0.001936854373434882,FALSE,older
primary,Distinctiveness,Between-person,Auditory,65,67.13131313131314,-0.003020472341608571,FALSE,older,67.13131313131314,-0.0030272316503315855,FALSE,older
primary,Distinctiveness,Between-person,Auditory,66,67.8989898989899,-0.004108414985979358,FALSE,older,67.8989898989899,-0.004117608927228289,FALSE,older
primary,Distinctiveness,Between-person,Auditory,67,68.66666666666666,-0.005196357630350201,FALSE,older,68.66666666666666,-0.0052079862041249925,FALSE,older
primary,Distinctiveness,Between-person,Auditory,68,69.43434343434343,-0.0062843002747211,FALSE,older,69.43434343434343,-0.006298363481021696,FALSE,older
primary,Distinctiveness,Between-person,Auditory,69,70.20202020202021,-0.007372242919091887,FALSE,older,70.20202020202021,-0.007388740757918344,FALSE,older
primary,Distinctiveness,Between-person,Auditory,70,70.96969696969697,-0.008460185563462785,FALSE,older,70.96969696969697,-0.008479118034815103,FALSE,older
primary,Distinctiveness,Between-person,Auditory,71,71.73737373737373,-0.009548128207833628,FALSE,older,71.73737373737373,-0.009569495311711806,FALSE,older
primary,Distinctiveness,Between-person,Auditory,72,72.50505050505049,-0.010636070852204416,FALSE,older,72.50505050505049,-0.010659872588608399,FALSE,older
primary,Distinctiveness,Between-person,Auditory,73,73.27272727272727,-0.011724013496575203,FALSE,older,73.27272727272727,-0.011750249865505213,FALSE,older
primary,Distinctiveness,Between-person,Auditory,74,74.04040404040404,-0.012811956140946101,FALSE,older,74.04040404040404,-0.012840627142401861,FALSE,older
primary,Distinctiveness,Between-person,Auditory,75,74.8080808080808,-0.013899898785316944,FALSE,older,74.8080808080808,-0.01393100441929862,FALSE,older
primary,Distinctiveness,Between-person,Auditory,76,75.57575757575756,-0.014987841429687732,FALSE,older,75.57575757575756,-0.015021381696195213,FALSE,older
primary,Distinctiveness,Between-person,Auditory,77,76.34343434343434,-0.01607578407405863,FALSE,older,76.34343434343434,-0.016111758973092027,FALSE,older
primary,Distinctiveness,Between-person,Auditory,78,77.11111111111111,-0.017163726718429417,FALSE,older,77.11111111111111,-0.01720213624998873,FALSE,older
primary,Distinctiveness,Between-person,Auditory,79,77.87878787878788,-0.018251669362800205,FALSE,older,77.87878787878788,-0.018292513526885434,FALSE,older
primary,Distinctiveness,Between-person,Auditory,80,78.64646464646464,-0.01933961200717116,FALSE,older,78.64646464646464,-0.019382890803782027,FALSE,older
primary,Distinctiveness,Between-person,Auditory,81,79.41414141414141,-0.020427554651541946,FALSE,older,79.41414141414141,-0.02047326808067884,FALSE,older
primary,Distinctiveness,Between-person,Auditory,82,80.18181818181819,-0.021515497295912844,FALSE,older,80.18181818181819,-0.021563645357575545,FALSE,older
primary,Distinctiveness,Between-person,Auditory,83,80.94949494949495,-0.02260343994028363,FALSE,older,80.94949494949495,-0.022654022634472137,FALSE,older
primary,Distinctiveness,Between-person,Auditory,84,81.71717171717171,-0.023691382584654475,FALSE,older,81.71717171717171,-0.02374439991136884,FALSE,older
primary,Distinctiveness,Between-person,Auditory,85,82.48484848484848,-0.024779325229025373,FALSE,older,82.48484848484848,-0.024834777188265544,FALSE,older
primary,Distinctiveness,Between-person,Auditory,86,83.25252525252525,-0.02586726787339616,FALSE,older,83.25252525252525,-0.025925154465162248,FALSE,older
primary,Distinctiveness,Between-person,Auditory,87,84.02020202020202,-0.026955210517766948,FALSE,older,84.02020202020202,-0.02701553174205895,FALSE,older
primary,Distinctiveness,Between-person,Auditory,88,84.78787878787878,-0.02804315316213779,FALSE,older,84.78787878787878,-0.028105909018955655,FALSE,older
primary,Distinctiveness,Between-person,Auditory,89,85.55555555555556,-0.02913109580650869,FALSE,older,85.55555555555556,-0.029196286295852303,FALSE,older
primary,Distinctiveness,Between-person,Auditory,90,86.32323232323232,-0.030219038450879476,FALSE,older,86.32323232323232,-0.030286663572749062,FALSE,older
primary,Distinctiveness,Between-person,Auditory,91,87.09090909090908,-0.031306981095250264,FALSE,older,87.09090909090908,-0.031377040849645765,FALSE,older
primary,Distinctiveness,Between-person,Auditory,92,87.85858585858585,-0.03239492373962119,FALSE,older,87.85858585858585,-0.03246741812654244,FALSE,older
primary,Distinctiveness,Between-person,Auditory,93,88.62626262626262,-0.033482866383992005,FALSE,older,88.62626262626262,-0.033557795403439145,FALSE,older
primary,Distinctiveness,Between-person,Auditory,94,89.39393939393939,-0.03457080902836285,FALSE,older,89.39393939393939,-0.03464817268033585,FALSE,older
primary,Distinctiveness,Between-person,Auditory,95,90.16161616161615,-0.03565875167273366,FALSE,older,90.16161616161615,-0.03573854995723255,FALSE,older
primary,Distinctiveness,Between-person,Auditory,96,90.92929292929293,-0.036746694317104506,FALSE,older,90.92929292929293,-0.036828927234129255,FALSE,older
primary,Distinctiveness,Between-person,Auditory,97,91.69696969696969,-0.037834636961475376,FALSE,older,91.69696969696969,-0.03791930451102596,FALSE,older
primary,Distinctiveness,Between-person,Auditory,98,92.46464646464646,-0.03892257960584622,FALSE,older,92.46464646464646,-0.039009681787922634,FALSE,older
primary,Distinctiveness,Between-person,Auditory,99,93.23232323232322,-0.04001052225021701,FALSE,older,93.23232323232322,-0.040100059064819366,FALSE,older
primary,Distinctiveness,Between-person,Auditory,100,94,-0.04109846489458785,FALSE,older,94,-0.04119043634171604,FALSE,older
primary,Distinctiveness,Between-person,Visual,1,18,0.1797171661850726,FALSE,young,18,0.17988073870144106,FALSE,young
primary,Distinctiveness,Between-person,Visual,2,18.767676767676768,0.1767817471801153,FALSE,young,18.767676767676768,0.17694264797689585,FALSE,young
primary,Distinctiveness,Between-person,Visual,3,19.535353535353536,0.17384632817515822,FALSE,young,19.535353535353536,0.17400455725235042,FALSE,young
primary,Distinctiveness,Between-person,Visual,4,20.303030303030305,0.17091090917020102,FALSE,young,20.303030303030305,0.1710664665278051,FALSE,young
primary,Distinctiveness,Between-person,Visual,5,21.07070707070707,0.16797549016524393,FALSE,young,21.07070707070707,0.16812837580325968,FALSE,young
primary,Distinctiveness,Between-person,Visual,6,21.838383838383837,0.16504007116028685,FALSE,young,21.838383838383837,0.16519028507871447,FALSE,young
primary,Distinctiveness,Between-person,Visual,7,22.606060606060606,0.16210465215532976,FALSE,young,22.606060606060606,0.16225219435416915,FALSE,young
primary,Distinctiveness,Between-person,Visual,8,23.373737373737374,0.15916923315037246,FALSE,young,23.373737373737374,0.15931410362962373,FALSE,young
primary,Distinctiveness,Between-person,Visual,9,24.141414141414142,0.15623381414541537,FALSE,young,24.141414141414142,0.15637601290507852,FALSE,young
primary,Distinctiveness,Between-person,Visual,10,24.909090909090907,0.1532983951404583,FALSE,young,24.909090909090907,0.15343792218053298,FALSE,young
primary,Distinctiveness,Between-person,Visual,11,25.676767676767675,0.1503629761355012,FALSE,young,25.676767676767675,0.15049983145598778,FALSE,young
primary,Distinctiveness,Between-person,Visual,12,26.444444444444443,0.14742755713054412,FALSE,young,26.444444444444443,0.14756174073144235,FALSE,young
primary,Distinctiveness,Between-person,Visual,13,27.21212121212121,0.14449213812558703,FALSE,young,27.21212121212121,0.14462365000689703,FALSE,young
primary,Distinctiveness,Between-person,Visual,14,27.97979797979798,0.14155671912062973,FALSE,young,27.97979797979798,0.1416855592823516,FALSE,young
primary,Distinctiveness,Between-person,Visual,15,28.747474747474747,0.13862130011567264,FALSE,young,28.747474747474747,0.1387474685578064,FALSE,young
primary,Distinctiveness,Between-person,Visual,16,29.515151515151516,0.13568588111071556,TRUE,NA,29.515151515151516,0.13580937783326086,TRUE,NA
primary,Distinctiveness,Between-person,Visual,17,30.282828282828284,0.13275046210575847,TRUE,NA,30.282828282828284,0.13287128710871565,TRUE,NA
primary,Distinctiveness,Between-person,Visual,18,31.050505050505052,0.12981504310080139,TRUE,NA,31.050505050505052,0.12993319638417022,TRUE,NA
primary,Distinctiveness,Between-person,Visual,19,31.818181818181817,0.1268796240958443,TRUE,NA,31.818181818181817,0.1269951056596249,TRUE,NA
primary,Distinctiveness,Between-person,Visual,20,32.58585858585859,0.123944205090887,TRUE,NA,32.58585858585859,0.12405701493507948,TRUE,NA
primary,Distinctiveness,Between-person,Visual,21,33.35353535353535,0.12100878608592991,TRUE,NA,33.35353535353535,0.12111892421053427,TRUE,NA
primary,Distinctiveness,Between-person,Visual,22,34.121212121212125,0.11807336708097282,TRUE,NA,34.121212121212125,0.11818083348598873,TRUE,NA
primary,Distinctiveness,Between-person,Visual,23,34.888888888888886,0.11513794807601574,TRUE,NA,34.888888888888886,0.11524274276144353,TRUE,NA
primary,Distinctiveness,Between-person,Visual,24,35.656565656565654,0.11220252907105865,TRUE,NA,35.656565656565654,0.1123046520368981,TRUE,NA
primary,Distinctiveness,Between-person,Visual,25,36.42424242424242,0.10926711006610157,TRUE,NA,36.42424242424242,0.10936656131235278,TRUE,NA
primary,Distinctiveness,Between-person,Visual,26,37.19191919191919,0.10633169106114426,TRUE,NA,37.19191919191919,0.10642847058780736,TRUE,NA
primary,Distinctiveness,Between-person,Visual,27,37.95959595959596,0.10339627205618718,TRUE,NA,37.95959595959596,0.10349037986326215,TRUE,NA
primary,Distinctiveness,Between-person,Visual,28,38.72727272727273,0.10046085305122998,TRUE,NA,38.72727272727273,0.10055228913871661,TRUE,NA
primary,Distinctiveness,Between-person,Visual,29,39.494949494949495,0.0975254340462729,TRUE,NA,39.494949494949495,0.0976141984141714,TRUE,NA
primary,Distinctiveness,Between-person,Visual,30,40.262626262626256,0.09459001504131581,TRUE,NA,40.262626262626256,0.09467610768962598,TRUE,NA
primary,Distinctiveness,Between-person,Visual,31,41.03030303030303,0.09165459603635873,TRUE,NA,41.03030303030303,0.09173801696508066,TRUE,NA
primary,Distinctiveness,Between-person,Visual,32,41.79797979797979,0.08871917703140142,TRUE,NA,41.79797979797979,0.08879992624053523,TRUE,NA
primary,Distinctiveness,Between-person,Visual,33,42.56565656565657,0.08578375802644433,TRUE,NA,42.56565656565657,0.08586183551599003,TRUE,NA
primary,Distinctiveness,Between-person,Visual,34,43.33333333333333,0.08284833902148725,TRUE,NA,43.33333333333333,0.08292374479144449,TRUE,NA
primary,Distinctiveness,Between-person,Visual,35,44.101010101010104,0.07991292001653016,TRUE,NA,44.101010101010104,0.07998565406689928,TRUE,NA
primary,Distinctiveness,Between-person,Visual,36,44.868686868686865,0.07697750101157308,TRUE,NA,44.868686868686865,0.07704756334235385,TRUE,NA
primary,Distinctiveness,Between-person,Visual,37,45.63636363636363,0.074042082006616,TRUE,NA,45.63636363636363,0.07410947261780854,TRUE,NA
primary,Distinctiveness,Between-person,Visual,38,46.4040404040404,0.07110666300165869,TRUE,NA,46.4040404040404,0.07117138189326311,TRUE,NA
primary,Distinctiveness,Between-person,Visual,39,47.17171717171717,0.0681712439967016,TRUE,NA,47.17171717171717,0.0682332911687179,TRUE,NA
primary,Distinctiveness,Between-person,Visual,40,47.93939393939394,0.06523582499174452,TRUE,NA,47.93939393939394,0.06529520044417236,TRUE,NA
primary,Distinctiveness,Between-person,Visual,41,48.707070707070706,0.06230040598678743,TRUE,NA,48.707070707070706,0.06235710971962716,TRUE,NA
primary,Distinctiveness,Between-person,Visual,42,49.474747474747474,0.05936498698183035,TRUE,NA,49.474747474747474,0.05941901899508173,TRUE,NA
primary,Distinctiveness,Between-person,Visual,43,50.24242424242424,0.05642956797687326,TRUE,NA,50.24242424242424,0.05648092827053641,TRUE,NA
primary,Distinctiveness,Between-person,Visual,44,51.01010101010101,0.053494148971915956,TRUE,NA,51.01010101010101,0.053542837545991206,TRUE,NA
primary,Distinctiveness,Between-person,Visual,45,51.77777777777778,0.05055872996695887,TRUE,NA,51.77777777777778,0.05060474682144578,TRUE,NA
primary,Distinctiveness,Between-person,Visual,46,52.54545454545454,0.047623310962001786,TRUE,NA,52.54545454545454,0.04766665609690046,TRUE,NA
primary,Distinctiveness,Between-person,Visual,47,53.31313131313131,0.0446878919570447,TRUE,NA,53.31313131313131,0.044728565372355034,TRUE,NA
primary,Distinctiveness,Between-person,Visual,48,54.080808080808076,0.041752472952087616,TRUE,NA,54.080808080808076,0.04179047464780983,TRUE,NA
primary,Distinctiveness,Between-person,Visual,49,54.848484848484844,0.03881705394713053,TRUE,NA,54.848484848484844,0.03885238392326429,TRUE,NA
primary,Distinctiveness,Between-person,Visual,50,55.61616161616161,0.035881634942173224,TRUE,NA,55.61616161616161,0.03591429319871908,TRUE,NA
primary,Distinctiveness,Between-person,Visual,51,56.38383838383838,0.03294621593721614,TRUE,NA,56.38383838383838,0.032976202474173655,TRUE,NA
primary,Distinctiveness,Between-person,Visual,52,57.15151515151515,0.030010796932258943,TRUE,NA,57.15151515151515,0.030038111749628338,TRUE,NA
primary,Distinctiveness,Between-person,Visual,53,57.91919191919192,0.027075377927301858,TRUE,NA,57.91919191919192,0.02710002102508291,TRUE,NA
primary,Distinctiveness,Between-person,Visual,54,58.686868686868685,0.024139958922344773,TRUE,NA,58.686868686868685,0.024161930300537704,TRUE,NA
primary,Distinctiveness,Between-person,Visual,55,59.45454545454545,0.021204539917387688,TRUE,NA,59.45454545454545,0.021223839575992165,TRUE,NA
primary,Distinctiveness,Between-person,Visual,56,60.22222222222222,0.01826912091243038,TRUE,NA,60.22222222222222,0.01828574885144696,TRUE,NA
primary,Distinctiveness,Between-person,Visual,57,60.98989898989899,0.015333701907473296,TRUE,NA,60.98989898989899,0.015347658126901531,TRUE,NA
primary,Distinctiveness,Between-person,Visual,58,61.75757575757576,0.012398282902516211,TRUE,NA,61.75757575757576,0.012409567402356214,TRUE,NA
primary,Distinctiveness,Between-person,Visual,59,62.52525252525252,0.009462863897559126,TRUE,NA,62.52525252525252,0.009471476677810786,TRUE,NA
primary,Distinctiveness,Between-person,Visual,60,63.29292929292929,0.006527444892602041,TRUE,NA,63.29292929292929,0.00653338595326558,TRUE,NA
primary,Distinctiveness,Between-person,Visual,61,64.06060606060606,0.003592025887644734,TRUE,NA,64.06060606060606,0.0035952952287200413,TRUE,NA
primary,Distinctiveness,Between-person,Visual,62,64.82828282828282,6.566068826876492e-4,TRUE,NA,64.82828282828282,6.572045041748353e-4,TRUE,NA
primary,Distinctiveness,Between-person,Visual,63,65.59595959595958,-0.0022788121222694357,FALSE,older,65.59595959595958,-0.0022808862203705926,FALSE,older
primary,Distinctiveness,Between-person,Visual,64,66.36363636363636,-0.005214231127226521,FALSE,older,66.36363636363636,-0.00521897694491591,FALSE,older
primary,Distinctiveness,Between-person,Visual,65,67.13131313131314,-0.008149650132183606,FALSE,older,67.13131313131314,-0.008157067669461338,FALSE,older
primary,Distinctiveness,Between-person,Visual,66,67.8989898989899,-0.01108506913714069,FALSE,older,67.8989898989899,-0.011095158394006543,FALSE,older
primary,Distinctiveness,Between-person,Visual,67,68.66666666666666,-0.014020488142097776,FALSE,older,68.66666666666666,-0.014033249118552082,FALSE,older
primary,Distinctiveness,Between-person,Visual,68,69.43434343434343,-0.016955907147055083,FALSE,older,69.43434343434343,-0.01697133984309729,FALSE,older
primary,Distinctiveness,Between-person,Visual,69,70.20202020202021,-0.019891326152012168,FALSE,older,70.20202020202021,-0.019909430567642716,FALSE,older
primary,Distinctiveness,Between-person,Visual,70,70.96969696969697,-0.022826745156969253,FALSE,older,70.96969696969697,-0.022847521292188033,FALSE,older
primary,Distinctiveness,Between-person,Visual,71,71.73737373737373,-0.025762164161926338,FALSE,older,71.73737373737373,-0.02578561201673346,FALSE,older
primary,Distinctiveness,Between-person,Visual,72,72.50505050505049,-0.028697583166883422,FALSE,older,72.50505050505049,-0.028723702741278667,FALSE,older
primary,Distinctiveness,Between-person,Visual,73,73.27272727272727,-0.03163300217184051,FALSE,older,73.27272727272727,-0.031661793465824206,FALSE,older
primary,Distinctiveness,Between-person,Visual,74,74.04040404040404,-0.034568421176797814,FALSE,older,74.04040404040404,-0.03459988419036941,FALSE,older
primary,Distinctiveness,Between-person,Visual,75,74.8080808080808,-0.0375038401817549,FALSE,older,74.8080808080808,-0.03753797491491484,FALSE,older
primary,Distinctiveness,Between-person,Visual,76,75.57575757575756,-0.040439259186711984,FALSE,older,75.57575757575756,-0.040476065639460046,FALSE,older
primary,Distinctiveness,Between-person,Visual,77,76.34343434343434,-0.04337467819166929,FALSE,older,76.34343434343434,-0.043414156364005585,FALSE,older
primary,Distinctiveness,Between-person,Visual,78,77.11111111111111,-0.046310097196626376,FALSE,older,77.11111111111111,-0.04635224708855079,FALSE,older
primary,Distinctiveness,Between-person,Visual,79,77.87878787878788,-0.04924551620158346,FALSE,older,77.87878787878788,-0.04929033781309633,FALSE,older
primary,Distinctiveness,Between-person,Visual,80,78.64646464646464,-0.05218093520654066,FALSE,older,78.64646464646464,-0.052228428537641536,FALSE,older
primary,Distinctiveness,Between-person,Visual,81,79.41414141414141,-0.05511635421149774,FALSE,older,79.41414141414141,-0.055166519262186964,FALSE,older
primary,Distinctiveness,Between-person,Visual,82,80.18181818181819,-0.05805177321645494,FALSE,older,80.18181818181819,-0.05810460998673228,FALSE,older
primary,Distinctiveness,Between-person,Visual,83,80.94949494949495,-0.06098719222141202,FALSE,older,80.94949494949495,-0.06104270071127749,FALSE,older
primary,Distinctiveness,Between-person,Visual,84,81.71717171717171,-0.06392261122636911,FALSE,older,81.71717171717171,-0.06398079143582291,FALSE,older
primary,Distinctiveness,Between-person,Visual,85,82.48484848484848,-0.0668580302313263,FALSE,older,82.48484848484848,-0.06691888216036823,FALSE,older
primary,Distinctiveness,Between-person,Visual,86,83.25252525252525,-0.06979344923628339,FALSE,older,83.25252525252525,-0.06985697288491366,FALSE,older
primary,Distinctiveness,Between-person,Visual,87,84.02020202020202,-0.07272886824124047,FALSE,older,84.02020202020202,-0.07279506360945887,FALSE,older
primary,Distinctiveness,Between-person,Visual,88,84.78787878787878,-0.07566428724619756,FALSE,older,84.78787878787878,-0.0757331543340044,FALSE,older
primary,Distinctiveness,Between-person,Visual,89,85.55555555555556,-0.07859970625115476,FALSE,older,85.55555555555556,-0.07867124505854961,FALSE,older
primary,Distinctiveness,Between-person,Visual,90,86.32323232323232,-0.08153512525611184,FALSE,older,86.32323232323232,-0.08160933578309504,FALSE,older
primary,Distinctiveness,Between-person,Visual,91,87.09090909090908,-0.084470544261068925,FALSE,older,87.09090909090908,-0.08454742650764024,FALSE,older
primary,Distinctiveness,Between-person,Visual,92,87.85858585858585,-0.08740596326602612,FALSE,older,87.85858585858585,-0.08748551723218578,FALSE,older
primary,Distinctiveness,Between-person,Visual,93,88.62626262626262,-0.0903413822709832,FALSE,older,88.62626262626262,-0.09042360795673099,FALSE,older
primary,Distinctiveness,Between-person,Visual,94,89.39393939393939,-0.09327680127594029,FALSE,older,89.39393939393939,-0.09336169868127653,FALSE,older
primary,Distinctiveness,Between-person,Visual,95,90.16161616161615,-0.09621222028089738,FALSE,older,90.16161616161615,-0.09629978940582173,FALSE,older
primary,Distinctiveness,Between-person,Visual,96,90.92929292929293,-0.09914763928585457,FALSE,older,90.92929292929293,-0.09923788013036716,FALSE,older
primary,Distinctiveness,Between-person,Visual,97,91.69696969696969,-0.10208305829081177,FALSE,older,91.69696969696969,-0.10217597085491248,FALSE,older
primary,Distinctiveness,Between-person,Visual,98,92.46464646464646,-0.10501847729576885,FALSE,older,92.46464646464646,-0.10511406157945791,FALSE,older
primary,Distinctiveness,Between-person,Visual,99,93.23232323232322,-0.10795389630072594,FALSE,older,93.23232323232322,-0.10805215230400311,FALSE,older
primary,Distinctiveness,Between-person,Visual,100,94,-0.11088931530568313,FALSE,older,94,-0.11099024302854865,FALSE,older
primary,Distinctiveness,Between-person,Motor,1,18,0.19796750371569294,FALSE,young,18,0.1991650480176428,FALSE,young
primary,Distinctiveness,Between-person,Motor,2,18.696969696969695,0.1950318153949575,FALSE,young,18.696969696969695,0.19621160114181713,FALSE,young
primary,Distinctiveness,Between-person,Motor,3,19.393939393939394,0.19209612707422208,FALSE,young,19.393939393939394,0.19325815426599147,FALSE,young
primary,Distinctiveness,Between-person,Motor,4,20.09090909090909,0.1891604387534862,FALSE,young,20.09090909090909,0.19030470739016558,FALSE,young
primary,Distinctiveness,Between-person,Motor,5,20.78787878787879,0.18622475043275055,FALSE,young,20.78787878787879,0.1873512605143397,FALSE,young
primary,Distinctiveness,Between-person,Motor,6,21.484848484848484,0.18328906211201512,FALSE,young,21.484848484848484,0.18439781363851404,FALSE,young
primary,Distinctiveness,Between-person,Motor,7,22.18181818181818,0.18035337379127947,FALSE,young,22.18181818181818,0.18144436676268838,FALSE,young
primary,Distinctiveness,Between-person,Motor,8,22.87878787878788,0.17741768547054382,FALSE,young,22.87878787878788,0.17849091988686228,FALSE,young
primary,Distinctiveness,Between-person,Motor,9,23.575757575757578,0.17448199714980817,FALSE,young,23.575757575757578,0.17553747301103662,FALSE,young
primary,Distinctiveness,Between-person,Motor,10,24.272727272727273,0.1715463088290725,FALSE,young,24.272727272727273,0.1725840261352105,FALSE,young
primary,Distinctiveness,Between-person,Motor,11,24.96969696969697,0.16861062050833708,FALSE,young,24.96969696969697,0.16963057925938507,FALSE,young
primary,Distinctiveness,Between-person,Motor,12,25.666666666666668,0.1656749321876012,FALSE,young,25.666666666666668,0.1666771323835592,FALSE,young
primary,Distinctiveness,Between-person,Motor,13,26.363636363636363,0.16273924386686556,FALSE,young,26.363636363636363,0.1637236855077333,FALSE,young
primary,Distinctiveness,Between-person,Motor,14,27.060606060606062,0.1598035555461299,FALSE,young,27.060606060606062,0.16077023863190765,FALSE,young
primary,Distinctiveness,Between-person,Motor,15,27.757575757575758,0.15686786722539448,FALSE,young,27.757575757575758,0.157816791756082,FALSE,young
primary,Distinctiveness,Between-person,Motor,16,28.454545454545453,0.15393217890465882,FALSE,young,28.454545454545453,0.1548633448802561,FALSE,young
primary,Distinctiveness,Between-person,Motor,17,29.151515151515152,0.15099649058392295,TRUE,NA,29.151515151515152,0.15190989800443044,TRUE,NA
primary,Distinctiveness,Between-person,Motor,18,29.84848484848485,0.14806080226318752,TRUE,NA,29.84848484848485,0.14895645112860434,TRUE,NA
primary,Distinctiveness,Between-person,Motor,19,30.545454545454547,0.1451251139424521,TRUE,NA,30.545454545454547,0.1460030042527789,TRUE,NA
primary,Distinctiveness,Between-person,Motor,20,31.242424242424242,0.14218942562171621,TRUE,NA,31.242424242424242,0.14304955737695324,TRUE,NA
primary,Distinctiveness,Between-person,Motor,21,31.93939393939394,0.13925373730098056,TRUE,NA,31.93939393939394,0.14009611050112714,TRUE,NA
primary,Distinctiveness,Between-person,Motor,22,32.63636363636364,0.13631804898024513,TRUE,NA,32.63636363636364,0.13714266362530148,TRUE,NA
primary,Distinctiveness,Between-person,Motor,23,33.333333333333336,0.13338236065950948,TRUE,NA,33.333333333333336,0.13418921674947581,TRUE,NA
primary,Distinctiveness,Between-person,Motor,24,34.03030303030303,0.13044667233877383,TRUE,NA,34.03030303030303,0.13123576987364993,TRUE,NA
primary,Distinctiveness,Between-person,Motor,25,34.72727272727273,0.12751098401803818,TRUE,NA,34.72727272727273,0.12828232299782427,TRUE,NA
primary,Distinctiveness,Between-person,Motor,26,35.42424242424242,0.12457529569730252,TRUE,NA,35.42424242424242,0.1253288761219984,TRUE,NA
primary,Distinctiveness,Between-person,Motor,27,36.121212121212125,0.1216396073765671,TRUE,NA,36.121212121212125,0.1223754292461725,TRUE,NA
primary,Distinctiveness,Between-person,Motor,28,36.81818181818182,0.11870391905583144,TRUE,NA,36.81818181818182,0.11942198237034707,TRUE,NA
primary,Distinctiveness,Between-person,Motor,29,37.515151515151516,0.11576823073509579,TRUE,NA,37.515151515151516,0.11646853549452096,TRUE,NA
primary,Distinctiveness,Between-person,Motor,30,38.21212121212122,0.11283254241436014,TRUE,NA,38.21212121212122,0.1135150886186953,TRUE,NA
primary,Distinctiveness,Between-person,Motor,31,38.90909090909091,0.10989685409362471,TRUE,NA,38.90909090909091,0.11056164174286964,TRUE,NA
primary,Distinctiveness,Between-person,Motor,32,39.60606060606061,0.10696116577288906,TRUE,NA,39.60606060606061,0.10760819486704376,TRUE,NA
primary,Distinctiveness,Between-person,Motor,33,40.303030303030305,0.10402547745215318,TRUE,NA,40.303030303030305,0.1046547479912181,TRUE,NA
primary,Distinctiveness,Between-person,Motor,34,41,0.10108978913141775,TRUE,NA,41,0.101701301115392,TRUE,NA
primary,Distinctiveness,Between-person,Motor,35,41.6969696969697,0.09815410081068232,TRUE,NA,41.6969696969697,0.09874785423956611,TRUE,NA
primary,Distinctiveness,Between-person,Motor,36,42.39393939393939,0.09521841248994645,TRUE,NA,42.39393939393939,0.09579440736374067,TRUE,NA
primary,Distinctiveness,Between-person,Motor,37,43.09090909090909,0.0922827241692108,TRUE,NA,43.09090909090909,0.09284096048791479,TRUE,NA
primary,Distinctiveness,Between-person,Motor,38,43.78787878787879,0.08934703584847536,TRUE,NA,43.78787878787879,0.08988751361208891,TRUE,NA
primary,Distinctiveness,Between-person,Motor,39,44.484848484848484,0.08641134752773971,TRUE,NA,44.484848484848484,0.08693406673626325,TRUE,NA
primary,Distinctiveness,Between-person,Motor,40,45.18181818181819,0.08347565920700406,TRUE,NA,45.18181818181819,0.08398061986043737,TRUE,NA
primary,Distinctiveness,Between-person,Motor,41,45.87878787878788,0.08053997088626841,TRUE,NA,45.87878787878788,0.0810271729846117,TRUE,NA
primary,Distinctiveness,Between-person,Motor,42,46.57575757575758,0.07760428256553298,TRUE,NA,46.57575757575758,0.07807372610878582,TRUE,NA
primary,Distinctiveness,Between-person,Motor,43,47.27272727272727,0.07466859424479733,TRUE,NA,47.27272727272727,0.07512027923295994,TRUE,NA
primary,Distinctiveness,Between-person,Motor,44,47.96969696969697,0.07173290592406167,TRUE,NA,47.96969696969697,0.07216683235713428,TRUE,NA
primary,Distinctiveness,Between-person,Motor,45,48.66666666666667,0.0687972176033258,TRUE,NA,48.66666666666667,0.06921338548130862,TRUE,NA
primary,Distinctiveness,Between-person,Motor,46,49.36363636363637,0.06586152928259015,TRUE,NA,49.36363636363637,0.06625993860548274,TRUE,NA
primary,Distinctiveness,Between-person,Motor,47,50.06060606060606,0.06292584096185472,TRUE,NA,50.06060606060606,0.06330649172965708,TRUE,NA
primary,Distinctiveness,Between-person,Motor,48,50.75757575757576,0.059990152641119066,TRUE,NA,50.75757575757576,0.060353044853831195,TRUE,NA
primary,Distinctiveness,Between-person,Motor,49,51.45454545454545,0.05705446432038319,TRUE,NA,51.45454545454545,0.057399597978005534,TRUE,NA
primary,Distinctiveness,Between-person,Motor,50,52.151515151515156,0.05411877599964776,TRUE,NA,52.151515151515156,0.054446151102179874,TRUE,NA
primary,Distinctiveness,Between-person,Motor,51,52.84848484848485,0.05118308767891233,TRUE,NA,52.84848484848485,0.05149270422635377,TRUE,NA
primary,Distinctiveness,Between-person,Motor,52,53.54545454545455,0.04824739935817646,TRUE,NA,53.54545454545455,0.04853925735052811,TRUE,NA
primary,Distinctiveness,Between-person,Motor,53,54.24242424242424,0.045311711037440805,TRUE,NA,54.24242424242424,0.04558581047470245,TRUE,NA
primary,Distinctiveness,Between-person,Motor,54,54.939393939393945,0.042376022716705375,TRUE,NA,54.939393939393945,0.042632363598876566,TRUE,NA
primary,Distinctiveness,Between-person,Motor,55,55.63636363636364,0.03944033439596972,TRUE,NA,55.63636363636364,0.039678916723050905,TRUE,NA
primary,Distinctiveness,Between-person,Motor,56,56.333333333333336,0.03650464607523407,TRUE,NA,56.333333333333336,0.03672546984722502,TRUE,NA
primary,Distinctiveness,Between-person,Motor,57,57.03030303030303,0.03356895775449864,TRUE,NA,57.03030303030303,0.03377202297139936,TRUE,NA
primary,Distinctiveness,Between-person,Motor,58,57.72727272727273,0.03063326943376299,TRUE,NA,57.72727272727273,0.03081857609557348,TRUE,NA
primary,Distinctiveness,Between-person,Motor,59,58.42424242424243,0.027697581113027336,TRUE,NA,58.42424242424243,0.02786512921974782,TRUE,NA
primary,Distinctiveness,Between-person,Motor,60,59.121212121212125,0.024761892792291684,TRUE,NA,59.121212121212125,0.024911682343921937,TRUE,NA
primary,Distinctiveness,Between-person,Motor,61,59.81818181818182,0.021826204471556032,TRUE,NA,59.81818181818182,0.021958235468096277,TRUE,NA
primary,Distinctiveness,Between-person,Motor,62,60.515151515151516,0.01889051615082038,TRUE,NA,60.515151515151516,0.019004788592270394,TRUE,NA
primary,Distinctiveness,Between-person,Motor,63,61.21212121212122,0.01595482783008495,TRUE,NA,61.21212121212122,0.01605134171644451,TRUE,NA
primary,Distinctiveness,Between-person,Motor,64,61.909090909090914,0.013019139509349076,TRUE,NA,61.909090909090914,0.013097894840618851,TRUE,NA
primary,Distinctiveness,Between-person,Motor,65,62.60606060606061,0.010083451188613646,TRUE,NA,62.60606060606061,0.010144447964792969,TRUE,NA
primary,Distinctiveness,Between-person,Motor,66,63.303030303030305,0.007147762867878216,TRUE,NA,63.303030303030305,0.007191001088967308,TRUE,NA
primary,Distinctiveness,Between-person,Motor,67,64,0.0042120745471423415,TRUE,NA,64,0.004237554213141648,TRUE,NA
primary,Distinctiveness,Between-person,Motor,68,64.6969696969697,0.0012763862264066894,TRUE,NA,64.6969696969697,0.0012841073373157652,TRUE,NA
primary,Distinctiveness,Between-person,Motor,69,65.3939393939394,-0.0016593020943289627,FALSE,older,65.3939393939394,-0.0016693395385101173,FALSE,older
primary,Distinctiveness,Between-person,Motor,70,66.0909090909091,-0.004594990415064393,FALSE,older,66.0909090909091,-0.004622786414335778,FALSE,older
primary,Distinctiveness,Between-person,Motor,71,66.78787878787878,-0.007530678735800045,FALSE,older,66.78787878787878,-0.007576233290161438,FALSE,older
primary,Distinctiveness,Between-person,Motor,72,67.4848484848485,-0.010466367056535697,FALSE,older,67.4848484848485,-0.01052968016598732,FALSE,older
primary,Distinctiveness,Between-person,Motor,73,68.18181818181819,-0.013402055377271127,FALSE,older,68.18181818181819,-0.013483127041813203,FALSE,older
primary,Distinctiveness,Between-person,Motor,74,68.87878787878788,-0.016337743698007,FALSE,older,68.87878787878788,-0.016436573917638864,FALSE,older
primary,Distinctiveness,Between-person,Motor,75,69.57575757575758,-0.01927343201874243,FALSE,older,69.57575757575758,-0.019390020793464746,FALSE,older
primary,Distinctiveness,Between-person,Motor,76,70.27272727272728,-0.022209120339478083,FALSE,older,70.27272727272728,-0.022343467669290407,FALSE,older
primary,Distinctiveness,Between-person,Motor,77,70.96969696969697,-0.025144808660213736,FALSE,older,70.96969696969697,-0.02529691454511629,FALSE,older
primary,Distinctiveness,Between-person,Motor,78,71.66666666666667,-0.028080496980949388,FALSE,older,71.66666666666667,-0.02825036142094217,FALSE,older
primary,Distinctiveness,Between-person,Motor,79,72.36363636363637,-0.03101618530168504,FALSE,older,72.36363636363637,-0.031203808296767832,FALSE,older
primary,Distinctiveness,Between-person,Motor,80,73.06060606060606,-0.03395187362242069,FALSE,older,73.06060606060606,-0.03415725517259349,FALSE,older
primary,Distinctiveness,Between-person,Motor,81,73.75757575757576,-0.036887561943156344,FALSE,older,73.75757575757576,-0.037110702048419375,FALSE,older
primary,Distinctiveness,Between-person,Motor,82,74.45454545454547,-0.039823250263891774,FALSE,older,74.45454545454547,-0.04006414892424526,FALSE,older
primary,Distinctiveness,Between-person,Motor,83,75.15151515151516,-0.042758938584627426,FALSE,older,75.15151515151516,-0.04301759580007092,FALSE,older
primary,Distinctiveness,Between-person,Motor,84,75.84848484848484,-0.04569462690536308,FALSE,older,75.84848484848484,-0.04597104267589658,FALSE,older
primary,Distinctiveness,Between-person,Motor,85,76.54545454545455,-0.04863031522609873,FALSE,older,76.54545454545455,-0.04892448955172246,FALSE,older
primary,Distinctiveness,Between-person,Motor,86,77.24242424242425,-0.05156600354683416,FALSE,older,77.24242424242425,-0.05187793642754834,FALSE,older
primary,Distinctiveness,Between-person,Motor,87,77.93939393939394,-0.05450169186756981,FALSE,older,77.93939393939394,-0.054831383303374004,FALSE,older
primary,Distinctiveness,Between-person,Motor,88,78.63636363636364,-0.057437380188305465,FALSE,older,78.63636363636364,-0.057784830179199886,FALSE,older
primary,Distinctiveness,Between-person,Motor,89,79.33333333333334,-0.06037306850904112,FALSE,older,79.33333333333334,-0.06073827705502555,FALSE,older
primary,Distinctiveness,Between-person,Motor,90,80.03030303030303,-0.06330875682977677,FALSE,older,80.03030303030303,-0.06369172393085143,FALSE,older
primary,Distinctiveness,Between-person,Motor,91,80.72727272727273,-0.06624444515051242,FALSE,older,80.72727272727273,-0.06664517080667731,FALSE,older
primary,Distinctiveness,Between-person,Motor,92,81.42424242424244,-0.06918013347124785,FALSE,older,81.42424242424244,-0.06959861768250297,FALSE,older
primary,Distinctiveness,Between-person,Motor,93,82.12121212121212,-0.07211582179198373,FALSE,older,82.12121212121212,-0.07255206455832863,FALSE,older
primary,Distinctiveness,Between-person,Motor,94,82.81818181818183,-0.07505151011271916,FALSE,older,82.81818181818183,-0.07550551143415452,FALSE,older
primary,Distinctiveness,Between-person,Motor,95,83.51515151515152,-0.07798719843345481,FALSE,older,83.51515151515152,-0.0784589583099804,FALSE,older
primary,Distinctiveness,Between-person,Motor,96,84.21212121212122,-0.08092288675419046,FALSE,older,84.21212121212122,-0.08141240518580606,FALSE,older
primary,Distinctiveness,Between-person,Motor,97,84.9090909090909,-0.08385857507492611,FALSE,older,84.9090909090909,-0.08436585206163172,FALSE,older
primary,Distinctiveness,Between-person,Motor,98,85.60606060606061,-0.08679426339566176,FALSE,older,85.60606060606061,-0.0873192989374576,FALSE,older
primary,Distinctiveness,Between-person,Motor,99,86.30303030303031,-0.0897299517163972,FALSE,older,86.30303030303031,-0.09027274581328348,FALSE,older
primary,Distinctiveness,Between-person,Motor,100,87,-0.09266564003713285,FALSE,older,87,-0.09322619268910937,FALSE,older
primary,Reliability,Within-person,All modalities,1,0,0,FALSE,all,0,0,FALSE,all
primary,Reliability,Within-person,All modalities,2,0.061302681992337196,-5.992994297898679e-4,FALSE,all,0.05555555555555555,-4.939568495803126e-4,FALSE,all
primary,Reliability,Within-person,All modalities,3,0.12260536398467439,-0.0011985988595797359,FALSE,all,0.1111111111111111,-9.879136991607362e-4,FALSE,all
primary,Reliability,Within-person,All modalities,4,0.1839080459770116,-0.0017978982893696038,FALSE,all,0.16666666666666666,-0.0014818705487410488,FALSE,all
primary,Reliability,Within-person,All modalities,5,0.24521072796934879,-0.0023971977191594718,FALSE,all,0.2222222222222222,-0.0019758273983214725,FALSE,all
primary,Reliability,Within-person,All modalities,6,0.30651340996168597,-0.0029964971489493397,FALSE,all,0.2777777777777778,-0.002469784247901785,FALSE,all
primary,Reliability,Within-person,All modalities,7,0.3678160919540232,-0.0035957965787392077,FALSE,all,0.3333333333333333,-0.0029637410974822087,FALSE,all
primary,Reliability,Within-person,All modalities,8,0.4291187739463604,-0.004195096008529076,FALSE,all,0.38888888888888884,-0.0034576979470625213,FALSE,all
primary,Reliability,Within-person,All modalities,9,0.49042145593869757,-0.0047943954383189435,FALSE,all,0.4444444444444444,-0.003951654796642834,FALSE,all
primary,Reliability,Within-person,All modalities,10,0.5517241379310348,-0.0053936948681088115,FALSE,all,0.5,-0.0044456116462232576,FALSE,all
primary,Reliability,Within-person,All modalities,11,0.6130268199233719,-0.0059929942978986794,FALSE,all,0.5555555555555556,-0.00493956849580357,FALSE,all
primary,Reliability,Within-person,All modalities,12,0.6743295019157092,-0.006592293727688547,FALSE,all,0.611111111111111,-0.005433525345383994,FALSE,all
primary,Reliability,Within-person,All modalities,13,0.7356321839080464,-0.007191593157478415,FALSE,all,0.6666666666666666,-0.005927482194964306,FALSE,all
primary,Reliability,Within-person,All modalities,14,0.7969348659003835,-0.007790892587268283,FALSE,all,0.7222222222222222,-0.00642143904454473,FALSE,all
primary,Reliability,Within-person,All modalities,15,0.8582375478927208,-0.008390192017058151,FALSE,all,0.7777777777777777,-0.006915395894125043,FALSE,all
primary,Reliability,Within-person,All modalities,16,0.9195402298850579,-0.00898949144684802,FALSE,all,0.8333333333333333,-0.007409352743705466,FALSE,all
primary,Reliability,Within-person,All modalities,17,0.9808429118773951,-0.009588790876637887,FALSE,all,0.8888888888888888,-0.007903309593285779,FALSE,all
primary,Reliability,Within-person,All modalities,18,1.0421455938697324,-0.010188090306427755,FALSE,all,0.9444444444444444,-0.008397266442866202,FALSE,all
primary,Reliability,Within-person,All modalities,19,1.1034482758620696,-0.010787389736217623,FALSE,all,1,-0.008891223292446515,FALSE,all
primary,Reliability,Within-person,All modalities,20,1.1647509578544066,-0.011386689166007491,FALSE,all,1.0555555555555556,-0.009385180142026939,FALSE,all
primary,Reliability,Within-person,All modalities,21,1.2260536398467439,-0.011985988595797359,FALSE,all,1.1111111111111112,-0.009879136991607251,FALSE,all
primary,Reliability,Within-person,All modalities,22,1.287356321839081,-0.012585288025587227,FALSE,all,1.1666666666666665,-0.010373093841187675,FALSE,all
primary,Reliability,Within-person,All modalities,23,1.3486590038314183,-0.013184587455377095,FALSE,all,1.222222222222222,-0.010867050690767988,FALSE,all
primary,Reliability,Within-person,All modalities,24,1.4099616858237556,-0.013783886885166963,FALSE,all,1.2777777777777777,-0.011361007540348411,FALSE,all
primary,Reliability,Within-person,All modalities,25,1.4712643678160928,-0.01438318631495683,FALSE,all,1.3333333333333333,-0.011854964389928724,FALSE,all
primary,Reliability,Within-person,All modalities,26,1.5325670498084298,-0.014982485744746699,FALSE,all,1.3888888888888888,-0.012348921239509147,FALSE,all
primary,Reliability,Within-person,All modalities,27,1.593869731800767,-0.015581785174536567,FALSE,all,1.4444444444444444,-0.01284287808908946,FALSE,all
primary,Reliability,Within-person,All modalities,28,1.6551724137931043,-0.016181084604326434,FALSE,all,1.5,-0.013336834938669884,FALSE,all
primary,Reliability,Within-person,All modalities,29,1.7164750957854416,-0.016780384034116302,FALSE,all,1.5555555555555554,-0.013830791788250196,FALSE,all
primary,Reliability,Within-person,All modalities,30,1.7777777777777788,-0.01737968346390617,FALSE,all,1.611111111111111,-0.01432474863783062,FALSE,all
primary,Reliability,Within-person,All modalities,31,1.8390804597701158,-0.01797898289369604,FALSE,all,1.6666666666666665,-0.014818705487410933,FALSE,all
primary,Reliability,Within-person,All modalities,32,1.900383141762453,-0.018578282323485906,FALSE,all,1.722222222222222,-0.015312662336991356,FALSE,all
primary,Reliability,Within-person,All modalities,33,1.9616858237547903,-0.019177581753275774,FALSE,all,1.7777777777777777,-0.01580661918657167,FALSE,all
primary,Reliability,Within-person,All modalities,34,2.0229885057471275,-0.019776881183065642,FALSE,all,1.8333333333333333,-0.016300576036152092,FALSE,all
primary,Reliability,Within-person,All modalities,35,2.0842911877394648,-0.02037618061285551,FALSE,all,1.8888888888888888,-0.016794532885732405,FALSE,all
primary,Reliability,Within-person,All modalities,36,2.145593869731802,-0.020975480042645378,FALSE,all,1.9444444444444444,-0.01728848973531283,FALSE,all
primary,Reliability,Within-person,All modalities,37,2.2068965517241392,-0.021574779472435246,FALSE,all,2,-0.01778244658489314,FALSE,all
primary,Reliability,Within-person,All modalities,38,2.2681992337164765,-0.022174078902225114,FALSE,all,2.0555555555555554,-0.018276403434473454,FALSE,all
primary,Reliability,Within-person,All modalities,39,2.3295019157088133,-0.022773378332014982,FALSE,all,2.111111111111111,-0.018770360284053877,FALSE,all
primary,Reliability,Within-person,All modalities,40,2.3908045977011505,-0.02337267776180485,FALSE,all,2.1666666666666665,-0.01926431713363419,FALSE,all
primary,Reliability,Within-person,All modalities,41,2.4521072796934877,-0.023971977191594718,FALSE,all,2.2222222222222223,-0.019758273983214614,FALSE,all
primary,Reliability,Within-person,All modalities,42,2.513409961685825,-0.024571276621384586,FALSE,all,2.2777777777777777,-0.020252230832794926,FALSE,all
primary,Reliability,Within-person,All modalities,43,2.574712643678162,-0.025170576051174454,FALSE,all,2.333333333333333,-0.02074618768237535,FALSE,all
primary,Reliability,Within-person,All modalities,44,2.6360153256704995,-0.02576987548096432,FALSE,all,2.388888888888889,-0.021240144531955663,FALSE,all
primary,Reliability,Within-person,All modalities,45,2.6973180076628367,-0.02636917491075419,FALSE,all,2.444444444444444,-0.021734101381536086,FALSE,all
primary,Reliability,Within-person,All modalities,46,2.758620689655174,-0.026968474340544057,FALSE,all,2.5,-0.0222280582311164,FALSE,all
primary,Reliability,Within-person,All modalities,47,2.819923371647511,-0.027567773770333925,FALSE,all,2.5555555555555554,-0.022722015080696822,FALSE,all
primary,Reliability,Within-person,All modalities,48,2.8812260536398484,-0.028167073200123793,FALSE,all,2.611111111111111,-0.023215971930277135,FALSE,all
primary,Reliability,Within-person,All modalities,49,2.9425287356321856,-0.02876637262991366,FALSE,all,2.6666666666666665,-0.02370992877985756,FALSE,all
primary,Reliability,Within-person,All modalities,50,3.0038314176245224,-0.02936567205970353,FALSE,all,2.722222222222222,-0.02420388562943787,FALSE,all
primary,Reliability,Within-person,All modalities,51,3.0651340996168597,-0.029964971489493397,FALSE,all,2.7777777777777777,-0.024697842479018295,FALSE,all
primary,Reliability,Within-person,All modalities,52,3.126436781609197,-0.030564270919283265,FALSE,all,2.833333333333333,-0.025191799328598607,FALSE,all
primary,Reliability,Within-person,All modalities,53,3.187739463601534,-0.031163570349073133,FALSE,all,2.888888888888889,-0.02568575617817903,FALSE,all
primary,Reliability,Within-person,All modalities,54,3.2490421455938714,-0.03176286977886311,FALSE,all,2.944444444444444,-0.026179713027759344,FALSE,all
primary,Reliability,Within-person,All modalities,55,3.3103448275862086,-0.03236216920865298,FALSE,all,3,-0.026673669877339767,FALSE,all
primary,Reliability,Within-person,All modalities,56,3.371647509578546,-0.03296146863844285,FALSE,all,3.0555555555555554,-0.02716762672692008,FALSE,all
primary,Reliability,Within-person,All modalities,57,3.432950191570883,-0.033560768068232716,FALSE,all,3.1111111111111107,-0.027661583576500504,FALSE,all
primary,Reliability,Within-person,All modalities,58,3.4942528735632203,-0.034160067498022584,FALSE,all,3.1666666666666665,-0.028155540426080816,FALSE,all
primary,Reliability,Within-person,All modalities,59,3.5555555555555576,-0.03475936692781245,FALSE,all,3.222222222222222,-0.02864949727566124,FALSE,all
primary,Reliability,Within-person,All modalities,60,3.6168582375478944,-0.03535866635760232,FALSE,all,3.2777777777777777,-0.029143454125241552,FALSE,all
primary,Reliability,Within-person,All modalities,61,3.6781609195402316,-0.03595796578739219,FALSE,all,3.333333333333333,-0.029637410974821976,FALSE,all
primary,Reliability,Within-person,All modalities,62,3.739463601532569,-0.036557265217182056,FALSE,all,3.388888888888889,-0.03013136782440229,FALSE,all
primary,Reliability,Within-person,All modalities,63,3.800766283524906,-0.037156564646971924,FALSE,all,3.444444444444444,-0.030625324673982712,FALSE,all
primary,Reliability,Within-person,All modalities,64,3.8620689655172433,-0.03775586407676179,FALSE,all,3.5,-0.031119281523563025,FALSE,all
primary,Reliability,Within-person,All modalities,65,3.9233716475095806,-0.03835516350655166,FALSE,all,3.5555555555555554,-0.03161323837314334,FALSE,all
primary,Reliability,Within-person,All modalities,66,3.984674329501918,-0.03895446293634153,FALSE,all,3.6111111111111107,-0.03210719522272376,FALSE,all
primary,Reliability,Within-person,All modalities,67,4.045977011494255,-0.039553762366131395,FALSE,all,3.6666666666666665,-0.032601152072304074,FALSE,all
primary,Reliability,Within-person,All modalities,68,4.107279693486592,-0.04015306179592126,FALSE,all,3.722222222222222,-0.0330951089218845,FALSE,all
primary,Reliability,Within-person,All modalities,69,4.1685823754789295,-0.04075236122571113,FALSE,all,3.7777777777777777,-0.03358906577146481,FALSE,all
primary,Reliability,Within-person,All modalities,70,4.229885057471266,-0.041351660655501,FALSE,all,3.833333333333333,-0.034083022621045234,FALSE,all
primary,Reliability,Within-person,All modalities,71,4.291187739463604,-0.04195096008529087,FALSE,all,3.888888888888889,-0.034576979470625546,FALSE,all
primary,Reliability,Within-person,All modalities,72,4.352490421455941,-0.042550259515080735,FALSE,all,3.944444444444444,-0.03507093632020597,FALSE,all
primary,Reliability,Within-person,All modalities,73,4.4137931034482785,-0.0431495589448706,FALSE,all,4,-0.03556489316978628,FALSE,all
primary,Reliability,Within-person,All modalities,74,4.475095785440615,-0.04374885837466047,FALSE,all,4.055555555555555,-0.036058850019366706,FALSE,all
primary,Reliability,Within-person,All modalities,75,4.536398467432953,-0.04434815780445034,FALSE,all,4.111111111111111,-0.03655280686894702,FALSE,all
primary,Reliability,Within-person,All modalities,76,4.59770114942529,-0.04494745723424021,FALSE,all,4.166666666666666,-0.03704676371852744,FALSE,all
primary,Reliability,Within-person,All modalities,77,4.6590038314176265,-0.045546756664030075,FALSE,all,4.222222222222222,-0.037540720568107755,FALSE,all
primary,Reliability,Within-person,All modalities,78,4.720306513409964,-0.04614605609381994,FALSE,all,4.277777777777778,-0.03803467741768818,FALSE,all
primary,Reliability,Within-person,All modalities,79,4.781609195402301,-0.04674535552360981,FALSE,all,4.333333333333333,-0.03852863426726849,FALSE,all
primary,Reliability,Within-person,All modalities,80,4.842911877394639,-0.04734465495339968,FALSE,all,4.388888888888888,-0.039022591116848915,FALSE,all
primary,Reliability,Within-person,All modalities,81,4.9042145593869755,-0.047943954383189546,FALSE,all,4.444444444444445,-0.03951654796642923,FALSE,all
primary,Reliability,Within-person,All modalities,82,4.965517241379313,-0.048543253812979414,FALSE,all,4.5,-0.04001050481600965,FALSE,all
primary,Reliability,Within-person,All modalities,83,5.02681992337165,-0.04914255324276928,FALSE,all,4.555555555555555,-0.040504461665589964,FALSE,all
primary,Reliability,Within-person,All modalities,84,5.088122605363988,-0.04974185267255915,FALSE,all,4.611111111111111,-0.04099841851517039,FALSE,all
primary,Reliability,Within-person,All modalities,85,5.149425287356324,-0.05034115210234902,FALSE,all,4.666666666666666,-0.0414923753647507,FALSE,all
primary,Reliability,Within-person,All modalities,86,5.210727969348662,-0.050940451532138886,FALSE,all,4.722222222222222,-0.041986332214331124,FALSE,all
primary,Reliability,Within-person,All modalities,87,5.272030651340999,-0.051539750961928754,FALSE,all,4.777777777777778,-0.042480289063911436,FALSE,all
primary,Reliability,Within-person,All modalities,88,5.333333333333336,-0.05213905039171862,FALSE,all,4.833333333333333,-0.04297424591349186,FALSE,all
primary,Reliability,Within-person,All modalities,89,5.394636015325673,-0.05273834982150849,FALSE,all,4.888888888888888,-0.04346820276307217,FALSE,all
primary,Reliability,Within-person,All modalities,90,5.45593869731801,-0.05333764925129836,FALSE,all,4.944444444444444,-0.043962159612652596,FALSE,all
primary,Reliability,Within-person,All modalities,91,5.517241379310348,-0.053936948681088226,FALSE,all,5,-0.04445611646223291,FALSE,all
primary,Reliability,Within-person,All modalities,92,5.578544061302685,-0.054536248110878094,FALSE,all,5.055555555555555,-0.04495007331181333,FALSE,all
primary,Reliability,Within-person,All modalities,93,5.639846743295022,-0.05513554754066796,FALSE,all,5.111111111111111,-0.045444030161393645,FALSE,all
primary,Reliability,Within-person,All modalities,94,5.701149425287359,-0.05573484697045783,FALSE,all,5.166666666666666,-0.04593798701097396,FALSE,all
primary,Reliability,Within-person,All modalities,95,5.762452107279697,-0.0563341464002477,FALSE,all,5.222222222222222,-0.04643194386055438,FALSE,all
primary,Reliability,Within-person,All modalities,96,5.823754789272034,-0.056933445830037566,FALSE,all,5.277777777777778,-0.046925900710134694,FALSE,all
primary,Reliability,Within-person,All modalities,97,5.885057471264371,-0.057532745259827434,FALSE,all,5.333333333333333,-0.04741985755971512,FALSE,all
primary,Reliability,Within-person,All modalities,98,5.946360153256708,-0.0581320446896173,FALSE,all,5.388888888888888,-0.04791381440929543,FALSE,all
primary,Reliability,Within-person,All modalities,99,6.007662835249045,-0.05873134411940717,FALSE,all,5.444444444444444,-0.048407771258875854,FALSE,all
primary,Reliability,Within-person,All modalities,100,6.068965517241383,-0.05933064354919704,FALSE,all,5.5,-0.048901728108456166,FALSE,all
primary,Confusability,Within-person,All modalities,1,0,0,FALSE,all,0,0,FALSE,all
primary,Confusability,Within-person,All modalities,2,0.061302681992337196,1.0324169811282147e-6,FALSE,all,0.05555555555555555,7.251454225262743e-5,FALSE,all
primary,Confusability,Within-person,All modalities,3,0.12260536398467439,2.064833962284185e-6,FALSE,all,0.1111111111111111,1.4502908450525487e-4,FALSE,all
primary,Confusability,Within-person,All modalities,4,0.1839080459770116,3.097250943440155e-6,FALSE,all,0.16666666666666666,2.175436267578823e-4,FALSE,all
primary,Confusability,Within-person,All modalities,5,0.24521072796934879,4.12966792456837e-6,FALSE,all,0.2222222222222222,2.900581690105375e-4,FALSE,all
primary,Confusability,Within-person,All modalities,6,0.30651340996168597,5.16208490572434e-6,FALSE,all,0.2777777777777778,3.625727112631649e-4,FALSE,all
primary,Confusability,Within-person,All modalities,7,0.3678160919540232,6.194501886852555e-6,FALSE,all,0.3333333333333333,4.3508725351579236e-4,FALSE,all
primary,Confusability,Within-person,All modalities,8,0.4291187739463604,7.226918868008525e-6,FALSE,all,0.38888888888888884,5.076017957684198e-4,FALSE,all
primary,Confusability,Within-person,All modalities,9,0.49042145593869757,8.25933584913674e-6,FALSE,all,0.4444444444444444,5.801163380210472e-4,FALSE,all
primary,Confusability,Within-person,All modalities,10,0.5517241379310348,9.29175283029271e-6,FALSE,all,0.5,6.526308802736747e-4,FALSE,all
primary,Confusability,Within-person,All modalities,11,0.6130268199233719,1.032416981144868e-5,FALSE,all,0.5555555555555556,7.251454225263021e-4,FALSE,all
primary,Confusability,Within-person,All modalities,12,0.6743295019157092,1.1356586792576895e-5,FALSE,all,0.611111111111111,7.976599647789573e-4,FALSE,all
primary,Confusability,Within-person,All modalities,13,0.7356321839080464,1.2389003773732865e-5,FALSE,all,0.6666666666666666,8.701745070315847e-4,FALSE,all
primary,Confusability,Within-person,All modalities,14,0.7969348659003835,1.3421420754888835e-5,FALSE,all,0.7222222222222222,9.426890492842122e-4,FALSE,all
primary,Confusability,Within-person,All modalities,15,0.8582375478927208,1.445383773601705e-5,FALSE,all,0.7777777777777777,0.0010152035915368396,FALSE,all
primary,Confusability,Within-person,All modalities,16,0.9195402298850579,1.548625471717302e-5,FALSE,all,0.8333333333333333,0.001087718133789467,FALSE,all
primary,Confusability,Within-person,All modalities,17,0.9808429118773951,1.651867169832899e-5,FALSE,all,0.8888888888888888,0.0011602326760421222,FALSE,all
primary,Confusability,Within-person,All modalities,18,1.0421455938697324,1.7551088679457205e-5,FALSE,all,0.9444444444444444,0.0012327472182947219,FALSE,all
primary,Confusability,Within-person,All modalities,19,1.1034482758620696,1.8583505660613175e-5,FALSE,all,1,0.001305261760547377,FALSE,all
primary,Confusability,Within-person,All modalities,20,1.1647509578544066,1.9615922641769146e-5,FALSE,all,1.0555555555555556,0.0013777763028000045,FALSE,all
primary,Confusability,Within-person,All modalities,21,1.2260536398467439,2.064833962289736e-5,FALSE,all,1.1111111111111112,0.001450290845052632,FALSE,all
primary,Confusability,Within-person,All modalities,22,1.287356321839081,2.168075660405333e-5,FALSE,all,1.1666666666666665,0.0015228053873052594,FALSE,all
primary,Confusability,Within-person,All modalities,23,1.3486590038314183,2.2713173585181545e-5,FALSE,all,1.222222222222222,0.0015953199295578868,FALSE,all
primary,Confusability,Within-person,All modalities,24,1.4099616858237556,2.3745590566337516e-5,FALSE,all,1.2777777777777777,0.001667834471810542,FALSE,all
primary,Confusability,Within-person,All modalities,25,1.4712643678160928,2.477800754746573e-5,FALSE,all,1.3333333333333333,0.0017403490140631694,FALSE,all
primary,Confusability,Within-person,All modalities,26,1.5325670498084298,2.58104245286217e-5,FALSE,all,1.3888888888888888,0.0018128635563157969,FALSE,all
primary,Confusability,Within-person,All modalities,27,1.593869731800767,2.684284150977767e-5,FALSE,all,1.4444444444444444,0.0018853780985684243,FALSE,all
primary,Confusability,Within-person,All modalities,28,1.6551724137931043,2.7875258490905885e-5,FALSE,all,1.5,0.0019578926408210517,FALSE,all
primary,Confusability,Within-person,All modalities,29,1.7164750957854416,2.8907675472061856e-5,FALSE,all,1.5555555555555554,0.002030407183073679,FALSE,all
primary,Confusability,Within-person,All modalities,30,1.7777777777777788,2.9940092453217826e-5,FALSE,all,1.611111111111111,0.0021029217253263066,FALSE,all
primary,Confusability,Within-person,All modalities,31,1.8390804597701158,3.097250943434604e-5,FALSE,all,1.6666666666666665,0.002175436267578962,FALSE,all
primary,Confusability,Within-person,All modalities,32,1.900383141762453,3.200492641550201e-5,FALSE,all,1.722222222222222,0.0022479508098315892,FALSE,all
primary,Confusability,Within-person,All modalities,33,1.9616858237547903,3.303734339665798e-5,FALSE,all,1.7777777777777777,0.0023204653520842167,FALSE,all
primary,Confusability,Within-person,All modalities,34,2.0229885057471275,3.4069760377786196e-5,FALSE,all,1.8333333333333333,0.002392979894336844,FALSE,all
primary,Confusability,Within-person,All modalities,35,2.0842911877394648,3.5102177358942166e-5,FALSE,all,1.8888888888888888,0.0024654944365894715,FALSE,all
primary,Confusability,Within-person,All modalities,36,2.145593869731802,3.613459434007038e-5,FALSE,all,1.9444444444444444,0.0025380089788421267,FALSE,all
primary,Confusability,Within-person,All modalities,37,2.2068965517241392,3.716701132122635e-5,FALSE,all,2,0.0026105235210947264,FALSE,all
primary,Confusability,Within-person,All modalities,38,2.2681992337164765,3.8199428302354566e-5,FALSE,all,2.0555555555555554,0.0026830380633473816,FALSE,all
primary,Confusability,Within-person,All modalities,39,2.3295019157088133,3.9231845283510536e-5,FALSE,all,2.111111111111111,0.002755552605600009,FALSE,all
primary,Confusability,Within-person,All modalities,40,2.3908045977011505,4.0264262264666506e-5,FALSE,all,2.1666666666666665,0.0028280671478526365,FALSE,all
primary,Confusability,Within-person,All modalities,41,2.4521072796934877,4.129667924579472e-5,FALSE,all,2.2222222222222223,0.002900581690105264,FALSE,all
primary,Confusability,Within-person,All modalities,42,2.513409961685825,4.232909622695069e-5,FALSE,all,2.2777777777777777,0.0029730962323578913,FALSE,all
primary,Confusability,Within-person,All modalities,43,2.574712643678162,4.336151320810666e-5,FALSE,all,2.333333333333333,0.0030456107746105465,FALSE,all
primary,Confusability,Within-person,All modalities,44,2.6360153256704995,4.4393930189234876e-5,FALSE,all,2.388888888888889,0.003118125316863174,FALSE,all
primary,Confusability,Within-person,All modalities,45,2.6973180076628367,4.5426347170390846e-5,FALSE,all,2.444444444444444,0.0031906398591158014,FALSE,all
primary,Confusability,Within-person,All modalities,46,2.758620689655174,4.6458764151546816e-5,FALSE,all,2.5,0.003263154401368429,FALSE,all
primary,Confusability,Within-person,All modalities,47,2.819923371647511,4.749118113267503e-5,FALSE,all,2.5555555555555554,0.0033356689436210563,FALSE,all
primary,Confusability,Within-person,All modalities,48,2.8812260536398484,4.8523598113831e-5,FALSE,all,2.611111111111111,0.0034081834858736837,FALSE,all
primary,Confusability,Within-person,All modalities,49,2.9425287356321856,4.955601509498697e-5,FALSE,all,2.6666666666666665,0.003480698028126311,FALSE,all
primary,Confusability,Within-person,All modalities,50,3.0038314176245224,5.0588432076115186e-5,FALSE,all,2.722222222222222,0.0035532125703789663,FALSE,all
primary,Confusability,Within-person,All modalities,51,3.0651340996168597,5.1620849057271156e-5,FALSE,all,2.7777777777777777,0.0036257271126315938,FALSE,all
primary,Confusability,Within-person,All modalities,52,3.126436781609197,5.265326603839937e-5,FALSE,all,2.833333333333333,0.003698241654884221,FALSE,all
primary,Confusability,Within-person,All modalities,53,3.187739463601534,5.368568301955534e-5,FALSE,all,2.888888888888889,0.0037707561971368486,FALSE,all
primary,Confusability,Within-person,All modalities,54,3.2490421455938714,5.4718100000683556e-5,FALSE,all,2.944444444444444,0.003843270739389476,FALSE,all
primary,Confusability,Within-person,All modalities,55,3.3103448275862086,5.5750516981839526e-5,FALSE,all,3,0.003915785281642131,FALSE,all
primary,Confusability,Within-person,All modalities,56,3.371647509578546,5.6782933962995497e-5,FALSE,all,3.0555555555555554,0.003988299823894731,FALSE,all
primary,Confusability,Within-person,All modalities,57,3.432950191570883,5.781535094412371e-5,FALSE,all,3.1111111111111107,0.004060814366147386,FALSE,all
primary,Confusability,Within-person,All modalities,58,3.4942528735632203,5.884776792527968e-5,FALSE,all,3.1666666666666665,0.0041333289084000135,FALSE,all
primary,Confusability,Within-person,All modalities,59,3.5555555555555576,5.988018490643565e-5,FALSE,all,3.222222222222222,0.004205843450652641,FALSE,all
primary,Confusability,Within-person,All modalities,60,3.6168582375478944,6.0912601887563866e-5,FALSE,all,3.2777777777777777,0.004278357992905268,FALSE,all
primary,Confusability,Within-person,All modalities,61,3.6781609195402316,6.194501886871984e-5,FALSE,all,3.333333333333333,0.004350872535157896,FALSE,all
primary,Confusability,Within-person,All modalities,62,3.739463601532569,6.297743584987581e-5,FALSE,all,3.388888888888889,0.004423387077410551,FALSE,all
primary,Confusability,Within-person,All modalities,63,3.800766283524906,6.400985283100402e-5,FALSE,all,3.444444444444444,0.0044959016196631785,FALSE,all
primary,Confusability,Within-person,All modalities,64,3.8620689655172433,6.504226981215999e-5,FALSE,all,3.5,0.004568416161915806,FALSE,all
primary,Confusability,Within-person,All modalities,65,3.9233716475095806,6.607468679331596e-5,FALSE,all,3.5555555555555554,0.004640930704168433,FALSE,all
primary,Confusability,Within-person,All modalities,66,3.984674329501918,6.710710377444418e-5,FALSE,all,3.6111111111111107,0.004713445246421061,FALSE,all
primary,Confusability,Within-person,All modalities,67,4.045977011494255,6.813952075560015e-5,FALSE,all,3.6666666666666665,0.004785959788673716,FALSE,all
primary,Confusability,Within-person,All modalities,68,4.107279693486592,6.917193773672836e-5,FALSE,all,3.722222222222222,0.004858474330926316,FALSE,all
primary,Confusability,Within-person,All modalities,69,4.1685823754789295,7.020435471788433e-5,FALSE,all,3.7777777777777777,0.004930988873178971,FALSE,all
primary,Confusability,Within-person,All modalities,70,4.229885057471266,7.123677169901255e-5,FALSE,all,3.833333333333333,0.005003503415431598,FALSE,all
primary,Confusability,Within-person,All modalities,71,4.291187739463604,7.226918868016852e-5,FALSE,all,3.888888888888889,0.005076017957684226,FALSE,all
primary,Confusability,Within-person,All modalities,72,4.352490421455941,7.330160566132449e-5,FALSE,all,3.944444444444444,0.005148532499936853,FALSE,all
primary,Confusability,Within-person,All modalities,73,4.4137931034482785,7.43340226424527e-5,FALSE,all,4,0.005221047042189481,FALSE,all
primary,Confusability,Within-person,All modalities,74,4.475095785440615,7.536643962360867e-5,FALSE,all,4.055555555555555,0.005293561584442136,FALSE,all
primary,Confusability,Within-person,All modalities,75,4.536398467432953,7.639885660476464e-5,FALSE,all,4.111111111111111,0.005366076126694763,FALSE,all
primary,Confusability,Within-person,All modalities,76,4.59770114942529,7.743127358589286e-5,FALSE,all,4.166666666666666,0.005438590668947391,FALSE,all
primary,Confusability,Within-person,All modalities,77,4.6590038314176265,7.846369056704883e-5,FALSE,all,4.222222222222222,0.005511105211200018,FALSE,all
primary,Confusability,Within-person,All modalities,78,4.720306513409964,7.94961075482048e-5,FALSE,all,4.277777777777778,0.0055836197534526455,FALSE,all
primary,Confusability,Within-person,All modalities,79,4.781609195402301,8.052852452933301e-5,FALSE,all,4.333333333333333,0.005656134295705273,FALSE,all
primary,Confusability,Within-person,All modalities,80,4.842911877394639,8.156094151048898e-5,FALSE,all,4.388888888888888,0.0057286488379579,FALSE,all
primary,Confusability,Within-person,All modalities,81,4.9042145593869755,8.25933584916172e-5,FALSE,all,4.444444444444445,0.0058011633802105556,FALSE,all
primary,Confusability,Within-person,All modalities,82,4.965517241379313,8.362577547277317e-5,FALSE,all,4.5,0.005873677922463183,FALSE,all
primary,Confusability,Within-person,All modalities,83,5.02681992337165,8.465819245390138e-5,FALSE,all,4.555555555555555,0.00594619246471581,FALSE,all
primary,Confusability,Within-person,All modalities,84,5.088122605363988,8.569060943505735e-5,FALSE,all,4.611111111111111,0.006018707006968438,FALSE,all
primary,Confusability,Within-person,All modalities,85,5.149425287356324,8.672302641621332e-5,FALSE,all,4.666666666666666,0.006091221549221065,FALSE,all
primary,Confusability,Within-person,All modalities,86,5.210727969348662,8.775544339734154e-5,FALSE,all,4.722222222222222,0.0061637360914737205,FALSE,all
primary,Confusability,Within-person,All modalities,87,5.272030651340999,8.878786037849751e-5,FALSE,all,4.777777777777778,0.00623625063372632,FALSE,all
primary,Confusability,Within-person,All modalities,88,5.333333333333336,8.982027735965348e-5,FALSE,all,4.833333333333333,0.006308765175978975,FALSE,all
primary,Confusability,Within-person,All modalities,89,5.394636015325673,9.085269434078169e-5,FALSE,all,4.888888888888888,0.006381279718231603,FALSE,all
primary,Confusability,Within-person,All modalities,90,5.45593869731801,9.188511132193766e-5,FALSE,all,4.944444444444444,0.00645379426048423,FALSE,all
primary,Confusability,Within-person,All modalities,91,5.517241379310348,9.291752830309363e-5,FALSE,all,5,0.006526308802736858,FALSE,all
primary,Confusability,Within-person,All modalities,92,5.578544061302685,9.394994528422185e-5,FALSE,all,5.055555555555555,0.006598823344989485,FALSE,all
primary,Confusability,Within-person,All modalities,93,5.639846743295022,9.498236226537782e-5,FALSE,all,5.111111111111111,0.00667133788724214,FALSE,all
primary,Confusability,Within-person,All modalities,94,5.701149425287359,9.601477924653379e-5,FALSE,all,5.166666666666666,0.006743852429494768,FALSE,all
primary,Confusability,Within-person,All modalities,95,5.762452107279697,9.7047196227662e-5,FALSE,all,5.222222222222222,0.006816366971747395,FALSE,all
primary,Confusability,Within-person,All modalities,96,5.823754789272034,9.807961320881797e-5,FALSE,all,5.277777777777778,0.006888881514000023,FALSE,all
primary,Confusability,Within-person,All modalities,97,5.885057471264371,9.911203018994619e-5,FALSE,all,5.333333333333333,0.00696139605625265,FALSE,all
primary,Confusability,Within-person,All modalities,98,5.946360153256708,1.0014444717110216e-4,FALSE,all,5.388888888888888,0.0070339105985052774,FALSE,all
primary,Confusability,Within-person,All modalities,99,6.007662835249045,1.0117686415223037e-4,FALSE,all,5.444444444444444,0.007106425140757905,FALSE,all
primary,Confusability,Within-person,All modalities,100,6.068965517241383,1.0220928113338634e-4,FALSE,all,5.5,0.00717893968301056,FALSE,all
primary,Distinctiveness,Within-person,All modalities,1,0,0,FALSE,all,0,0,FALSE,all
primary,Distinctiveness,Within-person,All modalities,2,0.061302681992337196,-5.975576572316843e-4,FALSE,all,0.05555555555555555,-5.121857442393907e-4,FALSE,all
primary,Distinctiveness,Within-person,All modalities,3,0.12260536398467439,-0.0011951153144633686,FALSE,all,0.1111111111111111,-0.0010243714884790034,FALSE,all
primary,Distinctiveness,Within-person,All modalities,4,0.1839080459770116,-0.001792672971695053,FALSE,all,0.16666666666666666,-0.001536557232718616,FALSE,all
primary,Distinctiveness,Within-person,All modalities,5,0.24521072796934879,-0.002390230628926737,FALSE,all,0.2222222222222222,-0.002048742976958229,FALSE,all
primary,Distinctiveness,Within-person,All modalities,6,0.30651340996168597,-0.0029877882861584215,FALSE,all,0.2777777777777778,-0.0025609287211978415,FALSE,all
primary,Distinctiveness,Within-person,All modalities,7,0.3678160919540232,-0.003585345943390106,FALSE,all,0.3333333333333333,-0.003073114465437232,FALSE,all
primary,Distinctiveness,Within-person,All modalities,8,0.4291187739463604,-0.004182903600621679,FALSE,all,0.38888888888888884,-0.003585300209676845,FALSE,all
primary,Distinctiveness,Within-person,All modalities,9,0.49042145593869757,-0.004780461257853363,FALSE,all,0.4444444444444444,-0.004097485953916458,FALSE,all
primary,Distinctiveness,Within-person,All modalities,10,0.5517241379310348,-0.005378018915085048,FALSE,all,0.5,-0.00460967169815607,FALSE,all
primary,Distinctiveness,Within-person,All modalities,11,0.6130268199233719,-0.005975576572316732,FALSE,all,0.5555555555555556,-0.005121857442395683,FALSE,all
primary,Distinctiveness,Within-person,All modalities,12,0.6743295019157092,-0.006573134229548416,FALSE,all,0.611111111111111,-0.005634043186635296,FALSE,all
primary,Distinctiveness,Within-person,All modalities,13,0.7356321839080464,-0.007170691886780101,FALSE,all,0.6666666666666666,-0.0061462289308746865,FALSE,all
primary,Distinctiveness,Within-person,All modalities,14,0.7969348659003835,-0.007768249544011785,FALSE,all,0.7222222222222222,-0.006658414675114299,FALSE,all
primary,Distinctiveness,Within-person,All modalities,15,0.8582375478927208,-0.008365807201243358,FALSE,all,0.7777777777777777,-0.007170600419353912,FALSE,all
primary,Distinctiveness,Within-person,All modalities,16,0.9195402298850579,-0.008963364858475042,FALSE,all,0.8333333333333333,-0.007682786163593525,FALSE,all
primary,Distinctiveness,Within-person,All modalities,17,0.9808429118773951,-0.009560922515706727,FALSE,all,0.8888888888888888,-0.008194971907833137,FALSE,all
primary,Distinctiveness,Within-person,All modalities,18,1.0421455938697324,-0.010158480172938411,FALSE,all,0.9444444444444444,-0.00870715765207275,FALSE,all
primary,Distinctiveness,Within-person,All modalities,19,1.1034482758620696,-0.010756037830170095,FALSE,all,1,-0.00921934339631214,FALSE,all
primary,Distinctiveness,Within-person,All modalities,20,1.1647509578544066,-0.01135359548740178,FALSE,all,1.0555555555555556,-0.009731529140551753,FALSE,all
primary,Distinctiveness,Within-person,All modalities,21,1.2260536398467439,-0.011951153144633464,FALSE,all,1.1111111111111112,-0.010243714884791366,FALSE,all
primary,Distinctiveness,Within-person,All modalities,22,1.287356321839081,-0.012548710801865037,FALSE,all,1.1666666666666665,-0.010755900629030979,FALSE,all
primary,Distinctiveness,Within-person,All modalities,23,1.3486590038314183,-0.013146268459096722,FALSE,all,1.222222222222222,-0.011268086373270592,FALSE,all
primary,Distinctiveness,Within-person,All modalities,24,1.4099616858237556,-0.013743826116328406,FALSE,all,1.2777777777777777,-0.011780272117510204,FALSE,all
primary,Distinctiveness,Within-person,All modalities,25,1.4712643678160928,-0.01434138377356009,FALSE,all,1.3333333333333333,-0.012292457861749595,FALSE,all
primary,Distinctiveness,Within-person,All modalities,26,1.5325670498084298,-0.014938941430791775,FALSE,all,1.3888888888888888,-0.012804643605989208,FALSE,all
primary,Distinctiveness,Within-person,All modalities,27,1.593869731800767,-0.015536499088023459,FALSE,all,1.4444444444444444,-0.01331682935022882,FALSE,all
primary,Distinctiveness,Within-person,All modalities,28,1.6551724137931043,-0.016134056745255143,FALSE,all,1.5,-0.013829015094468433,FALSE,all
primary,Distinctiveness,Within-person,All modalities,29,1.7164750957854416,-0.016731614402486716,FALSE,all,1.5555555555555554,-0.014341200838708046,FALSE,all
primary,Distinctiveness,Within-person,All modalities,30,1.7777777777777788,-0.0173291720597184,FALSE,all,1.611111111111111,-0.014853386582947437,FALSE,all
primary,Distinctiveness,Within-person,All modalities,31,1.8390804597701158,-0.017926729716950085,FALSE,all,1.6666666666666665,-0.01536557232718705,FALSE,all
primary,Distinctiveness,Within-person,All modalities,32,1.900383141762453,-0.01852428737418177,FALSE,all,1.722222222222222,-0.015877758071426662,FALSE,all
primary,Distinctiveness,Within-person,All modalities,33,1.9616858237547903,-0.019121845031413454,FALSE,all,1.7777777777777777,-0.016389943815666275,FALSE,all
primary,Distinctiveness,Within-person,All modalities,34,2.0229885057471275,-0.019719402688645138,FALSE,all,1.8333333333333333,-0.016902129559905887,FALSE,all
primary,Distinctiveness,Within-person,All modalities,35,2.0842911877394648,-0.020316960345876822,FALSE,all,1.8888888888888888,-0.0174143153041455,FALSE,all
primary,Distinctiveness,Within-person,All modalities,36,2.145593869731802,-0.020914518003108395,FALSE,all,1.9444444444444444,-0.01792650104838489,FALSE,all
primary,Distinctiveness,Within-person,All modalities,37,2.2068965517241392,-0.02151207566034008,FALSE,all,2,-0.018438686792624503,FALSE,all
primary,Distinctiveness,Within-person,All modalities,38,2.2681992337164765,-0.022109633317571764,FALSE,all,2.0555555555555554,-0.018950872536864116,FALSE,all
primary,Distinctiveness,Within-person,All modalities,39,2.3295019157088133,-0.02270719097480345,FALSE,all,2.111111111111111,-0.01946305828110373,FALSE,all
primary,Distinctiveness,Within-person,All modalities,40,2.3908045977011505,-0.023304748632035133,FALSE,all,2.1666666666666665,-0.01997524402534334,FALSE,all
primary,Distinctiveness,Within-person,All modalities,41,2.4521072796934877,-0.023902306289266817,FALSE,all,2.2222222222222223,-0.020487429769582954,FALSE,all
primary,Distinctiveness,Within-person,All modalities,42,2.513409961685825,-0.0244998639464985,FALSE,all,2.2777777777777777,-0.020999615513822345,FALSE,all
primary,Distinctiveness,Within-person,All modalities,43,2.574712643678162,-0.025097421603730075,FALSE,all,2.333333333333333,-0.021511801258061958,FALSE,all
primary,Distinctiveness,Within-person,All modalities,44,2.6360153256704995,-0.02569497926096176,FALSE,all,2.388888888888889,-0.02202398700230157,FALSE,all
primary,Distinctiveness,Within-person,All modalities,45,2.6973180076628367,-0.026292536918193443,FALSE,all,2.444444444444444,-0.022536172746541183,FALSE,all
primary,Distinctiveness,Within-person,All modalities,46,2.758620689655174,-0.026890094575425127,FALSE,all,2.5,-0.023048358490780796,FALSE,all
primary,Distinctiveness,Within-person,All modalities,47,2.819923371647511,-0.027487652232656812,FALSE,all,2.5555555555555554,-0.023560544235020187,FALSE,all
primary,Distinctiveness,Within-person,All modalities,48,2.8812260536398484,-0.028085209889888496,FALSE,all,2.611111111111111,-0.0240727299792598,FALSE,all
primary,Distinctiveness,Within-person,All modalities,49,2.9425287356321856,-0.02868276754712018,FALSE,all,2.6666666666666665,-0.024584915723499412,FALSE,all
primary,Distinctiveness,Within-person,All modalities,50,3.0038314176245224,-0.029280325204351754,FALSE,all,2.722222222222222,-0.025097101467739025,FALSE,all
primary,Distinctiveness,Within-person,All modalities,51,3.0651340996168597,-0.029877882861583438,FALSE,all,2.7777777777777777,-0.025609287211978637,FALSE,all
primary,Distinctiveness,Within-person,All modalities,52,3.126436781609197,-0.030475440518815122,FALSE,all,2.833333333333333,-0.02612147295621825,FALSE,all
primary,Distinctiveness,Within-person,All modalities,53,3.187739463601534,-0.031072998176046807,FALSE,all,2.888888888888889,-0.02663365870045764,FALSE,all
primary,Distinctiveness,Within-person,All modalities,54,3.2490421455938714,-0.03167055583327849,FALSE,all,2.944444444444444,-0.027145844444697254,FALSE,all
primary,Distinctiveness,Within-person,All modalities,55,3.3103448275862086,-0.032268113490510175,FALSE,all,3,-0.027658030188936866,FALSE,all
primary,Distinctiveness,Within-person,All modalities,56,3.371647509578546,-0.03286567114774186,FALSE,all,3.0555555555555554,-0.02817021593317648,FALSE,all
primary,Distinctiveness,Within-person,All modalities,57,3.432950191570883,-0.03346322880497343,FALSE,all,3.1111111111111107,-0.02868240167741609,FALSE,all
primary,Distinctiveness,Within-person,All modalities,58,3.4942528735632203,-0.03406078646220512,FALSE,all,3.1666666666666665,-0.029194587421655704,FALSE,all
primary,Distinctiveness,Within-person,All modalities,59,3.5555555555555576,-0.0346583441194368,FALSE,all,3.222222222222222,-0.029706773165895095,FALSE,all
primary,Distinctiveness,Within-person,All modalities,60,3.6168582375478944,-0.035255901776668486,FALSE,all,3.2777777777777777,-0.030218958910134708,FALSE,all
primary,Distinctiveness,Within-person,All modalities,61,3.6781609195402316,-0.03585345943390017,FALSE,all,3.333333333333333,-0.03073114465437432,FALSE,all
primary,Distinctiveness,Within-person,All modalities,62,3.739463601532569,-0.036451017091131854,FALSE,all,3.388888888888889,-0.031243330398613933,FALSE,all
primary,Distinctiveness,Within-person,All modalities,63,3.800766283524906,-0.03704857474836354,FALSE,all,3.444444444444444,-0.031755516142853546,FALSE,all
primary,Distinctiveness,Within-person,All modalities,64,3.8620689655172433,-0.03764613240559511,FALSE,all,3.5,-0.03226770188709316,FALSE,all
primary,Distinctiveness,Within-person,All modalities,65,3.9233716475095806,-0.038243690062826796,FALSE,all,3.5555555555555554,-0.03277988763133255,FALSE,all
primary,Distinctiveness,Within-person,All modalities,66,3.984674329501918,-0.03884124772005848,FALSE,all,3.6111111111111107,-0.03329207337557216,FALSE,all
primary,Distinctiveness,Within-person,All modalities,67,4.045977011494255,-0.039438805377290165,FALSE,all,3.6666666666666665,-0.033804259119811775,FALSE,all
primary,Distinctiveness,Within-person,All modalities,68,4.107279693486592,-0.04003636303452185,FALSE,all,3.722222222222222,-0.03431644486405139,FALSE,all
primary,Distinctiveness,Within-person,All modalities,69,4.1685823754789295,-0.04063392069175353,FALSE,all,3.7777777777777777,-0.034828630608291,FALSE,all
primary,Distinctiveness,Within-person,All modalities,70,4.229885057471266,-0.04123147834898522,FALSE,all,3.833333333333333,-0.03534081635253039,FALSE,all
primary,Distinctiveness,Within-person,All modalities,71,4.291187739463604,-0.04182903600621679,FALSE,all,3.888888888888889,-0.035853002096770004,FALSE,all
primary,Distinctiveness,Within-person,All modalities,72,4.352490421455941,-0.042426593663448475,FALSE,all,3.944444444444444,-0.036365187841009616,FALSE,all
primary,Distinctiveness,Within-person,All modalities,73,4.4137931034482785,-0.04302415132068016,FALSE,all,4,-0.03687737358524923,FALSE,all
primary,Distinctiveness,Within-person,All modalities,74,4.475095785440615,-0.043621708977911844,FALSE,all,4.055555555555555,-0.03738955932948884,FALSE,all
primary,Distinctiveness,Within-person,All modalities,75,4.536398467432953,-0.04421926663514353,FALSE,all,4.111111111111111,-0.037901745073728454,FALSE,all
primary,Distinctiveness,Within-person,All modalities,76,4.59770114942529,-0.04481682429237521,FALSE,all,4.166666666666666,-0.038413930817967845,FALSE,all
primary,Distinctiveness,Within-person,All modalities,77,4.6590038314176265,-0.0454143819496069,FALSE,all,4.222222222222222,-0.03892611656220746,FALSE,all
primary,Distinctiveness,Within-person,All modalities,78,4.720306513409964,-0.04601193960683847,FALSE,all,4.277777777777778,-0.03943830230644707,FALSE,all
primary,Distinctiveness,Within-person,All modalities,79,4.781609195402301,-0.046609497264070154,FALSE,all,4.333333333333333,-0.03995048805068668,FALSE,all
primary,Distinctiveness,Within-person,All modalities,80,4.842911877394639,-0.04720705492130184,FALSE,all,4.388888888888888,-0.040462673794926296,FALSE,all
primary,Distinctiveness,Within-person,All modalities,81,4.9042145593869755,-0.04780461257853352,FALSE,all,4.444444444444445,-0.04097485953916591,FALSE,all
primary,Distinctiveness,Within-person,All modalities,82,4.965517241379313,-0.04840217023576521,FALSE,all,4.5,-0.0414870452834053,FALSE,all
primary,Distinctiveness,Within-person,All modalities,83,5.02681992337165,-0.04899972789299689,FALSE,all,4.555555555555555,-0.04199923102764491,FALSE,all
primary,Distinctiveness,Within-person,All modalities,84,5.088122605363988,-0.049597285550228576,FALSE,all,4.611111111111111,-0.042511416771884525,FALSE,all
primary,Distinctiveness,Within-person,All modalities,85,5.149425287356324,-0.05019484320746015,FALSE,all,4.666666666666666,-0.04302360251612414,FALSE,all
primary,Distinctiveness,Within-person,All modalities,86,5.210727969348662,-0.050792400864691833,FALSE,all,4.722222222222222,-0.04353578826036375,FALSE,all
primary,Distinctiveness,Within-person,All modalities,87,5.272030651340999,-0.05138995852192352,FALSE,all,4.777777777777778,-0.04404797400460336,FALSE,all
primary,Distinctiveness,Within-person,All modalities,88,5.333333333333336,-0.0519875161791552,FALSE,all,4.833333333333333,-0.044560159748842754,FALSE,all
primary,Distinctiveness,Within-person,All modalities,89,5.394636015325673,-0.052585073836386886,FALSE,all,4.888888888888888,-0.045072345493082366,FALSE,all
primary,Distinctiveness,Within-person,All modalities,90,5.45593869731801,-0.05318263149361857,FALSE,all,4.944444444444444,-0.04558453123732198,FALSE,all
primary,Distinctiveness,Within-person,All modalities,91,5.517241379310348,-0.053780189150850255,FALSE,all,5,-0.04609671698156159,FALSE,all
primary,Distinctiveness,Within-person,All modalities,92,5.578544061302685,-0.05437774680808183,FALSE,all,5.055555555555555,-0.046608902725801205,FALSE,all
primary,Distinctiveness,Within-person,All modalities,93,5.639846743295022,-0.05497530446531351,FALSE,all,5.111111111111111,-0.047121088470040595,FALSE,all
primary,Distinctiveness,Within-person,All modalities,94,5.701149425287359,-0.0555728621225452,FALSE,all,5.166666666666666,-0.04763327421428021,FALSE,all
primary,Distinctiveness,Within-person,All modalities,95,5.762452107279697,-0.05617041977977688,FALSE,all,5.222222222222222,-0.04814545995851982,FALSE,all
primary,Distinctiveness,Within-person,All modalities,96,5.823754789272034,-0.056767977437008565,FALSE,all,5.277777777777778,-0.04865764570275943,FALSE,all
primary,Distinctiveness,Within-person,All modalities,97,5.885057471264371,-0.05736553509424025,FALSE,all,5.333333333333333,-0.049169831446999046,FALSE,all
primary,Distinctiveness,Within-person,All modalities,98,5.946360153256708,-0.057963092751471934,FALSE,all,5.388888888888888,-0.04968201719123866,FALSE,all
primary,Distinctiveness,Within-person,All modalities,99,6.007662835249045,-0.05856065040870351,FALSE,all,5.444444444444444,-0.05019420293547805,FALSE,all
primary,Distinctiveness,Within-person,All modalities,100,6.068965517241383,-0.05915820806593519,FALSE,all,5.5,-0.05070638867971766,FALSE,all
primary,Reliability,Within-person,Auditory,1,0,0,FALSE,all,0,0,FALSE,all
primary,Reliability,Within-person,Auditory,2,0.06095500459136825,-2.0346593080611264e-4,FALSE,all,0.05546372819100092,-1.3389714729683533e-4,FALSE,all
primary,Reliability,Within-person,Auditory,3,0.1219100091827365,-4.0693186161200323e-4,FALSE,all,0.11092745638200184,-2.677942945937817e-4,FALSE,all
primary,Reliability,Within-person,Auditory,4,0.18286501377410475,-6.103977924181159e-4,FALSE,all,0.16639118457300275,-4.01691441890617e-4,FALSE,all
primary,Reliability,Within-person,Auditory,5,0.243820018365473,-8.138637232241175e-4,FALSE,all,0.22185491276400368,-5.355885891874523e-4,FALSE,all
primary,Reliability,Within-person,Auditory,6,0.3047750229568413,-0.001017329654030119,FALSE,all,0.2773186409550046,-6.694857364841766e-4,FALSE,all
primary,Reliability,Within-person,Auditory,7,0.3657300275482095,-0.0012207955848361207,FALSE,all,0.3327823691460055,-8.03382883781123e-4,FALSE,all
primary,Reliability,Within-person,Auditory,8,0.42668503213957776,-0.0014242615156422334,FALSE,all,0.38824609733700643,-9.372800310779583e-4,FALSE,all
primary,Reliability,Within-person,Auditory,9,0.487640036730946,-0.001627727446448124,FALSE,all,0.44370982552800736,-0.0010711771783747936,FALSE,all
primary,Reliability,Within-person,Auditory,10,0.5485950413223143,-0.0018311933772542366,FALSE,all,0.4991735537190083,-0.00120507432567174,FALSE,all
primary,Reliability,Within-person,Auditory,11,0.6095500459136826,-0.002034659308060238,FALSE,all,0.5546372819100092,-0.0013389714729685753,FALSE,all
primary,Reliability,Within-person,Auditory,12,0.6705050505050508,-0.00223812523886624,FALSE,all,0.6101010101010101,-0.0014728686202652996,FALSE,all
primary,Reliability,Within-person,Auditory,13,0.731460055096419,-0.0024415911696722414,FALSE,all,0.665564738292011,-0.001606765767562135,FALSE,all
primary,Reliability,Within-person,Auditory,14,0.7924150596877872,-0.002645057100478354,FALSE,all,0.721028466483012,-0.0017406629148590813,FALSE,all
primary,Reliability,Within-person,Auditory,15,0.8533700642791555,-0.0028485230312843557,FALSE,all,0.7764921946740129,-0.0018745600621559166,FALSE,all
primary,Reliability,Within-person,Auditory,16,0.9143250688705238,-0.0030519889620903573,FALSE,all,0.8319559228650139,-0.002008457209452752,FALSE,all
primary,Reliability,Within-person,Auditory,17,0.975280073461892,-0.003255454892896359,FALSE,all,0.8874196510560147,-0.0021423543567494763,FALSE,all
primary,Reliability,Within-person,Auditory,18,1.0362350780532603,-0.0034589208237024716,FALSE,all,0.9428833792470156,-0.0022762515040464226,FALSE,all
primary,Reliability,Within-person,Auditory,19,1.0971900826446286,-0.003662386754508362,FALSE,all,0.9983471074380166,-0.002410148651343258,FALSE,all
primary,Reliability,Within-person,Auditory,20,1.1581450872359969,-0.003865852685314475,FALSE,all,1.0538108356290175,-0.0025440457986400933,FALSE,all
primary,Reliability,Within-person,Auditory,21,1.2191000918273651,-0.004069318616120476,FALSE,all,1.1092745638200183,-0.0026779429459369286,FALSE,all
primary,Reliability,Within-person,Auditory,22,1.2800550964187334,-0.004272784546926478,FALSE,all,1.1647382920110194,-0.002811840093233875,FALSE,all
primary,Reliability,Within-person,Auditory,23,1.3410101010101017,-0.00447625047773248,FALSE,all,1.2202020202020203,-0.0029457372405305993,FALSE,all
primary,Reliability,Within-person,Auditory,24,1.40196510560147,-0.004679716408538592,FALSE,all,1.2756657483930212,-0.0030796343878274346,FALSE,all
primary,Reliability,Within-person,Auditory,25,1.462920110192838,-0.004883182339344483,FALSE,all,1.331129476584022,-0.00321353153512427,FALSE,all
primary,Reliability,Within-person,Auditory,26,1.5238751147842062,-0.0050866482701505955,FALSE,all,1.386593204775023,-0.0033474286824212163,FALSE,all
primary,Reliability,Within-person,Auditory,27,1.5848301193755745,-0.005290114200956597,FALSE,all,1.442056932966024,-0.0034813258297180516,FALSE,all
primary,Reliability,Within-person,Auditory,28,1.6457851239669428,-0.005493580131762599,FALSE,all,1.4975206611570249,-0.003615222977014776,FALSE,all
primary,Reliability,Within-person,Auditory,29,1.706740128558311,-0.0056970460625686,FALSE,all,1.5529843893480257,-0.0037491201243116112,FALSE,all
primary,Reliability,Within-person,Auditory,30,1.7676951331496793,-0.005900511993374713,FALSE,all,1.6084481175390266,-0.0038830172716085576,FALSE,all
primary,Reliability,Within-person,Auditory,31,1.8286501377410476,-0.006103977924180604,FALSE,all,1.6639118457300277,-0.004016914418905393,FALSE,all
primary,Reliability,Within-person,Auditory,32,1.8896051423324158,-0.006307443854986716,FALSE,all,1.7193755739210286,-0.004150811566202228,FALSE,all
primary,Reliability,Within-person,Auditory,33,1.950560146923784,-0.006510909785792718,FALSE,all,1.7748393021120294,-0.004284708713499175,FALSE,all
primary,Reliability,Within-person,Auditory,34,2.011515151515152,-0.0067143757165987195,FALSE,all,1.8303030303030303,-0.004418605860795899,FALSE,all
primary,Reliability,Within-person,Auditory,35,2.0724701561065206,-0.006917841647404721,FALSE,all,1.8857667584940312,-0.004552503008092734,FALSE,all
primary,Reliability,Within-person,Auditory,36,2.1334251606978887,-0.007121307578210834,FALSE,all,1.9412304866850323,-0.0046864001553895696,FALSE,all
primary,Reliability,Within-person,Auditory,37,2.194380165289257,-0.007324773509016724,FALSE,all,1.9966942148760332,-0.004820297302686516,FALSE,all
primary,Reliability,Within-person,Auditory,38,2.255335169880625,-0.007528239439822837,FALSE,all,2.052157943067034,-0.004954194449983351,FALSE,all
primary,Reliability,Within-person,Auditory,39,2.3162901744719937,-0.0077317053706288386,FALSE,all,2.107621671258035,-0.0050880915972800755,FALSE,all
primary,Reliability,Within-person,Auditory,40,2.3772451790633617,-0.00793517130143484,FALSE,all,2.1630853994490358,-0.005221988744576911,FALSE,all
primary,Reliability,Within-person,Auditory,41,2.4382001836547302,-0.008138637232240842,FALSE,all,2.2185491276400366,-0.005355885891873857,FALSE,all
primary,Reliability,Within-person,Auditory,42,2.4991551882460983,-0.008342103163046954,FALSE,all,2.2740128558310375,-0.0054897830391706925,FALSE,all
primary,Reliability,Within-person,Auditory,43,2.5601101928374668,-0.008545569093852845,FALSE,all,2.329476584022039,-0.005623680186467528,FALSE,all
primary,Reliability,Within-person,Auditory,44,2.621065197428835,-0.008749035024658958,FALSE,all,2.3849403122130397,-0.005757577333764252,FALSE,all
primary,Reliability,Within-person,Auditory,45,2.6820202020202033,-0.00895250095546496,FALSE,all,2.4404040404040406,-0.0058914744810611985,FALSE,all
primary,Reliability,Within-person,Auditory,46,2.7429752066115713,-0.009155966886270961,FALSE,all,2.4958677685950414,-0.006025371628358034,FALSE,all
primary,Reliability,Within-person,Auditory,47,2.80393021120294,-0.009359432817076963,FALSE,all,2.5513314967860423,-0.006159268775654869,FALSE,all
primary,Reliability,Within-person,Auditory,48,2.864885215794308,-0.009562898747883075,FALSE,all,2.606795224977043,-0.0062931659229517045,FALSE,all
primary,Reliability,Within-person,Auditory,49,2.925840220385676,-0.009766364678688966,FALSE,all,2.662258953168044,-0.006427063070248651,FALSE,all
primary,Reliability,Within-person,Auditory,50,2.9867952249770444,-0.009969830609495078,FALSE,all,2.717722681359045,-0.006560960217545375,FALSE,all
primary,Reliability,Within-person,Auditory,51,3.0477502295684125,-0.01017329654030108,FALSE,all,2.773186409550046,-0.0066948573648422105,FALSE,all
primary,Reliability,Within-person,Auditory,52,3.108705234159781,-0.010376762471107082,FALSE,all,2.828650137741047,-0.006828754512139046,FALSE,all
primary,Reliability,Within-person,Auditory,53,3.169660238751149,-0.010580228401913083,FALSE,all,2.884113865932048,-0.006962651659435992,FALSE,all
primary,Reliability,Within-person,Auditory,54,3.2306152433425175,-0.010783694332719196,FALSE,all,2.939577594123049,-0.0070965488067328275,FALSE,all
primary,Reliability,Within-person,Auditory,55,3.2915702479338855,-0.010987160263525086,FALSE,all,2.9950413223140497,-0.007230445954029552,FALSE,all
primary,Reliability,Within-person,Auditory,56,3.352525252525254,-0.011190626194331199,FALSE,all,3.0505050505050506,-0.007364343101326498,FALSE,all
primary,Reliability,Within-person,Auditory,57,3.413480257116622,-0.0113940921251372,FALSE,all,3.1059687786960515,-0.0074982402486233335,FALSE,all
primary,Reliability,Within-person,Auditory,58,3.4744352617079906,-0.011597558055943202,FALSE,all,3.1614325068870524,-0.007632137395920169,FALSE,all
primary,Reliability,Within-person,Auditory,59,3.5353902662993586,-0.011801023986749204,FALSE,all,3.2168962350780532,-0.007766034543217004,FALSE,all
primary,Reliability,Within-person,Auditory,60,3.596345270890727,-0.012004489917555317,FALSE,all,3.272359963269054,-0.00789993169051395,FALSE,all
primary,Reliability,Within-person,Auditory,61,3.657300275482095,-0.012207955848361207,FALSE,all,3.3278236914600554,-0.008033828837810675,FALSE,all
primary,Reliability,Within-person,Auditory,62,3.7182552800734636,-0.01241142177916732,FALSE,all,3.3832874196510563,-0.00816772598510751,FALSE,all
primary,Reliability,Within-person,Auditory,63,3.7792102846648317,-0.012614887709973321,FALSE,all,3.438751147842057,-0.008301623132404345,FALSE,all
primary,Reliability,Within-person,Auditory,64,3.8401652892562,-0.012818353640779323,FALSE,all,3.494214876033058,-0.008435520279701292,FALSE,all
primary,Reliability,Within-person,Auditory,65,3.901120293847568,-0.013021819571585325,FALSE,all,3.549678604224059,-0.008569417426998127,FALSE,all
primary,Reliability,Within-person,Auditory,66,3.9620752984389362,-0.013225285502391437,FALSE,all,3.6051423324150598,-0.008703314574294851,FALSE,all
primary,Reliability,Within-person,Auditory,67,4.023030303030304,-0.013428751433197328,FALSE,all,3.6606060606060606,-0.008837211721591687,FALSE,all
primary,Reliability,Within-person,Auditory,68,4.083985307621673,-0.01363221736400344,FALSE,all,3.7160697887970615,-0.008971108868888633,FALSE,all
primary,Reliability,Within-person,Auditory,69,4.144940312213041,-0.013835683294809442,FALSE,all,3.7715335169880624,-0.009105006016185468,FALSE,all
primary,Reliability,Within-person,Auditory,70,4.205895316804409,-0.014039149225615444,FALSE,all,3.8269972451790637,-0.009238903163482304,FALSE,all
primary,Reliability,Within-person,Auditory,71,4.266850321395777,-0.014242615156421445,FALSE,all,3.8824609733700646,-0.009372800310779139,FALSE,all
primary,Reliability,Within-person,Auditory,72,4.327805325987146,-0.014446081087227558,FALSE,all,3.9379247015610654,-0.009506697458075974,FALSE,all
primary,Reliability,Within-person,Auditory,73,4.388760330578514,-0.01464954701803356,FALSE,all,3.9933884297520663,-0.00964059460537281,FALSE,all
primary,Reliability,Within-person,Auditory,74,4.449715335169882,-0.014853012948839561,FALSE,all,4.048852157943067,-0.009774491752669645,FALSE,all
primary,Reliability,Within-person,Auditory,75,4.51067033976125,-0.015056478879645563,FALSE,all,4.104315886134068,-0.00990838889996648,FALSE,all
primary,Reliability,Within-person,Auditory,76,4.571625344352619,-0.015259944810451676,FALSE,all,4.159779614325069,-0.010042286047263427,FALSE,all
primary,Reliability,Within-person,Auditory,77,4.632580348943987,-0.015463410741257566,FALSE,all,4.21524334251607,-0.010176183194560151,FALSE,all
primary,Reliability,Within-person,Auditory,78,4.6935353535353554,-0.01566687667206368,FALSE,all,4.270707070707071,-0.010310080341856986,FALSE,all
primary,Reliability,Within-person,Auditory,79,4.7544903581267235,-0.01587034260286968,FALSE,all,4.3261707988980715,-0.010443977489153933,FALSE,all
primary,Reliability,Within-person,Auditory,80,4.815445362718092,-0.016073808533675682,FALSE,all,4.381634527089073,-0.010577874636450768,FALSE,all
primary,Reliability,Within-person,Auditory,81,4.8764003673094605,-0.016277274464481684,FALSE,all,4.437098255280073,-0.010711771783747603,FALSE,all
primary,Reliability,Within-person,Auditory,82,4.9373553719008285,-0.016480740395287796,FALSE,all,4.492561983471075,-0.010845668931044439,FALSE,all
primary,Reliability,Within-person,Auditory,83,4.998310376492197,-0.016684206326093687,FALSE,all,4.548025711662075,-0.010979566078341274,FALSE,all
primary,Reliability,Within-person,Auditory,84,5.059265381083565,-0.0168876722568998,FALSE,all,4.603489439853076,-0.01111346322563811,FALSE,all
primary,Reliability,Within-person,Auditory,85,5.1202203856749335,-0.0170911381877058,FALSE,all,4.658953168044078,-0.011247360372934945,FALSE,all
primary,Reliability,Within-person,Auditory,86,5.181175390266302,-0.017294604118511803,FALSE,all,4.714416896235078,-0.01138125752023178,FALSE,all
primary,Reliability,Within-person,Auditory,87,5.24213039485767,-0.017498070049317804,FALSE,all,4.769880624426079,-0.011515154667528726,FALSE,all
primary,Reliability,Within-person,Auditory,88,5.303085399449038,-0.017701535980123917,FALSE,all,4.82534435261708,-0.01164905181482545,FALSE,all
primary,Reliability,Within-person,Auditory,89,5.364040404040407,-0.017905001910929808,FALSE,all,4.880808080808081,-0.011782948962122286,FALSE,all
primary,Reliability,Within-person,Auditory,90,5.424995408631775,-0.01810846784173592,FALSE,all,4.936271808999082,-0.011916846109419121,FALSE,all
primary,Reliability,Within-person,Auditory,91,5.485950413223143,-0.018311933772541922,FALSE,all,4.991735537190083,-0.012050743256716068,FALSE,all
primary,Reliability,Within-person,Auditory,92,5.546905417814511,-0.018515399703347923,FALSE,all,5.047199265381083,-0.012184640404012903,FALSE,all
primary,Reliability,Within-person,Auditory,93,5.60786042240588,-0.018718865634153925,FALSE,all,5.102662993572085,-0.012318537551309738,FALSE,all
primary,Reliability,Within-person,Auditory,94,5.668815426997248,-0.018922331564960038,FALSE,all,5.158126721763086,-0.012452434698606463,FALSE,all
primary,Reliability,Within-person,Auditory,95,5.729770431588616,-0.019125797495765928,FALSE,all,5.213590449954086,-0.012586331845903409,FALSE,all
primary,Reliability,Within-person,Auditory,96,5.790725436179984,-0.01932926342657204,FALSE,all,5.269054178145088,-0.012720228993200244,FALSE,all
primary,Reliability,Within-person,Auditory,97,5.851680440771352,-0.019532729357378043,FALSE,all,5.324517906336088,-0.01285412614049708,FALSE,all
primary,Reliability,Within-person,Auditory,98,5.912635445362721,-0.019736195288184044,FALSE,all,5.379981634527089,-0.012988023287793915,FALSE,all
primary,Reliability,Within-person,Auditory,99,5.973590449954089,-0.019939661218990046,FALSE,all,5.43544536271809,-0.01312192043509075,FALSE,all
primary,Reliability,Within-person,Auditory,100,6.034545454545457,-0.02014312714979616,FALSE,all,5.490909090909091,-0.013255817582387586,FALSE,all
primary,Reliability,Within-person,Motor,1,0,0,FALSE,all,0,0,FALSE,all
primary,Reliability,Within-person,Motor,2,0.045577728504557775,-7.594065935456751e-4,FALSE,all,0.04533136240453313,-6.967477223432939e-4,FALSE,all
primary,Reliability,Within-person,Motor,3,0.09115545700911555,-0.0015188131870913502,FALSE,all,0.09066272480906626,-0.0013934954446865877,FALSE,all
primary,Reliability,Within-person,Motor,4,0.13673318551367333,-0.0022782197806371363,FALSE,all,0.1359940872135994,-0.0020902431670298816,FALSE,all
primary,Reliability,Within-person,Motor,5,0.1823109140182311,-0.0030376263741828113,FALSE,all,0.18132544961813252,-0.0027869908893731754,FALSE,all
primary,Reliability,Within-person,Motor,6,0.22788864252278887,-0.0037970329677283754,FALSE,all,0.22665681202266563,-0.0034837386117163582,FALSE,all
primary,Reliability,Within-person,Motor,7,0.27346637102734667,-0.0045564395612741615,FALSE,all,0.2719881744271988,-0.004180486334059763,FALSE,all
primary,Reliability,Within-person,Motor,8,0.31904409953190443,-0.005315846154819837,FALSE,all,0.3173195368317319,-0.004877234056403057,FALSE,all
primary,Reliability,Within-person,Motor,9,0.3646218280364622,-0.006075252748365512,FALSE,all,0.36265089923626503,-0.005573981778746351,FALSE,all
primary,Reliability,Within-person,Motor,10,0.41019955654101997,-0.006834659341911298,FALSE,all,0.40798226164079815,-0.006270729501089645,FALSE,all
primary,Reliability,Within-person,Motor,11,0.45577728504557774,-0.007594065935456862,FALSE,all,0.45331362404533126,-0.0069674772234329385,FALSE,all
primary,Reliability,Within-person,Motor,12,0.5013550135501356,-0.008353472529002648,FALSE,all,0.49864498644986444,-0.007664224945776232,FALSE,all
primary,Reliability,Within-person,Motor,13,0.5469327420546933,-0.009112879122548323,FALSE,all,0.5439763488543976,-0.008360972668119415,FALSE,all
primary,Reliability,Within-person,Motor,14,0.5925104705592511,-0.009872285716093998,FALSE,all,0.5893077112589307,-0.00905772039046282,FALSE,all
primary,Reliability,Within-person,Motor,15,0.6380881990638089,-0.010631692309639673,FALSE,all,0.6346390736634638,-0.009754468112806114,FALSE,all
primary,Reliability,Within-person,Motor,16,0.6836659275683666,-0.011391098903185348,FALSE,all,0.6799704360679969,-0.010451215835149408,FALSE,all
primary,Reliability,Within-person,Motor,17,0.7292436560729244,-0.012150505496731023,FALSE,all,0.7253017984725301,-0.01114796355749259,FALSE,all
primary,Reliability,Within-person,Motor,18,0.7748213845774822,-0.01290991209027681,FALSE,all,0.7706331608770632,-0.011844711279835884,FALSE,all
primary,Reliability,Within-person,Motor,19,0.8203991130820399,-0.013669318683822373,FALSE,all,0.8159645232815963,-0.012541459002179178,FALSE,all
primary,Reliability,Within-person,Motor,20,0.8659768415865977,-0.01442872527736816,FALSE,all,0.8612958856861295,-0.013238206724522472,FALSE,all
primary,Reliability,Within-person,Motor,21,0.9115545700911555,-0.015188131870913835,FALSE,all,0.9066272480906625,-0.013934954446865766,FALSE,all
primary,Reliability,Within-person,Motor,22,0.9571322985957132,-0.01594753846445951,FALSE,all,0.9519586104951957,-0.01463170216920906,FALSE,all
primary,Reliability,Within-person,Motor,23,1.0027100271002711,-0.016706945058005296,FALSE,all,0.9972899728997289,-0.015328449891552354,FALSE,all
primary,Reliability,Within-person,Motor,24,1.048287755604829,-0.01746635165155086,FALSE,all,1.042621335304262,-0.016025197613895648,FALSE,all
primary,Reliability,Within-person,Motor,25,1.0938654841093867,-0.018225758245096535,FALSE,all,1.0879526977087952,-0.01672194533623894,FALSE,all
primary,Reliability,Within-person,Motor,26,1.1394432126139444,-0.01898516483864232,FALSE,all,1.1332840601133283,-0.017418693058582235,FALSE,all
primary,Reliability,Within-person,Motor,27,1.1850209411185022,-0.019744571432187996,FALSE,all,1.1786154225178613,-0.01811544078092553,FALSE,all
primary,Reliability,Within-person,Motor,28,1.23059866962306,-0.02050397802573367,FALSE,all,1.2239467849223944,-0.018812188503268823,FALSE,all
primary,Reliability,Within-person,Motor,29,1.2761763981276177,-0.021263384619279457,FALSE,all,1.2692781473269277,-0.019508936225612117,FALSE,all
primary,Reliability,Within-person,Motor,30,1.3217541266321755,-0.022022791212825132,FALSE,all,1.3146095097314607,-0.02020568394795552,FALSE,all
primary,Reliability,Within-person,Motor,31,1.3673318551367333,-0.02278219780637092,FALSE,all,1.3599408721359938,-0.020902431670298705,FALSE,all
primary,Reliability,Within-person,Motor,32,1.412909583641291,-0.023541604399916483,FALSE,all,1.405272234540527,-0.021599179392642,FALSE,all
primary,Reliability,Within-person,Motor,33,1.4584873121458488,-0.02430101099346227,FALSE,all,1.4506035969450601,-0.022295927114985292,FALSE,all
primary,Reliability,Within-person,Motor,34,1.5040650406504066,-0.025060417587007944,FALSE,all,1.4959349593495932,-0.022992674837328586,FALSE,all
primary,Reliability,Within-person,Motor,35,1.5496427691549644,-0.02581982418055362,FALSE,all,1.5412663217541265,-0.02368942255967188,FALSE,all
primary,Reliability,Within-person,Motor,36,1.5952204976595221,-0.026579230774099405,FALSE,all,1.5865976841586595,-0.024386170282015063,FALSE,all
primary,Reliability,Within-person,Motor,37,1.6407982261640799,-0.02733863736764497,FALSE,all,1.6319290465631926,-0.025082918004358468,FALSE,all
primary,Reliability,Within-person,Motor,38,1.6863759546686377,-0.028098043961190644,FALSE,all,1.6772604089677259,-0.02577966572670165,FALSE,all
primary,Reliability,Within-person,Motor,39,1.7319536831731954,-0.02885745055473643,FALSE,all,1.722591771372259,-0.026476413449044944,FALSE,all
primary,Reliability,Within-person,Motor,40,1.7775314116777532,-0.029616857148282105,FALSE,all,1.767923133776792,-0.02717316117138835,FALSE,all
primary,Reliability,Within-person,Motor,41,1.823109140182311,-0.03037626374182778,FALSE,all,1.813254496181325,-0.027869908893731532,FALSE,all
primary,Reliability,Within-person,Motor,42,1.8686868686868687,-0.031135670335373455,FALSE,all,1.8585858585858583,-0.028566656616074826,FALSE,all
primary,Reliability,Within-person,Motor,43,1.9142645971914265,-0.03189507692891913,FALSE,all,1.9039172209903914,-0.02926340433841812,FALSE,all
primary,Reliability,Within-person,Motor,44,1.9598423256959843,-0.03265448352246492,FALSE,all,1.9492485833949245,-0.029960152060761525,FALSE,all
primary,Reliability,Within-person,Motor,45,2.0054200542005423,-0.03341389011601048,FALSE,all,1.9945799457994577,-0.030656899783104707,FALSE,all
primary,Reliability,Within-person,Motor,46,2.0509977827051,-0.034173296709556156,FALSE,all,2.039911308203991,-0.031353647505448,FALSE,all
primary,Reliability,Within-person,Motor,47,2.096575511209658,-0.03493270330310194,FALSE,all,2.085242670608524,-0.032050395227791406,FALSE,all
primary,Reliability,Within-person,Motor,48,2.1421532397142156,-0.03569210989664762,FALSE,all,2.130574033013057,-0.03274714295013459,FALSE,all
primary,Reliability,Within-person,Motor,49,2.1877309682187733,-0.0364515164901934,FALSE,all,2.1759053954175904,-0.03344389067247788,FALSE,all
primary,Reliability,Within-person,Motor,50,2.233308696723331,-0.03721092308373897,FALSE,all,2.2212367578221235,-0.03414063839482129,FALSE,all
primary,Reliability,Within-person,Motor,51,2.278886425227889,-0.03797032967728464,FALSE,all,2.2665681202266565,-0.03483738611716458,FALSE,all
primary,Reliability,Within-person,Motor,52,2.3244641537324466,-0.03872973627083043,FALSE,all,2.3118994826311896,-0.035534133839507764,FALSE,all
primary,Reliability,Within-person,Motor,53,2.3700418822370044,-0.0394891428643761,FALSE,all,2.3572308450357227,-0.03623088156185106,FALSE,all
primary,Reliability,Within-person,Motor,54,2.415619610741562,-0.04024854945792167,FALSE,all,2.4025622074402557,-0.03692762928419446,FALSE,all
primary,Reliability,Within-person,Motor,55,2.46119733924612,-0.041007956051467453,FALSE,all,2.447893569844789,-0.037624377006537646,FALSE,all
primary,Reliability,Within-person,Motor,56,2.5067750677506777,-0.04176736264501313,FALSE,all,2.4932249322493223,-0.03832112472888083,FALSE,all
primary,Reliability,Within-person,Motor,57,2.5523527962552355,-0.042526769238558915,FALSE,all,2.5385562946538553,-0.039017872451224234,FALSE,all
primary,Reliability,Within-person,Motor,58,2.5979305247597932,-0.04328617583210448,FALSE,all,2.5838876570583884,-0.03971462017356753,FALSE,all
primary,Reliability,Within-person,Motor,59,2.643508253264351,-0.044045582425650154,FALSE,all,2.6292190194629215,-0.04041136789591071,FALSE,all
primary,Reliability,Within-person,Motor,60,2.689085981768909,-0.04480498901919594,FALSE,all,2.6745503818674545,-0.041108115618254115,FALSE,all
primary,Reliability,Within-person,Motor,61,2.7346637102734666,-0.045564395612741615,FALSE,all,2.7198817442719876,-0.04180486334059741,FALSE,all
primary,Reliability,Within-person,Motor,62,2.7802414387780243,-0.0463238022062874,FALSE,all,2.765213106676521,-0.04250161106294059,FALSE,all
primary,Reliability,Within-person,Motor,63,2.825819167282582,-0.047083208799832965,FALSE,all,2.810544469081054,-0.043198358785283886,FALSE,all
primary,Reliability,Within-person,Motor,64,2.87139689578714,-0.04784261539337864,FALSE,all,2.855875831485587,-0.04389510650762729,FALSE,all
primary,Reliability,Within-person,Motor,65,2.9169746242916976,-0.048602021986924426,FALSE,all,2.9012071938901203,-0.044591854229970584,FALSE,all
primary,Reliability,Within-person,Motor,66,2.9625523527962554,-0.0493614285804701,FALSE,all,2.9465385562946533,-0.04528860195231377,FALSE,all
primary,Reliability,Within-person,Motor,67,3.008130081300813,-0.050120835174015665,FALSE,all,2.9918699186991864,-0.04598534967465717,FALSE,all
primary,Reliability,Within-person,Motor,68,3.053707809805371,-0.05088024176756145,FALSE,all,3.0372012811037195,-0.046682097397000466,FALSE,all
primary,Reliability,Within-person,Motor,69,3.0992855383099287,-0.05163964836110713,FALSE,all,3.082532643508253,-0.04737884511934365,FALSE,all
primary,Reliability,Within-person,Motor,70,3.1448632668144865,-0.05239905495465291,FALSE,all,3.127864005912786,-0.048075592841687054,FALSE,all
primary,Reliability,Within-person,Motor,71,3.1904409953190442,-0.05315846154819859,FALSE,all,3.173195368317319,-0.04877234056403035,FALSE,all
primary,Reliability,Within-person,Motor,72,3.236018723823602,-0.05391786814174415,FALSE,all,3.218526730721852,-0.04946908828637353,FALSE,all
primary,Reliability,Within-person,Motor,73,3.2815964523281598,-0.05467727473528994,FALSE,all,3.263858093126385,-0.050165836008716824,FALSE,all
primary,Reliability,Within-person,Motor,74,3.3271741808327175,-0.05543668132883561,FALSE,all,3.3091894555309183,-0.05086258373106023,FALSE,all
primary,Reliability,Within-person,Motor,75,3.3727519093372753,-0.05619608792238129,FALSE,all,3.3545208179354518,-0.05155933145340352,FALSE,all
primary,Reliability,Within-person,Motor,76,3.418329637841833,-0.05695549451592696,FALSE,all,3.399852180339985,-0.052256079175746595,FALSE,all
primary,Reliability,Within-person,Motor,77,3.463907366346391,-0.05771490110947264,FALSE,all,3.445183542744518,-0.05295282689809,FALSE,all
primary,Reliability,Within-person,Motor,78,3.5094850948509486,-0.058474307703018424,FALSE,all,3.490514905149051,-0.053649574620433294,FALSE,all
primary,Reliability,Within-person,Motor,79,3.5550628233555064,-0.0592337142965641,FALSE,all,3.535846267553584,-0.054346322342776476,FALSE,all
primary,Reliability,Within-person,Motor,80,3.600640551860064,-0.059993120890109664,FALSE,all,3.581177629958117,-0.05504307006511988,FALSE,all
primary,Reliability,Within-person,Motor,81,3.646218280364622,-0.06075252748365545,FALSE,all,3.62650899236265,-0.055739817787463175,FALSE,all
primary,Reliability,Within-person,Motor,82,3.6917960088691797,-0.061511934077201125,FALSE,all,3.6718403547671836,-0.05643656550980647,FALSE,all
primary,Reliability,Within-person,Motor,83,3.7373737373737375,-0.0622713406707468,FALSE,all,3.7171717171717167,-0.05713331323214965,FALSE,all
primary,Reliability,Within-person,Motor,84,3.7829514658782952,-0.06303074726429259,FALSE,all,3.7625030795762497,-0.05783006095449306,FALSE,all
primary,Reliability,Within-person,Motor,85,3.828529194382853,-0.06379015385783815,FALSE,all,3.807834441980783,-0.05852680867683635,FALSE,all
primary,Reliability,Within-person,Motor,86,3.8741069228874108,-0.06454956045138394,FALSE,all,3.853165804385316,-0.05922355639917953,FALSE,all
primary,Reliability,Within-person,Motor,87,3.9196846513919685,-0.06530896704492961,FALSE,all,3.898497166789849,-0.05992030412152294,FALSE,all
primary,Reliability,Within-person,Motor,88,3.9652623798965263,-0.06606837363847529,FALSE,all,3.9438285291943824,-0.06061705184386623,FALSE,all
primary,Reliability,Within-person,Motor,89,4.0108401084010845,-0.06682778023202096,FALSE,all,3.9891598915989155,-0.061313799566209526,FALSE,all
primary,Reliability,Within-person,Motor,90,4.056417836905642,-0.06758718682556664,FALSE,all,4.0344912540034485,-0.06201054728855282,FALSE,all
primary,Reliability,Within-person,Motor,91,4.1019955654102,-0.06834659341911242,FALSE,all,4.079822616407982,-0.06270729501089611,FALSE,all
primary,Reliability,Within-person,Motor,92,4.147573293914758,-0.0691060000126581,FALSE,all,4.125153978812515,-0.06340404273323941,FALSE,all
primary,Reliability,Within-person,Motor,93,4.193151022419316,-0.06986540660620366,FALSE,all,4.170485341217048,-0.06410079045558259,FALSE,all
primary,Reliability,Within-person,Motor,94,4.238728750923873,-0.07062481319974945,FALSE,all,4.215816703621581,-0.064797538177926,FALSE,all
primary,Reliability,Within-person,Motor,95,4.284306479428431,-0.07138421979329512,FALSE,all,4.261148066026114,-0.06549428590026918,FALSE,all
primary,Reliability,Within-person,Motor,96,4.329884207932989,-0.0721436263868408,FALSE,all,4.306479428430647,-0.06619103362261247,FALSE,all
primary,Reliability,Within-person,Motor,97,4.375461936437547,-0.07290303298038658,FALSE,all,4.351810790835181,-0.06688778134495577,FALSE,all
primary,Reliability,Within-person,Motor,98,4.421039664942104,-0.07366243957393215,FALSE,all,4.397142153239714,-0.06758452906729906,FALSE,all
primary,Reliability,Within-person,Motor,99,4.466617393446662,-0.07442184616747793,FALSE,all,4.442473515644247,-0.06828127678964235,FALSE,all
primary,Reliability,Within-person,Motor,100,4.51219512195122,-0.07518125276102361,FALSE,all,4.48780487804878,-0.06897802451198565,FALSE,all
primary,Reliability,Within-person,Visual,1,0,0,FALSE,all,0,0,FALSE,all
primary,Reliability,Within-person,Visual,2,0.062603305785124,-6.2046208218558e-4,FALSE,all,0.05567033976124885,-5.065265338789482e-4,FALSE,all
primary,Reliability,Within-person,Visual,3,0.125206611570248,-0.00124092416437116,FALSE,all,0.1113406795224977,-0.0010130530677578964,FALSE,all
primary,Reliability,Within-person,Visual,4,0.187809917355372,-0.001861386246556851,FALSE,all,0.16701101928374654,-0.0015195796016368446,FALSE,all
primary,Reliability,Within-person,Visual,5,0.250413223140496,-0.002481848328742431,FALSE,all,0.2226813590449954,-0.0020261061355157928,FALSE,all
primary,Reliability,Within-person,Visual,6,0.31301652892562004,-0.003102310410928122,FALSE,all,0.2783516988062442,-0.00253263266939463,FALSE,all
primary,Reliability,Within-person,Visual,7,0.375619834710744,-0.003722772493113702,FALSE,all,0.3340220385674931,-0.003039159203273578,FALSE,all
primary,Reliability,Within-person,Visual,8,0.438223140495868,-0.004343234575299393,FALSE,all,0.38969237832874193,-0.0035456857371525263,FALSE,all
primary,Reliability,Within-person,Visual,9,0.500826446280992,-0.004963696657484973,FALSE,all,0.4453627180899908,-0.0040522122710314745,FALSE,all
primary,Reliability,Within-person,Visual,10,0.563429752066116,-0.005584158739670553,FALSE,all,0.5010330578512396,-0.004558738804910423,FALSE,all
primary,Reliability,Within-person,Visual,11,0.6260330578512401,-0.006204620821856133,FALSE,all,0.5567033976124884,-0.005065265338789371,FALSE,all
primary,Reliability,Within-person,Visual,12,0.688636363636364,-0.006825082904041935,FALSE,all,0.6123737373737373,-0.005571791872668208,FALSE,all
primary,Reliability,Within-person,Visual,13,0.751239669421488,-0.007445544986227515,FALSE,all,0.6680440771349861,-0.006078318406547045,FALSE,all
primary,Reliability,Within-person,Visual,14,0.8138429752066121,-0.008066007068413095,FALSE,all,0.7237144168962351,-0.0065848449404259934,FALSE,all
primary,Reliability,Within-person,Visual,15,0.876446280991736,-0.008686469150598675,FALSE,all,0.7793847566574839,-0.007091371474304942,FALSE,all
primary,Reliability,Within-person,Visual,16,0.9390495867768601,-0.009306931232784366,FALSE,all,0.8350550964187328,-0.00759789800818389,FALSE,all
primary,Reliability,Within-person,Visual,17,1.001652892561984,-0.009927393314970057,FALSE,all,0.8907254361799816,-0.008104424542062838,FALSE,all
primary,Reliability,Within-person,Visual,18,1.0642561983471082,-0.010547855397155637,FALSE,all,0.9463957759412304,-0.008610951075941786,FALSE,all
primary,Reliability,Within-person,Visual,19,1.126859504132232,-0.011168317479341217,FALSE,all,1.0020661157024793,-0.009117477609820734,FALSE,all
primary,Reliability,Within-person,Visual,20,1.189462809917356,-0.011788779561526908,FALSE,all,1.057736455463728,-0.009624004143699572,FALSE,all
primary,Reliability,Within-person,Visual,21,1.2520661157024802,-0.012409241643712488,FALSE,all,1.1134067952249769,-0.01013053067757852,FALSE,all
primary,Reliability,Within-person,Visual,22,1.314669421487604,-0.013029703725898067,FALSE,all,1.169077134986226,-0.010637057211457468,FALSE,all
primary,Reliability,Within-person,Visual,23,1.377272727272728,-0.013650165808083758,FALSE,all,1.2247474747474747,-0.011143583745336416,FALSE,all
primary,Reliability,Within-person,Visual,24,1.4398760330578522,-0.01427062789026945,FALSE,all,1.2804178145087235,-0.011650110279215364,FALSE,all
primary,Reliability,Within-person,Visual,25,1.502479338842976,-0.01489108997245503,FALSE,all,1.3360881542699723,-0.012156636813094313,FALSE,all
primary,Reliability,Within-person,Visual,26,1.5650826446281,-0.01551155205464061,FALSE,all,1.391758494031221,-0.01266316334697326,FALSE,all
primary,Reliability,Within-person,Visual,27,1.6276859504132242,-0.01613201413682619,FALSE,all,1.4474288337924701,-0.013169689880852098,FALSE,all
primary,Reliability,Within-person,Visual,28,1.6902892561983482,-0.01675247621901199,FALSE,all,1.503099173553719,-0.013676216414731046,FALSE,all
primary,Reliability,Within-person,Visual,29,1.752892561983472,-0.01737293830119757,FALSE,all,1.5587695133149677,-0.014182742948609994,FALSE,all
primary,Reliability,Within-person,Visual,30,1.8154958677685962,-0.01799340038338315,FALSE,all,1.6144398530762165,-0.014689269482488942,FALSE,all
primary,Reliability,Within-person,Visual,31,1.8780991735537202,-0.018613862465568842,FALSE,all,1.6701101928374655,-0.01519579601636789,FALSE,all
primary,Reliability,Within-person,Visual,32,1.940702479338844,-0.019234324547754422,FALSE,all,1.7257805325987143,-0.01570232255024684,FALSE,all
primary,Reliability,Within-person,Visual,33,2.003305785123968,-0.019854786629940002,FALSE,all,1.7814508723599631,-0.016208849084125676,FALSE,all
primary,Reliability,Within-person,Visual,34,2.0659090909090922,-0.020475248712125693,FALSE,all,1.837121212121212,-0.016715375618004513,FALSE,all
primary,Reliability,Within-person,Visual,35,2.1285123966942163,-0.021095710794311384,FALSE,all,1.8927915518824607,-0.01722190215188346,FALSE,all
primary,Reliability,Within-person,Visual,36,2.1911157024793404,-0.021716172876496964,FALSE,all,1.9484618916437098,-0.01772842868576241,FALSE,all
primary,Reliability,Within-person,Visual,37,2.253719008264464,-0.022336634958682544,FALSE,all,2.0041322314049586,-0.018234955219641358,FALSE,all
primary,Reliability,Within-person,Visual,38,2.316322314049588,-0.022957097040868124,FALSE,all,2.0598025711662076,-0.018741481753520306,FALSE,all
primary,Reliability,Within-person,Visual,39,2.378925619834712,-0.023577559123053926,FALSE,all,2.115472910927456,-0.019248008287399254,FALSE,all
primary,Reliability,Within-person,Visual,40,2.4415289256198363,-0.024198021205239506,FALSE,all,2.171143250688705,-0.019754534821278202,FALSE,all
primary,Reliability,Within-person,Visual,41,2.5041322314049603,-0.024818483287425086,FALSE,all,2.2268135904499538,-0.02026106135515704,FALSE,all
primary,Reliability,Within-person,Visual,42,2.5667355371900844,-0.025438945369610666,FALSE,all,2.2824839302112028,-0.020767587889035988,FALSE,all
primary,Reliability,Within-person,Visual,43,2.629338842975208,-0.026059407451796357,FALSE,all,2.338154269972452,-0.021274114422914936,FALSE,all
primary,Reliability,Within-person,Visual,44,2.691942148760332,-0.026679869533981937,FALSE,all,2.3938246097337004,-0.021780640956793884,FALSE,all
primary,Reliability,Within-person,Visual,45,2.754545454545456,-0.027300331616167628,FALSE,all,2.4494949494949494,-0.022287167490672832,FALSE,all
primary,Reliability,Within-person,Visual,46,2.8171487603305803,-0.027920793698353208,FALSE,all,2.505165289256198,-0.02279369402455178,FALSE,all
primary,Reliability,Within-person,Visual,47,2.8797520661157043,-0.0285412557805389,FALSE,all,2.560835629017447,-0.02330022055843073,FALSE,all
primary,Reliability,Within-person,Visual,48,2.9423553719008284,-0.02916171786272448,FALSE,all,2.616505968778696,-0.023806747092309566,FALSE,all
primary,Reliability,Within-person,Visual,49,3.004958677685952,-0.02978217994491006,FALSE,all,2.6721763085399446,-0.024313273626188514,FALSE,all
primary,Reliability,Within-person,Visual,50,3.067561983471076,-0.03040264202709575,FALSE,all,2.7278466483011936,-0.024819800160067462,FALSE,all
primary,Reliability,Within-person,Visual,51,3.1301652892562,-0.03102310410928144,FALSE,all,2.783516988062442,-0.02532632669394641,FALSE,all
primary,Reliability,Within-person,Visual,52,3.1927685950413243,-0.03164356619146702,FALSE,all,2.839187327823691,-0.02583285322782536,FALSE,all
primary,Reliability,Within-person,Visual,53,3.2553719008264483,-0.0322640282736526,FALSE,all,2.8948576675849402,-0.026339379761704307,FALSE,all
primary,Reliability,Within-person,Visual,54,3.3179752066115724,-0.03288449035583818,FALSE,all,2.950528007346189,-0.026845906295583144,FALSE,all
primary,Reliability,Within-person,Visual,55,3.3805785123966965,-0.03350495243802387,FALSE,all,3.006198347107438,-0.02735243282946198,FALSE,all
primary,Reliability,Within-person,Visual,56,3.44318181818182,-0.03412541452020956,FALSE,all,3.061868686868687,-0.02785895936334093,FALSE,all
primary,Reliability,Within-person,Visual,57,3.505785123966944,-0.03474587660239514,FALSE,all,3.1175390266299354,-0.02836548589721999,FALSE,all
primary,Reliability,Within-person,Visual,58,3.5683884297520683,-0.03536633868458072,FALSE,all,3.1732093663911844,-0.028872012431098937,FALSE,all
primary,Reliability,Within-person,Visual,59,3.6309917355371923,-0.035986800766766414,FALSE,all,3.228879706152433,-0.029378538964977774,FALSE,all
primary,Reliability,Within-person,Visual,60,3.6935950413223164,-0.036607262848951994,FALSE,all,3.284550045913682,-0.029885065498856722,FALSE,all
primary,Reliability,Within-person,Visual,61,3.7561983471074405,-0.037227724931137574,FALSE,all,3.340220385674931,-0.03039159203273567,FALSE,all
primary,Reliability,Within-person,Visual,62,3.818801652892564,-0.037848187013323265,FALSE,all,3.3958907254361796,-0.03089811856661462,FALSE,all
primary,Reliability,Within-person,Visual,63,3.881404958677688,-0.038468649095508844,FALSE,all,3.4515610651974287,-0.03140464510049357,FALSE,all
primary,Reliability,Within-person,Visual,64,3.9440082644628123,-0.039089111177694535,FALSE,all,3.5072314049586772,-0.031911171634372515,FALSE,all
primary,Reliability,Within-person,Visual,65,4.006611570247936,-0.039709573259880115,FALSE,all,3.5629017447199263,-0.03241769816825135,FALSE,all
primary,Reliability,Within-person,Visual,66,4.06921487603306,-0.040330035342065806,FALSE,all,3.6185720844811753,-0.0329242247021303,FALSE,all
primary,Reliability,Within-person,Visual,67,4.1318181818181845,-0.040950497424251386,FALSE,all,3.674242424242424,-0.03343075123600925,FALSE,all
primary,Reliability,Within-person,Visual,68,4.194421487603308,-0.04157095950643708,FALSE,all,3.729912764003673,-0.0339372777698882,FALSE,all
primary,Reliability,Within-person,Visual,69,4.257024793388433,-0.04219142158862266,FALSE,all,3.7855831037649215,-0.034443804303767145,FALSE,all
primary,Reliability,Within-person,Visual,70,4.319628099173556,-0.04281188367080824,FALSE,all,3.8412534435261705,-0.03495033083764598,FALSE,all
primary,Reliability,Within-person,Visual,71,4.382231404958681,-0.04343234575299393,FALSE,all,3.8969237832874195,-0.03545685737152493,FALSE,all
primary,Reliability,Within-person,Visual,72,4.444834710743804,-0.04405280783517951,FALSE,all,3.952594123048668,-0.03596338390540388,FALSE,all
primary,Reliability,Within-person,Visual,73,4.507438016528928,-0.0446732699173652,FALSE,all,4.008264462809917,-0.03646991043928283,FALSE,all
primary,Reliability,Within-person,Visual,74,4.570041322314053,-0.04529373199955078,FALSE,all,4.063934802571166,-0.036976436973161775,FALSE,all
primary,Reliability,Within-person,Visual,75,4.632644628099176,-0.04591419408173647,FALSE,all,4.119605142332415,-0.03748296350704061,FALSE,all
primary,Reliability,Within-person,Visual,76,4.695247933884301,-0.04653465616392205,FALSE,all,4.175275482093664,-0.03798949004091956,FALSE,all
primary,Reliability,Within-person,Visual,77,4.757851239669424,-0.04715511824610763,FALSE,all,4.230945821854912,-0.03849601657479851,FALSE,all
primary,Reliability,Within-person,Visual,78,4.820454545454548,-0.04777558032829332,FALSE,all,4.286616161616161,-0.03900254310867746,FALSE,all
primary,Reliability,Within-person,Visual,79,4.8830578512396725,-0.0483960424104789,FALSE,all,4.34228650137741,-0.039509069642556405,FALSE,all
primary,Reliability,Within-person,Visual,80,4.945661157024796,-0.04901650449266459,FALSE,all,4.397956841138659,-0.04001559617643535,FALSE,all
primary,Reliability,Within-person,Visual,81,5.008264462809921,-0.04963696657485017,FALSE,all,4.4536271808999075,-0.04052212271031419,FALSE,all
primary,Reliability,Within-person,Visual,82,5.070867768595044,-0.05025742865703586,FALSE,all,4.509297520661157,-0.04102864924419314,FALSE,all
primary,Reliability,Within-person,Visual,83,5.133471074380169,-0.05087789073922144,FALSE,all,4.5649678604224055,-0.041535175778072086,FALSE,all
primary,Reliability,Within-person,Visual,84,5.196074380165292,-0.051498352821407134,FALSE,all,4.620638200183654,-0.042041702311951035,FALSE,all
primary,Reliability,Within-person,Visual,85,5.258677685950416,-0.052118814903592714,FALSE,all,4.676308539944904,-0.04254822884582998,FALSE,all
primary,Reliability,Within-person,Visual,86,5.321280991735541,-0.052739276985778294,FALSE,all,4.731978879706152,-0.04305475537970882,FALSE,all
primary,Reliability,Within-person,Visual,87,5.383884297520664,-0.053359739067963985,FALSE,all,4.787649219467401,-0.04356128191358777,FALSE,all
primary,Reliability,Within-person,Visual,88,5.446487603305789,-0.053980201150149565,FALSE,all,4.84331955922865,-0.044067808447466716,FALSE,all
primary,Reliability,Within-person,Visual,89,5.509090909090912,-0.054600663232335256,FALSE,all,4.898989898989899,-0.044574334981345665,FALSE,all
primary,Reliability,Within-person,Visual,90,5.571694214876037,-0.055221125314520836,FALSE,all,4.954660238751147,-0.04508086151522461,FALSE,all
primary,Reliability,Within-person,Visual,91,5.6342975206611605,-0.05584158739670653,FALSE,all,5.010330578512396,-0.04558738804910345,FALSE,all
primary,Reliability,Within-person,Visual,92,5.696900826446284,-0.05646204947889211,FALSE,all,5.066000918273645,-0.0460939145829824,FALSE,all
primary,Reliability,Within-person,Visual,93,5.759504132231409,-0.0570825115610778,FALSE,all,5.121671258034894,-0.046600441116861346,FALSE,all
primary,Reliability,Within-person,Visual,94,5.822107438016532,-0.05770297364326338,FALSE,all,5.177341597796143,-0.047106967650740295,FALSE,all
primary,Reliability,Within-person,Visual,95,5.884710743801657,-0.05832343572544896,FALSE,all,5.233011937557392,-0.04761349418461924,FALSE,all
primary,Reliability,Within-person,Visual,96,5.9473140495867804,-0.05894389780763465,FALSE,all,5.288682277318641,-0.04812002071849808,FALSE,all
primary,Reliability,Within-person,Visual,97,6.009917355371904,-0.05956435988982023,FALSE,all,5.344352617079889,-0.04862654725237703,FALSE,all
primary,Reliability,Within-person,Visual,98,6.072520661157029,-0.06018482197200592,FALSE,all,5.400022956841139,-0.049133073786255976,FALSE,all
primary,Reliability,Within-person,Visual,99,6.135123966942152,-0.0608052840541915,FALSE,all,5.455693296602387,-0.049639600320134925,FALSE,all
primary,Reliability,Within-person,Visual,100,6.197727272727276,-0.06142574613637719,FALSE,all,5.511363636363636,-0.05014612685401387,FALSE,all
primary,Confusability,Within-person,Auditory,1,0,0,FALSE,all,0,0,FALSE,all
primary,Confusability,Within-person,Auditory,2,0.06095500459136825,-1.8748082840636116e-4,FALSE,all,0.05546372819100092,-7.387900841987483e-5,FALSE,all
primary,Confusability,Within-person,Auditory,3,0.1219100091827365,-3.749616568126668e-4,FALSE,all,0.11092745638200184,-1.4775801683963863e-4,FALSE,all
primary,Confusability,Within-person,Auditory,4,0.18286501377410475,-5.62442485219028e-4,FALSE,all,0.16639118457300275,-2.2163702525951345e-4,FALSE,all
primary,Confusability,Within-person,Auditory,5,0.243820018365473,-7.499233136253891e-4,FALSE,all,0.22185491276400368,-2.9551603367933277e-4,FALSE,all
primary,Confusability,Within-person,Auditory,6,0.3047750229568413,-9.374041420316948e-4,FALSE,all,0.2773186409550046,-3.693950420992076e-4,FALSE,all
primary,Confusability,Within-person,Auditory,7,0.3657300275482095,-0.001124884970438056,FALSE,all,0.3327823691460055,-4.432740505189714e-4,FALSE,all
primary,Confusability,Within-person,Auditory,8,0.42668503213957776,-0.001312365798844417,FALSE,all,0.38824609733700643,-5.171530589388462e-4,FALSE,all
primary,Confusability,Within-person,Auditory,9,0.487640036730946,-0.0014998466272506672,FALSE,all,0.44370982552800736,-5.910320673586655e-4,FALSE,all
primary,Confusability,Within-person,Auditory,10,0.5485950413223143,-0.0016873274556570284,FALSE,all,0.4991735537190083,-6.649110757784293e-4,FALSE,all
primary,Confusability,Within-person,Auditory,11,0.6095500459136826,-0.0018748082840633895,FALSE,all,0.5546372819100092,-7.387900841983042e-4,FALSE,all
primary,Confusability,Within-person,Auditory,12,0.6705050505050508,-0.002062289112469695,FALSE,all,0.6101010101010101,-8.126690926181235e-4,FALSE,all
primary,Confusability,Within-person,Auditory,13,0.731460055096419,-0.0022497699408760563,FALSE,all,0.665564738292011,-8.865481010379983e-4,FALSE,all
primary,Confusability,Within-person,Auditory,14,0.7924150596877872,-0.0024372507692824175,FALSE,all,0.721028466483012,-9.604271094577621e-4,FALSE,all
primary,Confusability,Within-person,Auditory,15,0.8533700642791555,-0.002624731597688723,FALSE,all,0.7764921946740129,-0.001034306117877637,FALSE,all
primary,Confusability,Within-person,Auditory,16,0.9143250688705238,-0.0028122124260950843,FALSE,all,0.8319559228650139,-0.0011081851262974562,FALSE,all
primary,Confusability,Within-person,Auditory,17,0.975280073461892,-0.0029996932545014454,FALSE,all,0.8874196510560147,-0.001182064134717331,FALSE,all
primary,Confusability,Within-person,Auditory,18,1.0362350780532603,-0.003187174082907751,FALSE,all,0.9428833792470156,-0.0012559431431370949,FALSE,all
primary,Confusability,Within-person,Auditory,19,1.0971900826446286,-0.003374654911314112,FALSE,all,0.9983471074380166,-0.0013298221515569697,FALSE,all
primary,Confusability,Within-person,Auditory,20,1.1581450872359969,-0.0035621357397204734,FALSE,all,1.0538108356290175,-0.001403701159976789,FALSE,all
primary,Confusability,Within-person,Auditory,21,1.2191000918273651,-0.003749616568126779,FALSE,all,1.1092745638200183,-0.0014775801683966083,FALSE,all
primary,Confusability,Within-person,Auditory,22,1.2800550964187334,-0.00393709739653314,FALSE,all,1.1647382920110194,-0.0015514591768164276,FALSE,all
primary,Confusability,Within-person,Auditory,23,1.3410101010101017,-0.004124578224939501,FALSE,all,1.2202020202020203,-0.001625338185236247,FALSE,all
primary,Confusability,Within-person,Auditory,24,1.40196510560147,-0.004312059053345807,FALSE,all,1.2756657483930212,-0.0016992171936561218,FALSE,all
primary,Confusability,Within-person,Auditory,25,1.462920110192838,-0.004499539881752168,FALSE,all,1.331129476584022,-0.0017730962020758856,FALSE,all
primary,Confusability,Within-person,Auditory,26,1.5238751147842062,-0.004687020710158529,FALSE,all,1.386593204775023,-0.0018469752104957604,FALSE,all
primary,Confusability,Within-person,Auditory,27,1.5848301193755745,-0.004874501538564835,FALSE,all,1.442056932966024,-0.0019208542189155797,FALSE,all
primary,Confusability,Within-person,Auditory,28,1.6457851239669428,-0.005061982366971196,FALSE,all,1.4975206611570249,-0.0019947332273354546,FALSE,all
primary,Confusability,Within-person,Auditory,29,1.706740128558311,-0.005249463195377502,FALSE,all,1.5529843893480257,-0.0020686122357552184,FALSE,all
primary,Confusability,Within-person,Auditory,30,1.7676951331496793,-0.005436944023783807,FALSE,all,1.6084481175390266,-0.002142491244175093,FALSE,all
primary,Confusability,Within-person,Auditory,31,1.8286501377410476,-0.0056244248521901685,FALSE,all,1.6639118457300277,-0.0022163702525949125,FALSE,all
primary,Confusability,Within-person,Auditory,32,1.8896051423324158,-0.00581190568059653,FALSE,all,1.7193755739210286,-0.0022902492610147873,FALSE,all
primary,Confusability,Within-person,Auditory,33,1.950560146923784,-0.005999386509002835,FALSE,all,1.7748393021120294,-0.002364128269434551,FALSE,all
primary,Confusability,Within-person,Auditory,34,2.011515151515152,-0.0061868673374091965,FALSE,all,1.8303030303030303,-0.002438007277854426,FALSE,all
primary,Confusability,Within-person,Auditory,35,2.0724701561065206,-0.006374348165815558,FALSE,all,1.8857667584940312,-0.0025118862862742453,FALSE,all
primary,Confusability,Within-person,Auditory,36,2.1334251606978887,-0.006561828994221863,FALSE,all,1.9412304866850323,-0.002585765294694009,FALSE,all
primary,Confusability,Within-person,Auditory,37,2.194380165289257,-0.006749309822628224,FALSE,all,1.9966942148760332,-0.002659644303113884,FALSE,all
primary,Confusability,Within-person,Auditory,38,2.255335169880625,-0.006936790651034586,FALSE,all,2.052157943067034,-0.002733523311533703,FALSE,all
primary,Confusability,Within-person,Auditory,39,2.3162901744719937,-0.007124271479440891,FALSE,all,2.107621671258035,-0.002807402319953578,FALSE,all
primary,Confusability,Within-person,Auditory,40,2.3772451790633617,-0.007311752307847252,FALSE,all,2.1630853994490358,-0.002881281328373342,FALSE,all
primary,Confusability,Within-person,Auditory,41,2.4382001836547302,-0.0074992331362536135,FALSE,all,2.2185491276400366,-0.0029551603367932167,FALSE,all
primary,Confusability,Within-person,Auditory,42,2.4991551882460983,-0.007686713964659919,FALSE,all,2.2740128558310375,-0.003029039345213036,FALSE,all
primary,Confusability,Within-person,Auditory,43,2.5601101928374668,-0.00787419479306628,FALSE,all,2.329476584022039,-0.003102918353632911,FALSE,all
primary,Confusability,Within-person,Auditory,44,2.621065197428835,-0.008061675621472641,FALSE,all,2.3849403122130397,-0.0031767973620526746,FALSE,all
primary,Confusability,Within-person,Auditory,45,2.6820202020202033,-0.008249156449878947,FALSE,all,2.4404040404040406,-0.0032506763704725494,FALSE,all
primary,Confusability,Within-person,Auditory,46,2.7429752066115713,-0.008436637278285308,FALSE,all,2.4958677685950414,-0.0033245553788923687,FALSE,all
primary,Confusability,Within-person,Auditory,47,2.80393021120294,-0.00862411810669167,FALSE,all,2.5513314967860423,-0.0033984343873121325,FALSE,all
primary,Confusability,Within-person,Auditory,48,2.864885215794308,-0.00881159893509792,FALSE,all,2.606795224977043,-0.0034723133957320074,FALSE,all
primary,Confusability,Within-person,Auditory,49,2.925840220385676,-0.00899907976350428,FALSE,all,2.662258953168044,-0.0035461924041518267,FALSE,all
primary,Confusability,Within-person,Auditory,50,2.9867952249770444,-0.009186560591910586,FALSE,all,2.717722681359045,-0.0036200714125717015,FALSE,all
primary,Confusability,Within-person,Auditory,51,3.0477502295684125,-0.009374041420316948,FALSE,all,2.773186409550046,-0.0036939504209914653,FALSE,all
primary,Confusability,Within-person,Auditory,52,3.108705234159781,-0.009561522248723309,FALSE,all,2.828650137741047,-0.00376782942941134,FALSE,all
primary,Confusability,Within-person,Auditory,53,3.169660238751149,-0.009749003077129614,FALSE,all,2.884113865932048,-0.0038417084378311595,FALSE,all
primary,Confusability,Within-person,Auditory,54,3.2306152433425175,-0.009936483905535975,FALSE,all,2.939577594123049,-0.003915587446251034,FALSE,all
primary,Confusability,Within-person,Auditory,55,3.2915702479338855,-0.010123964733942337,FALSE,all,2.9950413223140497,-0.003989466454670798,FALSE,all
primary,Confusability,Within-person,Auditory,56,3.352525252525254,-0.010311445562348642,FALSE,all,3.0505050505050506,-0.004063345463090673,FALSE,all
primary,Confusability,Within-person,Auditory,57,3.413480257116622,-0.010498926390755003,FALSE,all,3.1059687786960515,-0.004137224471510492,FALSE,all
primary,Confusability,Within-person,Auditory,58,3.4744352617079906,-0.010686407219161365,FALSE,all,3.1614325068870524,-0.0042111034799303115,FALSE,all
primary,Confusability,Within-person,Auditory,59,3.5353902662993586,-0.01087388804756767,FALSE,all,3.2168962350780532,-0.004284982488350131,FALSE,all
primary,Confusability,Within-person,Auditory,60,3.596345270890727,-0.011061368875974031,FALSE,all,3.272359963269054,-0.00435886149676995,FALSE,all
primary,Confusability,Within-person,Auditory,61,3.657300275482095,-0.011248849704380393,FALSE,all,3.3278236914600554,-0.004432740505189825,FALSE,all
primary,Confusability,Within-person,Auditory,62,3.7182552800734636,-0.011436330532786698,FALSE,all,3.3832874196510563,-0.004506619513609589,FALSE,all
primary,Confusability,Within-person,Auditory,63,3.7792102846648317,-0.01162381136119306,FALSE,all,3.438751147842057,-0.004580498522029464,FALSE,all
primary,Confusability,Within-person,Auditory,64,3.8401652892562,-0.01181129218959942,FALSE,all,3.494214876033058,-0.004654377530449283,FALSE,all
primary,Confusability,Within-person,Auditory,65,3.901120293847568,-0.011998773018005726,FALSE,all,3.549678604224059,-0.004728256538869158,FALSE,all
primary,Confusability,Within-person,Auditory,66,3.9620752984389362,-0.012186253846412087,FALSE,all,3.6051423324150598,-0.0048021355472889216,FALSE,all
primary,Confusability,Within-person,Auditory,67,4.023030303030304,-0.012373734674818448,FALSE,all,3.6606060606060606,-0.004876014555708796,FALSE,all
primary,Confusability,Within-person,Auditory,68,4.083985307621673,-0.012561215503224699,FALSE,all,3.7160697887970615,-0.004949893564128616,FALSE,all
primary,Confusability,Within-person,Auditory,69,4.144940312213041,-0.01274869633163106,FALSE,all,3.7715335169880624,-0.005023772572548435,FALSE,all
primary,Confusability,Within-person,Auditory,70,4.205895316804409,-0.012936177160037421,FALSE,all,3.8269972451790637,-0.005097651580968254,FALSE,all
primary,Confusability,Within-person,Auditory,71,4.266850321395777,-0.013123657988443727,FALSE,all,3.8824609733700646,-0.005171530589388129,FALSE,all
primary,Confusability,Within-person,Auditory,72,4.327805325987146,-0.013311138816850088,FALSE,all,3.9379247015610654,-0.0052454095978079485,FALSE,all
primary,Confusability,Within-person,Auditory,73,4.388760330578514,-0.013498619645256449,FALSE,all,3.9933884297520663,-0.005319288606227712,FALSE,all
primary,Confusability,Within-person,Auditory,74,4.449715335169882,-0.013686100473662755,FALSE,all,4.048852157943067,-0.005393167614647587,FALSE,all
primary,Confusability,Within-person,Auditory,75,4.51067033976125,-0.013873581302069116,FALSE,all,4.104315886134068,-0.005467046623067406,FALSE,all
primary,Confusability,Within-person,Auditory,76,4.571625344352619,-0.014061062130475477,FALSE,all,4.159779614325069,-0.005540925631487281,FALSE,all
primary,Confusability,Within-person,Auditory,77,4.632580348943987,-0.014248542958881782,FALSE,all,4.21524334251607,-0.005614804639907045,FALSE,all
primary,Confusability,Within-person,Auditory,78,4.6935353535353554,-0.014436023787288144,FALSE,all,4.270707070707071,-0.00568868364832692,FALSE,all
primary,Confusability,Within-person,Auditory,79,4.7544903581267235,-0.014623504615694505,FALSE,all,4.3261707988980715,-0.005762562656746739,FALSE,all
primary,Confusability,Within-person,Auditory,80,4.815445362718092,-0.01481098544410081,FALSE,all,4.381634527089073,-0.005836441665166614,FALSE,all
primary,Confusability,Within-person,Auditory,81,4.8764003673094605,-0.014998466272507172,FALSE,all,4.437098255280073,-0.005910320673586378,FALSE,all
primary,Confusability,Within-person,Auditory,82,4.9373553719008285,-0.015185947100913533,FALSE,all,4.492561983471075,-0.005984199682006253,FALSE,all
primary,Confusability,Within-person,Auditory,83,4.998310376492197,-0.015373427929319838,FALSE,all,4.548025711662075,-0.006058078690426072,FALSE,all
primary,Confusability,Within-person,Auditory,84,5.059265381083565,-0.0155609087577262,FALSE,all,4.603489439853076,-0.006131957698845836,FALSE,all
primary,Confusability,Within-person,Auditory,85,5.1202203856749335,-0.01574838958613256,FALSE,all,4.658953168044078,-0.006205836707265711,FALSE,all
primary,Confusability,Within-person,Auditory,86,5.181175390266302,-0.015935870414538866,FALSE,all,4.714416896235078,-0.00627971571568553,FALSE,all
primary,Confusability,Within-person,Auditory,87,5.24213039485767,-0.016123351242945227,FALSE,all,4.769880624426079,-0.006353594724105405,FALSE,all
primary,Confusability,Within-person,Auditory,88,5.303085399449038,-0.016310832071351533,FALSE,all,4.82534435261708,-0.0064274737325251685,FALSE,all
primary,Confusability,Within-person,Auditory,89,5.364040404040407,-0.01649831289975784,FALSE,all,4.880808080808081,-0.006501352740945043,FALSE,all
primary,Confusability,Within-person,Auditory,90,5.424995408631775,-0.0166857937281642,FALSE,all,4.936271808999082,-0.006575231749364863,FALSE,all
primary,Confusability,Within-person,Auditory,91,5.485950413223143,-0.01687327455657056,FALSE,all,4.991735537190083,-0.0066491107577847375,FALSE,all
primary,Confusability,Within-person,Auditory,92,5.546905417814511,-0.017060755384976867,FALSE,all,5.047199265381083,-0.006722989766204501,FALSE,all
primary,Confusability,Within-person,Auditory,93,5.60786042240588,-0.017248236213383228,FALSE,all,5.102662993572085,-0.006796868774624376,FALSE,all
primary,Confusability,Within-person,Auditory,94,5.668815426997248,-0.01743571704178959,FALSE,all,5.158126721763086,-0.006870747783044195,FALSE,all
primary,Confusability,Within-person,Auditory,95,5.729770431588616,-0.017623197870195895,FALSE,all,5.213590449954086,-0.006944626791464015,FALSE,all
primary,Confusability,Within-person,Auditory,96,5.790725436179984,-0.017810678698602256,FALSE,all,5.269054178145088,-0.007018505799883834,FALSE,all
primary,Confusability,Within-person,Auditory,97,5.851680440771352,-0.017998159527008617,FALSE,all,5.324517906336088,-0.007092384808303653,FALSE,all
primary,Confusability,Within-person,Auditory,98,5.912635445362721,-0.018185640355414923,FALSE,all,5.379981634527089,-0.007166263816723528,FALSE,all
primary,Confusability,Within-person,Auditory,99,5.973590449954089,-0.018373121183821284,FALSE,all,5.43544536271809,-0.007240142825143292,FALSE,all
primary,Confusability,Within-person,Auditory,100,6.034545454545457,-0.018560602012227645,FALSE,all,5.490909090909091,-0.007314021833563167,FALSE,all
primary,Confusability,Within-person,Motor,1,0,0,FALSE,all,0,0,FALSE,all
primary,Confusability,Within-person,Motor,2,0.045577728504557775,6.246261962532529e-4,FALSE,all,0.04533136240453313,5.385126484307445e-4,FALSE,all
primary,Confusability,Within-person,Motor,3,0.09115545700911555,0.0012492523925065058,FALSE,all,0.09066272480906626,0.0010770252968616,FALSE,all
primary,Confusability,Within-person,Motor,4,0.13673318551367333,0.0018738785887596476,FALSE,all,0.1359940872135994,0.0016155379452924556,FALSE,all
primary,Confusability,Within-person,Motor,5,0.1823109140182311,0.0024985047850127895,FALSE,all,0.18132544961813252,0.0021540505937232,FALSE,all
primary,Confusability,Within-person,Motor,6,0.22788864252278887,0.0031231309812660424,FALSE,all,0.22665681202266563,0.0026925632421540557,FALSE,all
primary,Confusability,Within-person,Motor,7,0.27346637102734667,0.0037477571775191842,FALSE,all,0.2719881744271988,0.0032310758905849113,FALSE,all
primary,Confusability,Within-person,Motor,8,0.31904409953190443,0.004372383373772437,FALSE,all,0.3173195368317319,0.003769588539015656,FALSE,all
primary,Confusability,Within-person,Motor,9,0.3646218280364622,0.00499700957002569,FALSE,all,0.36265089923626503,0.004308101187446511,FALSE,all
primary,Confusability,Within-person,Motor,10,0.41019955654101997,0.005621635766278943,FALSE,all,0.40798226164079815,0.004846613835877256,FALSE,all
primary,Confusability,Within-person,Motor,11,0.45577728504557774,0.006246261962532085,FALSE,all,0.45331362404533126,0.0053851264843080004,FALSE,all
primary,Confusability,Within-person,Motor,12,0.5013550135501356,0.006870888158785227,FALSE,all,0.49864498644986444,0.005923639132738856,FALSE,all
primary,Confusability,Within-person,Motor,13,0.5469327420546933,0.0074955143550384795,FALSE,all,0.5439763488543976,0.0064621517811696005,FALSE,all
primary,Confusability,Within-person,Motor,14,0.5925104705592511,0.008120140551291732,FALSE,all,0.5893077112589307,0.007000664429600567,FALSE,all
primary,Confusability,Within-person,Motor,15,0.6380881990638089,0.008744766747544874,FALSE,all,0.6346390736634638,0.007539177078031312,FALSE,all
primary,Confusability,Within-person,Motor,16,0.6836659275683666,0.009369392943798016,FALSE,all,0.6799704360679969,0.008077689726462056,FALSE,all
primary,Confusability,Within-person,Motor,17,0.7292436560729244,0.009994019140051158,FALSE,all,0.7253017984725301,0.008616202374893023,FALSE,all
primary,Confusability,Within-person,Motor,18,0.7748213845774822,0.010618645336304522,FALSE,all,0.7706331608770632,0.009154715023323767,FALSE,all
primary,Confusability,Within-person,Motor,19,0.8203991130820399,0.011243271532557775,FALSE,all,0.8159645232815963,0.009693227671754512,FALSE,all
primary,Confusability,Within-person,Motor,20,0.8659768415865977,0.011867897728810917,FALSE,all,0.8612958856861295,0.010231740320185367,FALSE,all
primary,Confusability,Within-person,Motor,21,0.9115545700911555,0.01249252392506417,FALSE,all,0.9066272480906625,0.010770252968616112,FALSE,all
primary,Confusability,Within-person,Motor,22,0.9571322985957132,0.0131171501213172,FALSE,all,0.9519586104951957,0.011308765617046856,FALSE,all
primary,Confusability,Within-person,Motor,23,1.0027100271002711,0.013741776317570453,FALSE,all,0.9972899728997289,0.011847278265477712,FALSE,all
primary,Confusability,Within-person,Motor,24,1.048287755604829,0.014366402513823706,FALSE,all,1.042621335304262,0.012385790913908568,FALSE,all
primary,Confusability,Within-person,Motor,25,1.0938654841093867,0.014991028710076848,FALSE,all,1.0879526977087952,0.012924303562339423,FALSE,all
primary,Confusability,Within-person,Motor,26,1.1394432126139444,0.015615654906330212,FALSE,all,1.1332840601133283,0.013462816210770168,FALSE,all
primary,Confusability,Within-person,Motor,27,1.1850209411185022,0.016240281102583465,FALSE,all,1.1786154225178613,0.014001328859201023,FALSE,all
primary,Confusability,Within-person,Motor,28,1.23059866962306,0.016864907298836496,FALSE,all,1.2239467849223944,0.014539841507631879,FALSE,all
primary,Confusability,Within-person,Motor,29,1.2761763981276177,0.01748953349508975,FALSE,all,1.2692781473269277,0.015078354156062623,FALSE,all
primary,Confusability,Within-person,Motor,30,1.3217541266321755,0.01811415969134289,FALSE,all,1.3146095097314607,0.015616866804493368,FALSE,all
primary,Confusability,Within-person,Motor,31,1.3673318551367333,0.018738785887596143,FALSE,all,1.3599408721359938,0.016155379452924334,FALSE,all
primary,Confusability,Within-person,Motor,32,1.412909583641291,0.019363412083849396,FALSE,all,1.405272234540527,0.016693892101354968,FALSE,all
primary,Confusability,Within-person,Motor,33,1.4584873121458488,0.019988038280102538,FALSE,all,1.4506035969450601,0.017232404749785712,FALSE,all
primary,Confusability,Within-person,Motor,34,1.5040650406504066,0.02061266447635579,FALSE,all,1.4959349593495932,0.01777091739821668,FALSE,all
primary,Confusability,Within-person,Motor,35,1.5496427691549644,0.021237290672608933,FALSE,all,1.5412663217541265,0.018309430046647424,FALSE,all
primary,Confusability,Within-person,Motor,36,1.5952204976595221,0.021861916868862186,FALSE,all,1.5865976841586595,0.01884794269507828,FALSE,all
primary,Confusability,Within-person,Motor,37,1.6407982261640799,0.02248654306511544,FALSE,all,1.6319290465631926,0.019386455343509135,FALSE,all
primary,Confusability,Within-person,Motor,38,1.6863759546686377,0.02311116926136858,FALSE,all,1.6772604089677259,0.01992496799193988,FALSE,all
primary,Confusability,Within-person,Motor,39,1.7319536831731954,0.023735795457621833,FALSE,all,1.722591771372259,0.020463480640370735,FALSE,all
primary,Confusability,Within-person,Motor,40,1.7775314116777532,0.024360421653874864,FALSE,all,1.767923133776792,0.02100199328880148,FALSE,all
primary,Confusability,Within-person,Motor,41,1.823109140182311,0.024985047850128117,FALSE,all,1.813254496181325,0.021540505937232335,FALSE,all
primary,Confusability,Within-person,Motor,42,1.8686868686868687,0.02560967404638148,FALSE,all,1.8585858585858583,0.02207901858566319,FALSE,all
primary,Confusability,Within-person,Motor,43,1.9142645971914265,0.026234300242634623,FALSE,all,1.9039172209903914,0.022617531234093935,FALSE,all
primary,Confusability,Within-person,Motor,44,1.9598423256959843,0.026858926438887876,FALSE,all,1.9492485833949245,0.02315604388252468,FALSE,all
primary,Confusability,Within-person,Motor,45,2.0054200542005423,0.02748355263514113,FALSE,all,1.9945799457994577,0.023694556530955535,FALSE,all
primary,Confusability,Within-person,Motor,46,2.0509977827051,0.02810817883139416,FALSE,all,2.039911308203991,0.02423306917938628,FALSE,all
primary,Confusability,Within-person,Motor,47,2.096575511209658,0.028732805027647412,FALSE,all,2.085242670608524,0.024771581827817246,FALSE,all
primary,Confusability,Within-person,Motor,48,2.1421532397142156,0.029357431223900554,FALSE,all,2.130574033013057,0.02531009447624799,FALSE,all
primary,Confusability,Within-person,Motor,49,2.1877309682187733,0.029982057420153807,FALSE,all,2.1759053954175904,0.025848607124678735,FALSE,all
primary,Confusability,Within-person,Motor,50,2.233308696723331,0.03060668361640717,FALSE,all,2.2212367578221235,0.02638711977310959,FALSE,all
primary,Confusability,Within-person,Motor,51,2.278886425227889,0.031231309812660202,FALSE,all,2.2665681202266565,0.026925632421540446,FALSE,all
primary,Confusability,Within-person,Motor,52,2.3244641537324466,0.031855936008913455,FALSE,all,2.3118994826311896,0.02746414506997119,FALSE,all
primary,Confusability,Within-person,Motor,53,2.3700418822370044,0.032480562205166597,FALSE,all,2.3572308450357227,0.028002657718402046,FALSE,all
primary,Confusability,Within-person,Motor,54,2.415619610741562,0.03310518840141985,FALSE,all,2.4025622074402557,0.028541170366832902,FALSE,all
primary,Confusability,Within-person,Motor,55,2.46119733924612,0.0337298145976731,FALSE,all,2.447893569844789,0.029079683015263535,FALSE,all
primary,Confusability,Within-person,Motor,56,2.5067750677506777,0.034354440793926244,FALSE,all,2.4932249322493223,0.02961819566369439,FALSE,all
primary,Confusability,Within-person,Motor,57,2.5523527962552355,0.034979066990179386,FALSE,all,2.5385562946538553,0.030156708312125247,FALSE,all
primary,Confusability,Within-person,Motor,58,2.5979305247597932,0.03560369318643264,FALSE,all,2.5838876570583884,0.030695220960556102,FALSE,all
primary,Confusability,Within-person,Motor,59,2.643508253264351,0.03622831938268589,FALSE,all,2.6292190194629215,0.031233733608986847,FALSE,all
primary,Confusability,Within-person,Motor,60,2.689085981768909,0.036852945578939145,FALSE,all,2.6745503818674545,0.03177224625741759,FALSE,all
primary,Confusability,Within-person,Motor,61,2.7346637102734666,0.03747757177519229,FALSE,all,2.7198817442719876,0.03231075890584856,FALSE,all
primary,Confusability,Within-person,Motor,62,2.7802414387780243,0.03810219797144554,FALSE,all,2.765213106676521,0.0328492715542793,FALSE,all
primary,Confusability,Within-person,Motor,63,2.825819167282582,0.03872682416769868,FALSE,all,2.810544469081054,0.03338778420271005,FALSE,all
primary,Confusability,Within-person,Motor,64,2.87139689578714,0.03935145036395182,FALSE,all,2.855875831485587,0.033926296851141013,FALSE,all
primary,Confusability,Within-person,Motor,65,2.9169746242916976,0.039976076560205076,FALSE,all,2.9012071938901203,0.03446480949957176,FALSE,all
primary,Confusability,Within-person,Motor,66,2.9625523527962554,0.04060070275645833,FALSE,all,2.9465385562946533,0.03500332214800239,FALSE,all
primary,Confusability,Within-person,Motor,67,3.008130081300813,0.04122532895271158,FALSE,all,2.9918699186991864,0.03554183479643325,FALSE,all
primary,Confusability,Within-person,Motor,68,3.053707809805371,0.041849955148964835,FALSE,all,3.0372012811037195,0.0360803474448641,FALSE,all
primary,Confusability,Within-person,Motor,69,3.0992855383099287,0.042474581345217866,FALSE,all,3.082532643508253,0.03661886009329485,FALSE,all
primary,Confusability,Within-person,Motor,70,3.1448632668144865,0.04309920754147112,FALSE,all,3.127864005912786,0.0371573727417257,FALSE,all
primary,Confusability,Within-person,Motor,71,3.1904409953190442,0.04372383373772426,FALSE,all,3.173195368317319,0.03769588539015656,FALSE,all
primary,Confusability,Within-person,Motor,72,3.236018723823602,0.04434845993397751,FALSE,all,3.218526730721852,0.038234398038587414,FALSE,all
primary,Confusability,Within-person,Motor,73,3.2815964523281598,0.044973086130230766,FALSE,all,3.263858093126385,0.03877291068701816,FALSE,all
primary,Confusability,Within-person,Motor,74,3.3271741808327175,0.04559771232648402,FALSE,all,3.3091894555309183,0.039311423335449014,FALSE,all
primary,Confusability,Within-person,Motor,75,3.3727519093372753,0.04622233852273716,FALSE,all,3.3545208179354518,0.03984993598387987,FALSE,all
primary,Confusability,Within-person,Motor,76,3.418329637841833,0.0468469647189903,FALSE,all,3.399852180339985,0.040388448632310614,FALSE,all
primary,Confusability,Within-person,Motor,77,3.463907366346391,0.047471590915243556,FALSE,all,3.445183542744518,0.04092696128074125,FALSE,all
primary,Confusability,Within-person,Motor,78,3.5094850948509486,0.04809621711149681,FALSE,all,3.490514905149051,0.041465473929172214,FALSE,all
primary,Confusability,Within-person,Motor,79,3.5550628233555064,0.04872084330774995,FALSE,all,3.535846267553584,0.04200398657760296,FALSE,all
primary,Confusability,Within-person,Motor,80,3.600640551860064,0.04934546950400309,FALSE,all,3.581177629958117,0.0425424992260337,FALSE,all
primary,Confusability,Within-person,Motor,81,3.646218280364622,0.049970095700256345,FALSE,all,3.62650899236265,0.04308101187446467,FALSE,all
primary,Confusability,Within-person,Motor,82,3.6917960088691797,0.0505947218965096,FALSE,all,3.6718403547671836,0.043619524522895414,FALSE,all
primary,Confusability,Within-person,Motor,83,3.7373737373737375,0.05121934809276285,FALSE,all,3.7171717171717167,0.04415803717132627,FALSE,all
primary,Confusability,Within-person,Motor,84,3.7829514658782952,0.05184397428901599,FALSE,all,3.7625030795762497,0.044696549819757125,FALSE,all
primary,Confusability,Within-person,Motor,85,3.828529194382853,0.052468600485269246,FALSE,all,3.807834441980783,0.04523506246818787,FALSE,all
primary,Confusability,Within-person,Motor,86,3.8741069228874108,0.05309322668152239,FALSE,all,3.853165804385316,0.045773575116618725,FALSE,all
primary,Confusability,Within-person,Motor,87,3.9196846513919685,0.05371785287777553,FALSE,all,3.898497166789849,0.04631208776504947,FALSE,all
primary,Confusability,Within-person,Motor,88,3.9652623798965263,0.05434247907402878,FALSE,all,3.9438285291943824,0.046850600413480215,FALSE,all
primary,Confusability,Within-person,Motor,89,4.0108401084010845,0.054967105270281924,FALSE,all,3.9891598915989155,0.04738911306191107,FALSE,all
primary,Confusability,Within-person,Motor,90,4.056417836905642,0.05559173146653529,FALSE,all,4.0344912540034485,0.047927625710341815,FALSE,all
primary,Confusability,Within-person,Motor,91,4.1019955654102,0.05621635766278854,FALSE,all,4.079822616407982,0.04846613835877267,FALSE,all
primary,Confusability,Within-person,Motor,92,4.147573293914758,0.05684098385904157,FALSE,all,4.125153978812515,0.049004651007203526,FALSE,all
primary,Confusability,Within-person,Motor,93,4.193151022419316,0.057465610055294825,FALSE,all,4.170485341217048,0.04954316365563427,FALSE,all
primary,Confusability,Within-person,Motor,94,4.238728750923873,0.058090236251547966,FALSE,all,4.215816703621581,0.05008167630406524,FALSE,all
primary,Confusability,Within-person,Motor,95,4.284306479428431,0.05871486244780122,FALSE,all,4.261148066026114,0.05062018895249598,FALSE,all
primary,Confusability,Within-person,Motor,96,4.329884207932989,0.05933948864405447,FALSE,all,4.306479428430647,0.051158701600926726,FALSE,all
primary,Confusability,Within-person,Motor,97,4.375461936437547,0.059964114840307614,FALSE,all,4.351810790835181,0.05169721424935758,FALSE,all
primary,Confusability,Within-person,Motor,98,4.421039664942104,0.06058874103656087,FALSE,all,4.397142153239714,0.05223572689778844,FALSE,all
primary,Confusability,Within-person,Motor,99,4.466617393446662,0.06121336723281412,FALSE,all,4.442473515644247,0.05277423954621907,FALSE,all
primary,Confusability,Within-person,Motor,100,4.51219512195122,0.06183799342906726,FALSE,all,4.48780487804878,0.053312752194649926,FALSE,all
primary,Confusability,Within-person,Visual,1,0,0,FALSE,all,0,0,FALSE,all
primary,Confusability,Within-person,Visual,2,0.062603305785124,-3.705791406700826e-4,FALSE,all,0.05567033976124885,-1.8815562374391304e-4,FALSE,all
primary,Confusability,Within-person,Visual,3,0.125206611570248,-7.411582813401651e-4,FALSE,all,0.1113406795224977,-3.7631124748782607e-4,FALSE,all
primary,Confusability,Within-person,Visual,4,0.187809917355372,-0.0011117374220102477,FALSE,all,0.16701101928374654,-5.644668712317252e-4,FALSE,all
primary,Confusability,Within-person,Visual,5,0.250413223140496,-0.0014823165626803303,FALSE,all,0.2226813590449954,-7.526224949756383e-4,FALSE,all
primary,Confusability,Within-person,Visual,6,0.31301652892562004,-0.0018528957033504129,FALSE,all,0.2783516988062442,-9.407781187195652e-4,FALSE,all
primary,Confusability,Within-person,Visual,7,0.375619834710744,-0.0022234748440204954,FALSE,all,0.3340220385674931,-0.0011289337424634643,FALSE,all
primary,Confusability,Within-person,Visual,8,0.438223140495868,-0.002594053984690592,FALSE,all,0.38969237832874193,-0.0013170893662073774,FALSE,all
primary,Confusability,Within-person,Visual,9,0.500826446280992,-0.0029646331253606745,FALSE,all,0.4453627180899908,-0.0015052449899512904,FALSE,all
primary,Confusability,Within-person,Visual,10,0.563429752066116,-0.003335212266030757,FALSE,all,0.5010330578512396,-0.0016934006136951896,FALSE,all
primary,Confusability,Within-person,Visual,11,0.6260330578512401,-0.0037057914067008535,FALSE,all,0.5567033976124884,-0.0018815562374391026,FALSE,all
primary,Confusability,Within-person,Visual,12,0.688636363636364,-0.004076370547370922,FALSE,all,0.6123737373737373,-0.0020697118611830156,FALSE,all
primary,Confusability,Within-person,Visual,13,0.751239669421488,-0.004446949688041019,FALSE,all,0.6680440771349861,-0.0022578674849269287,FALSE,all
primary,Confusability,Within-person,Visual,14,0.8138429752066121,-0.004817528828711101,FALSE,all,0.7237144168962351,-0.0024460231086708417,FALSE,all
primary,Confusability,Within-person,Visual,15,0.876446280991736,-0.005188107969381184,FALSE,all,0.7793847566574839,-0.002634178732414741,FALSE,all
primary,Confusability,Within-person,Visual,16,0.9390495867768601,-0.00555868711005128,FALSE,all,0.8350550964187328,-0.002822334356158654,FALSE,all
primary,Confusability,Within-person,Visual,17,1.001652892561984,-0.005929266250721363,FALSE,all,0.8907254361799816,-0.003010489979902567,FALSE,all
primary,Confusability,Within-person,Visual,18,1.0642561983471082,-0.006299845391391445,FALSE,all,0.9463957759412304,-0.003198645603646466,FALSE,all
primary,Confusability,Within-person,Visual,19,1.126859504132232,-0.006670424532061528,FALSE,all,1.0020661157024793,-0.003386801227390379,FALSE,all
primary,Confusability,Within-person,Visual,20,1.189462809917356,-0.0070410036727316105,FALSE,all,1.057736455463728,-0.003574956851134292,FALSE,all
primary,Confusability,Within-person,Visual,21,1.2520661157024802,-0.007411582813401707,FALSE,all,1.1134067952249769,-0.0037631124748781913,FALSE,all
primary,Confusability,Within-person,Visual,22,1.314669421487604,-0.007782161954071776,FALSE,all,1.169077134986226,-0.003951268098622104,FALSE,all
primary,Confusability,Within-person,Visual,23,1.377272727272728,-0.008152741094741858,FALSE,all,1.2247474747474747,-0.004139423722366017,FALSE,all
primary,Confusability,Within-person,Visual,24,1.4398760330578522,-0.008523320235411955,FALSE,all,1.2804178145087235,-0.0043275793461099304,FALSE,all
primary,Confusability,Within-person,Visual,25,1.502479338842976,-0.008893899376082037,FALSE,all,1.3360881542699723,-0.0045157349698538435,FALSE,all
primary,Confusability,Within-person,Visual,26,1.5650826446281,-0.00926447851675212,FALSE,all,1.391758494031221,-0.004703890593597743,FALSE,all
primary,Confusability,Within-person,Visual,27,1.6276859504132242,-0.009635057657422202,FALSE,all,1.4474288337924701,-0.004892046217341656,FALSE,all
primary,Confusability,Within-person,Visual,28,1.6902892561983482,-0.010005636798092285,FALSE,all,1.503099173553719,-0.005080201841085569,FALSE,all
primary,Confusability,Within-person,Visual,29,1.752892561983472,-0.010376215938762381,FALSE,all,1.5587695133149677,-0.005268357464829482,FALSE,all
primary,Confusability,Within-person,Visual,30,1.8154958677685962,-0.010746795079432464,FALSE,all,1.6144398530762165,-0.005456513088573395,FALSE,all
primary,Confusability,Within-person,Visual,31,1.8780991735537202,-0.011117374220102547,FALSE,all,1.6701101928374655,-0.005644668712317308,FALSE,all
primary,Confusability,Within-person,Visual,32,1.940702479338844,-0.011487953360772643,FALSE,all,1.7257805325987143,-0.005832824336061207,FALSE,all
primary,Confusability,Within-person,Visual,33,2.003305785123968,-0.011858532501442726,FALSE,all,1.7814508723599631,-0.00602097995980512,FALSE,all
primary,Confusability,Within-person,Visual,34,2.0659090909090922,-0.012229111642112808,FALSE,all,1.837121212121212,-0.006209135583549019,FALSE,all
primary,Confusability,Within-person,Visual,35,2.1285123966942163,-0.01259969078278289,FALSE,all,1.8927915518824607,-0.006397291207292932,FALSE,all
primary,Confusability,Within-person,Visual,36,2.1911157024793404,-0.012970269923452973,FALSE,all,1.9484618916437098,-0.006585446831036845,FALSE,all
primary,Confusability,Within-person,Visual,37,2.253719008264464,-0.01334084906412307,FALSE,all,2.0041322314049586,-0.006773602454780744,FALSE,all
primary,Confusability,Within-person,Visual,38,2.316322314049588,-0.013711428204793152,FALSE,all,2.0598025711662076,-0.0069617580785246574,FALSE,all
primary,Confusability,Within-person,Visual,39,2.378925619834712,-0.014082007345463235,FALSE,all,2.115472910927456,-0.007149913702268584,FALSE,all
primary,Confusability,Within-person,Visual,40,2.4415289256198363,-0.014452586486133331,FALSE,all,2.171143250688705,-0.0073380693260124835,FALSE,all
primary,Confusability,Within-person,Visual,41,2.5041322314049603,-0.0148231656268034,FALSE,all,2.2268135904499538,-0.0075262249497563966,FALSE,all
primary,Confusability,Within-person,Visual,42,2.5667355371900844,-0.015193744767473497,FALSE,all,2.2824839302112028,-0.00771438057350031,FALSE,all
primary,Confusability,Within-person,Visual,43,2.629338842975208,-0.015564323908143565,FALSE,all,2.338154269972452,-0.007902536197244209,FALSE,all
primary,Confusability,Within-person,Visual,44,2.691942148760332,-0.015934903048813648,FALSE,all,2.3938246097337004,-0.008090691820988122,FALSE,all
primary,Confusability,Within-person,Visual,45,2.754545454545456,-0.016305482189483744,FALSE,all,2.4494949494949494,-0.008278847444732035,FALSE,all
primary,Confusability,Within-person,Visual,46,2.8171487603305803,-0.016676061330153827,FALSE,all,2.505165289256198,-0.008467003068475948,FALSE,all
primary,Confusability,Within-person,Visual,47,2.8797520661157043,-0.01704664047082391,FALSE,all,2.560835629017447,-0.008655158692219861,FALSE,all
primary,Confusability,Within-person,Visual,48,2.9423553719008284,-0.017417219611493992,FALSE,all,2.616505968778696,-0.008843314315963774,FALSE,all
primary,Confusability,Within-person,Visual,49,3.004958677685952,-0.017787798752164075,FALSE,all,2.6721763085399446,-0.009031469939707673,FALSE,all
primary,Confusability,Within-person,Visual,50,3.067561983471076,-0.01815837789283417,FALSE,all,2.7278466483011936,-0.009219625563451586,FALSE,all
primary,Confusability,Within-person,Visual,51,3.1301652892562,-0.018528957033504254,FALSE,all,2.783516988062442,-0.009407781187195485,FALSE,all
primary,Confusability,Within-person,Visual,52,3.1927685950413243,-0.018899536174174336,FALSE,all,2.839187327823691,-0.009595936810939398,FALSE,all
primary,Confusability,Within-person,Visual,53,3.2553719008264483,-0.019270115314844433,FALSE,all,2.8948576675849402,-0.009784092434683311,FALSE,all
primary,Confusability,Within-person,Visual,54,3.3179752066115724,-0.019640694455514515,FALSE,all,2.950528007346189,-0.00997224805842721,FALSE,all
primary,Confusability,Within-person,Visual,55,3.3805785123966965,-0.020011273596184598,FALSE,all,3.006198347107438,-0.010160403682171124,FALSE,all
primary,Confusability,Within-person,Visual,56,3.44318181818182,-0.02038185273685468,FALSE,all,3.061868686868687,-0.01034855930591505,FALSE,all
primary,Confusability,Within-person,Visual,57,3.505785123966944,-0.020752431877524763,FALSE,all,3.1175390266299354,-0.01053671492965895,FALSE,all
primary,Confusability,Within-person,Visual,58,3.5683884297520683,-0.02112301101819486,FALSE,all,3.1732093663911844,-0.010724870553402863,FALSE,all
primary,Confusability,Within-person,Visual,59,3.6309917355371923,-0.021493590158864942,FALSE,all,3.228879706152433,-0.010913026177146762,FALSE,all
primary,Confusability,Within-person,Visual,60,3.6935950413223164,-0.021864169299535025,FALSE,all,3.284550045913682,-0.011101181800890675,FALSE,all
primary,Confusability,Within-person,Visual,61,3.7561983471074405,-0.022234748440205107,FALSE,all,3.340220385674931,-0.011289337424634588,FALSE,all
primary,Confusability,Within-person,Visual,62,3.818801652892564,-0.02260532758087519,FALSE,all,3.3958907254361796,-0.011477493048378501,FALSE,all
primary,Confusability,Within-person,Visual,63,3.881404958677688,-0.022975906721545286,FALSE,all,3.4515610651974287,-0.0116656486721224,FALSE,all
primary,Confusability,Within-person,Visual,64,3.9440082644628123,-0.02334648586221537,FALSE,all,3.5072314049586772,-0.011853804295866313,FALSE,all
primary,Confusability,Within-person,Visual,65,4.006611570247936,-0.02371706500288545,FALSE,all,3.5629017447199263,-0.012041959919610226,FALSE,all
primary,Confusability,Within-person,Visual,66,4.06921487603306,-0.024087644143555534,FALSE,all,3.6185720844811753,-0.01223011554335414,FALSE,all
primary,Confusability,Within-person,Visual,67,4.1318181818181845,-0.024458223284225616,FALSE,all,3.674242424242424,-0.012418271167098038,FALSE,all
primary,Confusability,Within-person,Visual,68,4.194421487603308,-0.024828802424895713,FALSE,all,3.729912764003673,-0.012606426790841951,FALSE,all
primary,Confusability,Within-person,Visual,69,4.257024793388433,-0.025199381565565795,FALSE,all,3.7855831037649215,-0.012794582414585864,FALSE,all
primary,Confusability,Within-person,Visual,70,4.319628099173556,-0.025569960706235878,FALSE,all,3.8412534435261705,-0.012982738038329777,FALSE,all
primary,Confusability,Within-person,Visual,71,4.382231404958681,-0.02594053984690596,FALSE,all,3.8969237832874195,-0.013170893662073677,FALSE,all
primary,Confusability,Within-person,Visual,72,4.444834710743804,-0.026311118987576043,FALSE,all,3.952594123048668,-0.01335904928581759,FALSE,all
primary,Confusability,Within-person,Visual,73,4.507438016528928,-0.026681698128246126,FALSE,all,4.008264462809917,-0.013547204909561503,FALSE,all
primary,Confusability,Within-person,Visual,74,4.570041322314053,-0.027052277268916222,FALSE,all,4.063934802571166,-0.013735360533305416,FALSE,all
primary,Confusability,Within-person,Visual,75,4.632644628099176,-0.027422856409586305,FALSE,all,4.119605142332415,-0.013923516157049329,FALSE,all
primary,Confusability,Within-person,Visual,76,4.695247933884301,-0.027793435550256387,FALSE,all,4.175275482093664,-0.014111671780793228,FALSE,all
primary,Confusability,Within-person,Visual,77,4.757851239669424,-0.02816401469092647,FALSE,all,4.230945821854912,-0.014299827404537141,FALSE,all
primary,Confusability,Within-person,Visual,78,4.820454545454548,-0.028534593831596552,FALSE,all,4.286616161616161,-0.014487983028281054,FALSE,all
primary,Confusability,Within-person,Visual,79,4.8830578512396725,-0.02890517297226665,FALSE,all,4.34228650137741,-0.014676138652024967,FALSE,all
primary,Confusability,Within-person,Visual,80,4.945661157024796,-0.02927575211293673,FALSE,all,4.397956841138659,-0.014864294275768866,FALSE,all
primary,Confusability,Within-person,Visual,81,5.008264462809921,-0.029646331253606814,FALSE,all,4.4536271808999075,-0.01505244989951278,FALSE,all
primary,Confusability,Within-person,Visual,82,5.070867768595044,-0.030016910394276897,FALSE,all,4.509297520661157,-0.015240605523256692,FALSE,all
primary,Confusability,Within-person,Visual,83,5.133471074380169,-0.030387489534946993,FALSE,all,4.5649678604224055,-0.015428761147000591,FALSE,all
primary,Confusability,Within-person,Visual,84,5.196074380165292,-0.030758068675617062,FALSE,all,4.620638200183654,-0.015616916770744504,FALSE,all
primary,Confusability,Within-person,Visual,85,5.258677685950416,-0.031128647816287158,FALSE,all,4.676308539944904,-0.015805072394488417,FALSE,all
primary,Confusability,Within-person,Visual,86,5.321280991735541,-0.03149922695695724,FALSE,all,4.731978879706152,-0.01599322801823233,FALSE,all
primary,Confusability,Within-person,Visual,87,5.383884297520664,-0.03186980609762732,FALSE,all,4.787649219467401,-0.016181383641976244,FALSE,all
primary,Confusability,Within-person,Visual,88,5.446487603305789,-0.03224038523829742,FALSE,all,4.84331955922865,-0.016369539265720157,FALSE,all
primary,Confusability,Within-person,Visual,89,5.509090909090912,-0.03261096437896749,FALSE,all,4.898989898989899,-0.016557694889464056,FALSE,all
primary,Confusability,Within-person,Visual,90,5.571694214876037,-0.032981543519637585,FALSE,all,4.954660238751147,-0.01674585051320797,FALSE,all
primary,Confusability,Within-person,Visual,91,5.6342975206611605,-0.03335212266030767,FALSE,all,5.010330578512396,-0.016934006136951868,FALSE,all
primary,Confusability,Within-person,Visual,92,5.696900826446284,-0.03372270180097775,FALSE,all,5.066000918273645,-0.01712216176069578,FALSE,all
primary,Confusability,Within-person,Visual,93,5.759504132231409,-0.03409328094164785,FALSE,all,5.121671258034894,-0.017310317384439694,FALSE,all
primary,Confusability,Within-person,Visual,94,5.822107438016532,-0.034463860082317915,FALSE,all,5.177341597796143,-0.017498473008183607,FALSE,all
primary,Confusability,Within-person,Visual,95,5.884710743801657,-0.03483443922298801,FALSE,all,5.233011937557392,-0.01768662863192752,FALSE,all
primary,Confusability,Within-person,Visual,96,5.9473140495867804,-0.03520501836365811,FALSE,all,5.288682277318641,-0.017874784255671433,FALSE,all
primary,Confusability,Within-person,Visual,97,6.009917355371904,-0.03557559750432818,FALSE,all,5.344352617079889,-0.018062939879415332,FALSE,all
primary,Confusability,Within-person,Visual,98,6.072520661157029,-0.035946176644998246,FALSE,all,5.400022956841139,-0.018251095503159245,FALSE,all
primary,Confusability,Within-person,Visual,99,6.135123966942152,-0.03631675578566834,FALSE,all,5.455693296602387,-0.01843925112690316,FALSE,all
primary,Confusability,Within-person,Visual,100,6.197727272727276,-0.03668733492633844,FALSE,all,5.511363636363636,-0.018627406750647058,FALSE,all
primary,Distinctiveness,Within-person,Auditory,1,0,0,FALSE,all,0,0,FALSE,all
primary,Distinctiveness,Within-person,Auditory,2,0.06095500459136825,-5.334207260609958e-5,FALSE,all,0.05546372819100092,-3.9973717824492994e-5,FALSE,all
primary,Distinctiveness,Within-person,Auditory,3,0.1219100091827365,-1.0668414521214364e-4,FALSE,all,0.11092745638200184,-7.994743564887496e-5,FALSE,all
primary,Distinctiveness,Within-person,Auditory,4,0.18286501377410475,-1.6002621781829873e-4,FALSE,all,0.16639118457300275,-1.1992115347342347e-4,FALSE,all
primary,Distinctiveness,Within-person,Auditory,5,0.243820018365473,-2.133682904243428e-4,FALSE,all,0.22185491276400368,-1.5989487129780544e-4,FALSE,all
primary,Distinctiveness,Within-person,Auditory,6,0.3047750229568413,-2.6671036303033135e-4,FALSE,all,0.2773186409550046,-1.9986858912229843e-4,FALSE,all
primary,Distinctiveness,Within-person,Auditory,7,0.3657300275482095,-3.2005243563648644e-4,FALSE,all,0.3327823691460055,-2.398423069466804e-4,FALSE,all
primary,Distinctiveness,Within-person,Auditory,8,0.42668503213957776,-3.733945082425305e-4,FALSE,all,0.38824609733700643,-2.798160247711734e-4,FALSE,all
primary,Distinctiveness,Within-person,Auditory,9,0.487640036730946,-4.2673658084851906e-4,FALSE,all,0.44370982552800736,-3.197897425957219e-4,FALSE,all
primary,Distinctiveness,Within-person,Auditory,10,0.5485950413223143,-4.8007865345467415e-4,FALSE,all,0.4991735537190083,-3.597634604201039e-4,FALSE,all
primary,Distinctiveness,Within-person,Auditory,11,0.6095500459136826,-5.334207260607182e-4,FALSE,all,0.5546372819100092,-3.9973717824459687e-4,FALSE,all
primary,Distinctiveness,Within-person,Auditory,12,0.6705050505050508,-5.867627986667068e-4,FALSE,all,0.6101010101010101,-4.3971089606897884e-4,FALSE,all
primary,Distinctiveness,Within-person,Auditory,13,0.731460055096419,-6.401048712728619e-4,FALSE,all,0.665564738292011,-4.7968461389347183e-4,FALSE,all
primary,Distinctiveness,Within-person,Auditory,14,0.7924150596877872,-6.934469438789059e-4,FALSE,all,0.721028466483012,-5.196583317179093e-4,FALSE,all
primary,Distinctiveness,Within-person,Auditory,15,0.8533700642791555,-7.467890164848945e-4,FALSE,all,0.7764921946740129,-5.596320495424023e-4,FALSE,all
primary,Distinctiveness,Within-person,Auditory,16,0.9143250688705238,-8.001310890910496e-4,FALSE,all,0.8319559228650139,-5.996057673668953e-4,FALSE,all
primary,Distinctiveness,Within-person,Auditory,17,0.975280073461892,-8.534731616970936e-4,FALSE,all,0.8874196510560147,-6.395794851912773e-4,FALSE,all
primary,Distinctiveness,Within-person,Auditory,18,1.0362350780532603,-9.068152343031377e-4,FALSE,all,0.9428833792470156,-6.795532030157703e-4,FALSE,all
primary,Distinctiveness,Within-person,Auditory,19,1.0971900826446286,-9.601573069092373e-4,FALSE,all,0.9983471074380166,-7.195269208402078e-4,FALSE,all
primary,Distinctiveness,Within-person,Auditory,20,1.1581450872359969,-0.0010134993795152814,FALSE,all,1.0538108356290175,-7.595006386647007e-4,FALSE,all
primary,Distinctiveness,Within-person,Auditory,21,1.2191000918273651,-0.0010668414521213254,FALSE,all,1.1092745638200183,-7.994743564890827e-4,FALSE,all
primary,Distinctiveness,Within-person,Auditory,22,1.2800550964187334,-0.001120183524727425,FALSE,all,1.1647382920110194,-8.394480743135757e-4,FALSE,all
primary,Distinctiveness,Within-person,Auditory,23,1.3410101010101017,-0.001173525597333469,FALSE,all,1.2202020202020203,-8.794217921380687e-4,FALSE,all
primary,Distinctiveness,Within-person,Auditory,24,1.40196510560147,-0.0012268676699395131,FALSE,all,1.2756657483930212,-9.193955099625062e-4,FALSE,all
primary,Distinctiveness,Within-person,Auditory,25,1.462920110192838,-0.0012802097425456127,FALSE,all,1.331129476584022,-9.593692277869992e-4,FALSE,all
primary,Distinctiveness,Within-person,Auditory,26,1.5238751147842062,-0.0013335518151516568,FALSE,all,1.386593204775023,-9.993429456113812e-4,FALSE,all
primary,Distinctiveness,Within-person,Auditory,27,1.5848301193755745,-0.0013868938877578119,FALSE,all,1.442056932966024,-0.0010393166634358741,FALSE,all
primary,Distinctiveness,Within-person,Auditory,28,1.6457851239669428,-0.001440235960363856,FALSE,all,1.4975206611570249,-0.0010792903812602561,FALSE,all
primary,Distinctiveness,Within-person,Auditory,29,1.706740128558311,-0.0014935780329698445,FALSE,all,1.5529843893480257,-0.0011192640990848046,FALSE,all
primary,Distinctiveness,Within-person,Auditory,30,1.7676951331496793,-0.0015469201055759996,FALSE,all,1.6084481175390266,-0.0011592378169091866,FALSE,all
primary,Distinctiveness,Within-person,Auditory,31,1.8286501377410476,-0.0016002621781820436,FALSE,all,1.6639118457300277,-0.0011992115347336796,FALSE,all
primary,Distinctiveness,Within-person,Auditory,32,1.8896051423324158,-0.0016536042507880322,FALSE,all,1.7193755739210286,-0.0012391852525581726,FALSE,all
primary,Distinctiveness,Within-person,Auditory,33,1.950560146923784,-0.0017069463233941873,FALSE,all,1.7748393021120294,-0.0012791589703825545,FALSE,all
primary,Distinctiveness,Within-person,Auditory,34,2.011515151515152,-0.0017602883960002313,FALSE,all,1.8303030303030303,-0.001319132688207103,FALSE,all
primary,Distinctiveness,Within-person,Auditory,35,2.0724701561065206,-0.00181363046860622,FALSE,all,1.8857667584940312,-0.001359106406031485,FALSE,all
primary,Distinctiveness,Within-person,Auditory,36,2.1334251606978887,-0.001866972541212375,FALSE,all,1.9412304866850323,-0.001399080123855978,FALSE,all
primary,Distinctiveness,Within-person,Auditory,37,2.194380165289257,-0.001920314613818419,FALSE,all,1.9966942148760332,-0.00143905384168036,FALSE,all
primary,Distinctiveness,Within-person,Auditory,38,2.255335169880625,-0.001973656686424463,FALSE,all,2.052157943067034,-0.001479027559504853,FALSE,all
primary,Distinctiveness,Within-person,Auditory,39,2.3162901744719937,-0.0020269987590305627,FALSE,all,2.107621671258035,-0.0015190012773294015,FALSE,all
primary,Distinctiveness,Within-person,Auditory,40,2.3772451790633617,-0.0020803408316366068,FALSE,all,2.1630853994490358,-0.0015589749951537835,FALSE,all
primary,Distinctiveness,Within-person,Auditory,41,2.4382001836547302,-0.002133682904242651,FALSE,all,2.2185491276400366,-0.0015989487129782765,FALSE,all
primary,Distinctiveness,Within-person,Auditory,42,2.4991551882460983,-0.0021870249768487504,FALSE,all,2.2740128558310375,-0.0016389224308026584,FALSE,all
primary,Distinctiveness,Within-person,Auditory,43,2.5601101928374668,-0.0022403670494547945,FALSE,all,2.329476584022039,-0.0016788961486271514,FALSE,all
primary,Distinctiveness,Within-person,Auditory,44,2.621065197428835,-0.0022937091220608385,FALSE,all,2.3849403122130397,-0.0017188698664515334,FALSE,all
primary,Distinctiveness,Within-person,Auditory,45,2.6820202020202033,-0.002347051194666938,FALSE,all,2.4404040404040406,-0.001758843584276082,FALSE,all
primary,Distinctiveness,Within-person,Auditory,46,2.7429752066115713,-0.002400393267272982,FALSE,all,2.4958677685950414,-0.0017988173021005749,FALSE,all
primary,Distinctiveness,Within-person,Auditory,47,2.80393021120294,-0.0024537353398791373,FALSE,all,2.5513314967860423,-0.0018387910199249569,FALSE,all
primary,Distinctiveness,Within-person,Auditory,48,2.864885215794308,-0.002507077412485126,FALSE,all,2.606795224977043,-0.0018787647377494499,FALSE,all
primary,Distinctiveness,Within-person,Auditory,49,2.925840220385676,-0.00256041948509117,FALSE,all,2.662258953168044,-0.0019187384555738873,FALSE,all
primary,Distinctiveness,Within-person,Auditory,50,2.9867952249770444,-0.002613761557697325,FALSE,all,2.717722681359045,-0.0019587121733983803,FALSE,all
primary,Distinctiveness,Within-person,Auditory,51,3.0477502295684125,-0.002667103630303369,FALSE,all,2.773186409550046,-0.0019986858912227623,FALSE,all
primary,Distinctiveness,Within-person,Auditory,52,3.108705234159781,-0.0027204457029093576,FALSE,all,2.828650137741047,-0.0020386596090472553,FALSE,all
primary,Distinctiveness,Within-person,Auditory,53,3.169660238751149,-0.0027737877755155127,FALSE,all,2.884113865932048,-0.0020786333268716373,FALSE,all
primary,Distinctiveness,Within-person,Auditory,54,3.2306152433425175,-0.0028271298481215568,FALSE,all,2.939577594123049,-0.0021186070446961303,FALSE,all
primary,Distinctiveness,Within-person,Auditory,55,3.2915702479338855,-0.0028804719207275453,FALSE,all,2.9950413223140497,-0.0021585807625206788,FALSE,all
primary,Distinctiveness,Within-person,Auditory,56,3.352525252525254,-0.0029338139933337004,FALSE,all,3.0505050505050506,-0.0021985544803450607,FALSE,all
primary,Distinctiveness,Within-person,Auditory,57,3.413480257116622,-0.0029871560659397445,FALSE,all,3.1059687786960515,-0.0022385281981695537,FALSE,all
primary,Distinctiveness,Within-person,Auditory,58,3.4744352617079906,-0.003040498138545733,FALSE,all,3.1614325068870524,-0.0022785019159939357,FALSE,all
primary,Distinctiveness,Within-person,Auditory,59,3.5353902662993586,-0.003093840211151888,FALSE,all,3.2168962350780532,-0.002318475633818484,FALSE,all
primary,Distinctiveness,Within-person,Auditory,60,3.596345270890727,-0.003147182283757932,FALSE,all,3.272359963269054,-0.002358449351642866,FALSE,all
primary,Distinctiveness,Within-person,Auditory,61,3.657300275482095,-0.0032005243563639207,FALSE,all,3.3278236914600554,-0.002398423069467359,FALSE,all
primary,Distinctiveness,Within-person,Auditory,62,3.7182552800734636,-0.003253866428970076,FALSE,all,3.3832874196510563,-0.002438396787291852,FALSE,all
primary,Distinctiveness,Within-person,Auditory,63,3.7792102846648317,-0.00330720850157612,FALSE,all,3.438751147842057,-0.002478370505116234,FALSE,all
primary,Distinctiveness,Within-person,Auditory,64,3.8401652892562,-0.003360550574182164,FALSE,all,3.494214876033058,-0.002518344222940727,FALSE,all
primary,Distinctiveness,Within-person,Auditory,65,3.901120293847568,-0.0034138926467882635,FALSE,all,3.549678604224059,-0.0025583179407651646,FALSE,all
primary,Distinctiveness,Within-person,Auditory,66,3.9620752984389362,-0.0034672347193943076,FALSE,all,3.6051423324150598,-0.0025982916585896576,FALSE,all
primary,Distinctiveness,Within-person,Auditory,67,4.023030303030304,-0.0035205767920003517,FALSE,all,3.6606060606060606,-0.0026382653764140396,FALSE,all
primary,Distinctiveness,Within-person,Auditory,68,4.083985307621673,-0.0035739188646064513,FALSE,all,3.7160697887970615,-0.0026782390942385326,FALSE,all
primary,Distinctiveness,Within-person,Auditory,69,4.144940312213041,-0.0036272609372124953,FALSE,all,3.7715335169880624,-0.0027182128120629145,FALSE,all
primary,Distinctiveness,Within-person,Auditory,70,4.205895316804409,-0.0036806030098186504,FALSE,all,3.8269972451790637,-0.002758186529887463,FALSE,all
primary,Distinctiveness,Within-person,Auditory,71,4.266850321395777,-0.003733945082424639,FALSE,all,3.8824609733700646,-0.002798160247711956,FALSE,all
primary,Distinctiveness,Within-person,Auditory,72,4.327805325987146,-0.003787287155030683,FALSE,all,3.9379247015610654,-0.002838133965536338,FALSE,all
primary,Distinctiveness,Within-person,Auditory,73,4.388760330578514,-0.003840629227636838,FALSE,all,3.9933884297520663,-0.002878107683360831,FALSE,all
primary,Distinctiveness,Within-person,Auditory,74,4.449715335169882,-0.003893971300242882,FALSE,all,4.048852157943067,-0.002918081401185213,FALSE,all
primary,Distinctiveness,Within-person,Auditory,75,4.51067033976125,-0.003947313372848871,FALSE,all,4.104315886134068,-0.0029580551190097615,FALSE,all
primary,Distinctiveness,Within-person,Auditory,76,4.571625344352619,-0.004000655445455026,FALSE,all,4.159779614325069,-0.0029980288368341435,FALSE,all
primary,Distinctiveness,Within-person,Auditory,77,4.632580348943987,-0.00405399751806107,FALSE,all,4.21524334251607,-0.0030380025546586364,FALSE,all
primary,Distinctiveness,Within-person,Auditory,78,4.6935353535353554,-0.0041073395906670584,FALSE,all,4.270707070707071,-0.0030779762724831294,FALSE,all
primary,Distinctiveness,Within-person,Auditory,79,4.7544903581267235,-0.0041606816632732135,FALSE,all,4.3261707988980715,-0.0031179499903075114,FALSE,all
primary,Distinctiveness,Within-person,Auditory,80,4.815445362718092,-0.004214023735879258,FALSE,all,4.381634527089073,-0.00315792370813206,FALSE,all
primary,Distinctiveness,Within-person,Auditory,81,4.8764003673094605,-0.004267365808485246,FALSE,all,4.437098255280073,-0.003197897425956442,FALSE,all
primary,Distinctiveness,Within-person,Auditory,82,4.9373553719008285,-0.004320707881091401,FALSE,all,4.492561983471075,-0.003237871143780935,FALSE,all
primary,Distinctiveness,Within-person,Auditory,83,4.998310376492197,-0.004374049953697445,FALSE,all,4.548025711662075,-0.003277844861605317,FALSE,all
primary,Distinctiveness,Within-person,Auditory,84,5.059265381083565,-0.004427392026303489,FALSE,all,4.603489439853076,-0.00331781857942981,FALSE,all
primary,Distinctiveness,Within-person,Auditory,85,5.1202203856749335,-0.004480734098909589,FALSE,all,4.658953168044078,-0.0033577922972543583,FALSE,all
primary,Distinctiveness,Within-person,Auditory,86,5.181175390266302,-0.004534076171515633,FALSE,all,4.714416896235078,-0.0033977660150787403,FALSE,all
primary,Distinctiveness,Within-person,Auditory,87,5.24213039485767,-0.004587418244121677,FALSE,all,4.769880624426079,-0.0034377397329032333,FALSE,all
primary,Distinctiveness,Within-person,Auditory,88,5.303085399449038,-0.004640760316727777,FALSE,all,4.82534435261708,-0.0034777134507276153,FALSE,all
primary,Distinctiveness,Within-person,Auditory,89,5.364040404040407,-0.004694102389333821,FALSE,all,4.880808080808081,-0.0035176871685521083,FALSE,all
primary,Distinctiveness,Within-person,Auditory,90,5.424995408631775,-0.004747444461939976,FALSE,all,4.936271808999082,-0.0035576608863765458,FALSE,all
primary,Distinctiveness,Within-person,Auditory,91,5.485950413223143,-0.004800786534545964,FALSE,all,4.991735537190083,-0.0035976346042010388,FALSE,all
primary,Distinctiveness,Within-person,Auditory,92,5.546905417814511,-0.0048541286071520084,FALSE,all,5.047199265381083,-0.0036376083220254207,FALSE,all
primary,Distinctiveness,Within-person,Auditory,93,5.60786042240588,-0.0049074706797581635,FALSE,all,5.102662993572085,-0.0036775820398499692,FALSE,all
primary,Distinctiveness,Within-person,Auditory,94,5.668815426997248,-0.004960812752364152,FALSE,all,5.158126721763086,-0.0037175557576744622,FALSE,all
primary,Distinctiveness,Within-person,Auditory,95,5.729770431588616,-0.005014154824970196,FALSE,all,5.213590449954086,-0.003757529475498844,FALSE,all
primary,Distinctiveness,Within-person,Auditory,96,5.790725436179984,-0.005067496897576351,FALSE,all,5.269054178145088,-0.003797503193323337,FALSE,all
primary,Distinctiveness,Within-person,Auditory,97,5.851680440771352,-0.005120838970182395,FALSE,all,5.324517906336088,-0.0038374769111477747,FALSE,all
primary,Distinctiveness,Within-person,Auditory,98,5.912635445362721,-0.005174181042788384,FALSE,all,5.379981634527089,-0.0038774506289722677,FALSE,all
primary,Distinctiveness,Within-person,Auditory,99,5.973590449954089,-0.005227523115394539,FALSE,all,5.43544536271809,-0.00391742434679665,FALSE,all
primary,Distinctiveness,Within-person,Auditory,100,6.034545454545457,-0.005280865188000583,FALSE,all,5.490909090909091,-0.003957398064621143,FALSE,all
primary,Distinctiveness,Within-person,Motor,1,0,0,FALSE,all,0,0,FALSE,all
primary,Distinctiveness,Within-person,Motor,2,0.045577728504557775,-0.001346844232288369,FALSE,all,0.04533136240453313,-0.0011705294044159764,FALSE,all
primary,Distinctiveness,Within-person,Motor,3,0.09115545700911555,-0.00269368846457696,FALSE,all,0.09066272480906626,-0.002341058808832397,FALSE,all
primary,Distinctiveness,Within-person,Motor,4,0.13673318551367333,-0.004040532696865107,FALSE,all,0.1359940872135994,-0.0035115882132483733,FALSE,all
primary,Distinctiveness,Within-person,Motor,5,0.1823109140182311,-0.005387376929153698,FALSE,all,0.18132544961813252,-0.004682117617664572,FALSE,all
primary,Distinctiveness,Within-person,Motor,6,0.22788864252278887,-0.006734221161442067,FALSE,all,0.22665681202266563,-0.00585264702208077,FALSE,all
primary,Distinctiveness,Within-person,Motor,7,0.27346637102734667,-0.008081065393730436,FALSE,all,0.2719881744271988,-0.007023176426496969,FALSE,all
primary,Distinctiveness,Within-person,Motor,8,0.31904409953190443,-0.009427909626018804,FALSE,all,0.3173195368317319,-0.008193705830913167,FALSE,all
primary,Distinctiveness,Within-person,Motor,9,0.3646218280364622,-0.010774753858306951,FALSE,all,0.36265089923626503,-0.009364235235329366,FALSE,all
primary,Distinctiveness,Within-person,Motor,10,0.41019955654101997,-0.01212159809059532,FALSE,all,0.40798226164079815,-0.010534764639745564,FALSE,all
primary,Distinctiveness,Within-person,Motor,11,0.45577728504557774,-0.01346844232288369,FALSE,all,0.45331362404533126,-0.011705294044161318,FALSE,all
primary,Distinctiveness,Within-person,Motor,12,0.5013550135501356,-0.014815286555172058,FALSE,all,0.49864498644986444,-0.012875823448577739,FALSE,all
primary,Distinctiveness,Within-person,Motor,13,0.5469327420546933,-0.016162130787460205,FALSE,all,0.5439763488543976,-0.014046352852993715,FALSE,all
primary,Distinctiveness,Within-person,Motor,14,0.5925104705592511,-0.017508975019748574,FALSE,all,0.5893077112589307,-0.015216882257409914,FALSE,all
primary,Distinctiveness,Within-person,Motor,15,0.6380881990638089,-0.018855819252036943,FALSE,all,0.6346390736634638,-0.016387411661826112,FALSE,all
primary,Distinctiveness,Within-person,Motor,16,0.6836659275683666,-0.020202663484325534,FALSE,all,0.6799704360679969,-0.01755794106624231,FALSE,all
primary,Distinctiveness,Within-person,Motor,17,0.7292436560729244,-0.02154950771661368,FALSE,all,0.7253017984725301,-0.01872847047065851,FALSE,all
primary,Distinctiveness,Within-person,Motor,18,0.7748213845774822,-0.02289635194890205,FALSE,all,0.7706331608770632,-0.019898999875074708,FALSE,all
primary,Distinctiveness,Within-person,Motor,19,0.8203991130820399,-0.02424319618119064,FALSE,all,0.8159645232815963,-0.021069529279490906,FALSE,all
primary,Distinctiveness,Within-person,Motor,20,0.8659768415865977,-0.02559004041347901,FALSE,all,0.8612958856861295,-0.022240058683906883,FALSE,all
primary,Distinctiveness,Within-person,Motor,21,0.9115545700911555,-0.026936884645767156,FALSE,all,0.9066272480906625,-0.02341058808832308,FALSE,all
primary,Distinctiveness,Within-person,Motor,22,0.9571322985957132,-0.028283728878055525,FALSE,all,0.9519586104951957,-0.024581117492739057,FALSE,all
primary,Distinctiveness,Within-person,Motor,23,1.0027100271002711,-0.029630573110344116,FALSE,all,0.9972899728997289,-0.025751646897155256,FALSE,all
primary,Distinctiveness,Within-person,Motor,24,1.048287755604829,-0.030977417342632263,FALSE,all,1.042621335304262,-0.026922176301571676,FALSE,all
primary,Distinctiveness,Within-person,Motor,25,1.0938654841093867,-0.03232426157492063,FALSE,all,1.0879526977087952,-0.028092705705987653,FALSE,all
primary,Distinctiveness,Within-person,Motor,26,1.1394432126139444,-0.03367110580720878,FALSE,all,1.1332840601133283,-0.029263235110404073,FALSE,all
primary,Distinctiveness,Within-person,Motor,27,1.1850209411185022,-0.03501795003949737,FALSE,all,1.1786154225178613,-0.03043376451482005,FALSE,all
primary,Distinctiveness,Within-person,Motor,28,1.23059866962306,-0.03636479427178552,FALSE,all,1.2239467849223944,-0.03160429391923647,FALSE,all
primary,Distinctiveness,Within-person,Motor,29,1.2761763981276177,-0.037711638504073886,FALSE,all,1.2692781473269277,-0.032774823323652225,FALSE,all
primary,Distinctiveness,Within-person,Motor,30,1.3217541266321755,-0.039058482736362254,FALSE,all,1.3146095097314607,-0.033945352728068645,FALSE,all
primary,Distinctiveness,Within-person,Motor,31,1.3673318551367333,-0.040405326968650845,FALSE,all,1.3599408721359938,-0.03511588213248462,FALSE,all
primary,Distinctiveness,Within-person,Motor,32,1.412909583641291,-0.04175217120093899,FALSE,all,1.405272234540527,-0.03628641153690082,FALSE,all
primary,Distinctiveness,Within-person,Motor,33,1.4584873121458488,-0.04309901543322758,FALSE,all,1.4506035969450601,-0.03745694094131702,FALSE,all
primary,Distinctiveness,Within-person,Motor,34,1.5040650406504066,-0.04444585966551573,FALSE,all,1.4959349593495932,-0.03862747034573322,FALSE,all
primary,Distinctiveness,Within-person,Motor,35,1.5496427691549644,-0.04579270389780432,FALSE,all,1.5412663217541265,-0.039797999750149415,FALSE,all
primary,Distinctiveness,Within-person,Motor,36,1.5952204976595221,-0.04713954813009247,FALSE,all,1.5865976841586595,-0.040968529154565614,FALSE,all
primary,Distinctiveness,Within-person,Motor,37,1.6407982261640799,-0.04848639236238084,FALSE,all,1.6319290465631926,-0.04213905855898181,FALSE,all
primary,Distinctiveness,Within-person,Motor,38,1.6863759546686377,-0.049833236594668984,FALSE,all,1.6772604089677259,-0.04330958796339801,FALSE,all
primary,Distinctiveness,Within-person,Motor,39,1.7319536831731954,-0.05118008082695735,FALSE,all,1.722591771372259,-0.04448011736781399,FALSE,all
primary,Distinctiveness,Within-person,Motor,40,1.7775314116777532,-0.05252692505924572,FALSE,all,1.767923133776792,-0.045650646772230186,FALSE,all
primary,Distinctiveness,Within-person,Motor,41,1.823109140182311,-0.05387376929153409,FALSE,all,1.813254496181325,-0.04682117617664616,FALSE,all
primary,Distinctiveness,Within-person,Motor,42,1.8686868686868687,-0.05522061352382246,FALSE,all,1.8585858585858583,-0.04799170558106236,FALSE,all
primary,Distinctiveness,Within-person,Motor,43,1.9142645971914265,-0.056567457756110606,FALSE,all,1.9039172209903914,-0.04916223498547856,FALSE,all
primary,Distinctiveness,Within-person,Motor,44,1.9598423256959843,-0.05791430198839942,FALSE,all,1.9492485833949245,-0.05033276438989498,FALSE,all
primary,Distinctiveness,Within-person,Motor,45,2.0054200542005423,-0.059261146220687566,FALSE,all,1.9945799457994577,-0.051503293794310956,FALSE,all
primary,Distinctiveness,Within-person,Motor,46,2.0509977827051,-0.060607990452975935,FALSE,all,2.039911308203991,-0.052673823198727376,FALSE,all
primary,Distinctiveness,Within-person,Motor,47,2.096575511209658,-0.061954834685264304,FALSE,all,2.085242670608524,-0.05384435260314335,FALSE,all
primary,Distinctiveness,Within-person,Motor,48,2.1421532397142156,-0.0633016789175529,FALSE,all,2.130574033013057,-0.05501488200755933,FALSE,all
primary,Distinctiveness,Within-person,Motor,49,2.1877309682187733,-0.06464852314984104,FALSE,all,2.1759053954175904,-0.05618541141197553,FALSE,all
primary,Distinctiveness,Within-person,Motor,50,2.233308696723331,-0.06599536738212941,FALSE,all,2.2212367578221235,-0.057355940816391726,FALSE,all
primary,Distinctiveness,Within-person,Motor,51,2.278886425227889,-0.06734221161441756,FALSE,all,2.2665681202266565,-0.0585264702208077,FALSE,all
primary,Distinctiveness,Within-person,Motor,52,2.3244641537324466,-0.06868905584670615,FALSE,all,2.3118994826311896,-0.0596969996252239,FALSE,all
primary,Distinctiveness,Within-person,Motor,53,2.3700418822370044,-0.0700359000789943,FALSE,all,2.3572308450357227,-0.06086752902964032,FALSE,all
primary,Distinctiveness,Within-person,Motor,54,2.415619610741562,-0.07138274431128266,FALSE,all,2.4025622074402557,-0.0620380584340563,FALSE,all
primary,Distinctiveness,Within-person,Motor,55,2.46119733924612,-0.07272958854357081,FALSE,all,2.447893569844789,-0.06320858783847272,FALSE,all
primary,Distinctiveness,Within-person,Motor,56,2.5067750677506777,-0.0740764327758594,FALSE,all,2.4932249322493223,-0.0643791172428887,FALSE,all
primary,Distinctiveness,Within-person,Motor,57,2.5523527962552355,-0.07542327700814755,FALSE,all,2.5385562946538553,-0.06554964664730512,FALSE,all
primary,Distinctiveness,Within-person,Motor,58,2.5979305247597932,-0.07677012124043614,FALSE,all,2.5838876570583884,-0.06672017605172087,FALSE,all
primary,Distinctiveness,Within-person,Motor,59,2.643508253264351,-0.07811696547272451,FALSE,all,2.6292190194629215,-0.06789070545613729,FALSE,all
primary,Distinctiveness,Within-person,Motor,60,2.689085981768909,-0.07946380970501288,FALSE,all,2.6745503818674545,-0.06906123486055304,FALSE,all
primary,Distinctiveness,Within-person,Motor,61,2.7346637102734666,-0.08081065393730147,FALSE,all,2.7198817442719876,-0.07023176426496947,FALSE,all
primary,Distinctiveness,Within-person,Motor,62,2.7802414387780243,-0.08215749816958962,FALSE,all,2.765213106676521,-0.07140229366938566,FALSE,all
primary,Distinctiveness,Within-person,Motor,63,2.825819167282582,-0.08350434240187798,FALSE,all,2.810544469081054,-0.07257282307380186,FALSE,all
primary,Distinctiveness,Within-person,Motor,64,2.87139689578714,-0.08485118663416635,FALSE,all,2.855875831485587,-0.07374335247821806,FALSE,all
primary,Distinctiveness,Within-person,Motor,65,2.9169746242916976,-0.08619803086645472,FALSE,all,2.9012071938901203,-0.07491388188263426,FALSE,all
primary,Distinctiveness,Within-person,Motor,66,2.9625523527962554,-0.08754487509874287,FALSE,all,2.9465385562946533,-0.07608441128705046,FALSE,all
primary,Distinctiveness,Within-person,Motor,67,3.008130081300813,-0.08889171933103124,FALSE,all,2.9918699186991864,-0.07725494069146643,FALSE,all
primary,Distinctiveness,Within-person,Motor,68,3.053707809805371,-0.09023856356331961,FALSE,all,3.0372012811037195,-0.07842547009588263,FALSE,all
primary,Distinctiveness,Within-person,Motor,69,3.0992855383099287,-0.09158540779560798,FALSE,all,3.082532643508253,-0.07959599950029861,FALSE,all
primary,Distinctiveness,Within-person,Motor,70,3.1448632668144865,-0.09293225202789612,FALSE,all,3.127864005912786,-0.08076652890471481,FALSE,all
primary,Distinctiveness,Within-person,Motor,71,3.1904409953190442,-0.09427909626018449,FALSE,all,3.173195368317319,-0.081937058309131,FALSE,all
primary,Distinctiveness,Within-person,Motor,72,3.236018723823602,-0.09562594049247308,FALSE,all,3.218526730721852,-0.0831075877135472,FALSE,all
primary,Distinctiveness,Within-person,Motor,73,3.2815964523281598,-0.09697278472476145,FALSE,all,3.263858093126385,-0.08427811711796362,FALSE,all
primary,Distinctiveness,Within-person,Motor,74,3.3271741808327175,-0.0983196289570496,FALSE,all,3.3091894555309183,-0.0854486465223796,FALSE,all
primary,Distinctiveness,Within-person,Motor,75,3.3727519093372753,-0.09966647318933819,FALSE,all,3.3545208179354518,-0.08661917592679602,FALSE,all
primary,Distinctiveness,Within-person,Motor,76,3.418329637841833,-0.10101331742162656,FALSE,all,3.399852180339985,-0.08778970533121178,FALSE,all
primary,Distinctiveness,Within-person,Motor,77,3.463907366346391,-0.10236016165391493,FALSE,all,3.445183542744518,-0.0889602347356282,FALSE,all
primary,Distinctiveness,Within-person,Motor,78,3.5094850948509486,-0.1037070058862033,FALSE,all,3.490514905149051,-0.09013076414004417,FALSE,all
primary,Distinctiveness,Within-person,Motor,79,3.5550628233555064,-0.10505385011849144,FALSE,all,3.535846267553584,-0.09130129354446037,FALSE,all
primary,Distinctiveness,Within-person,Motor,80,3.600640551860064,-0.10640069435078003,FALSE,all,3.581177629958117,-0.09247182294887635,FALSE,all
primary,Distinctiveness,Within-person,Motor,81,3.646218280364622,-0.10774753858306818,FALSE,all,3.62650899236265,-0.09364235235329277,FALSE,all
primary,Distinctiveness,Within-person,Motor,82,3.6917960088691797,-0.10909438281535655,FALSE,all,3.6718403547671836,-0.09481288175770897,FALSE,all
primary,Distinctiveness,Within-person,Motor,83,3.7373737373737375,-0.1104412270476447,FALSE,all,3.7171717171717167,-0.09598341116212517,FALSE,all
primary,Distinctiveness,Within-person,Motor,84,3.7829514658782952,-0.11178807127993329,FALSE,all,3.7625030795762497,-0.09715394056654136,FALSE,all
primary,Distinctiveness,Within-person,Motor,85,3.828529194382853,-0.11313491551222143,FALSE,all,3.807834441980783,-0.09832446997095756,FALSE,all
primary,Distinctiveness,Within-person,Motor,86,3.8741069228874108,-0.11448175974451003,FALSE,all,3.853165804385316,-0.09949499937537354,FALSE,all
primary,Distinctiveness,Within-person,Motor,87,3.9196846513919685,-0.11582860397679817,FALSE,all,3.898497166789849,-0.10066552877978951,FALSE,all
primary,Distinctiveness,Within-person,Motor,88,3.9652623798965263,-0.11717544820908654,FALSE,all,3.9438285291943824,-0.10183605818420571,FALSE,all
primary,Distinctiveness,Within-person,Motor,89,4.0108401084010845,-0.11852229244137491,FALSE,all,3.9891598915989155,-0.10300658758862169,FALSE,all
primary,Distinctiveness,Within-person,Motor,90,4.056417836905642,-0.11986913667366328,FALSE,all,4.0344912540034485,-0.10417711699303811,FALSE,all
primary,Distinctiveness,Within-person,Motor,91,4.1019955654102,-0.12121598090595143,FALSE,all,4.079822616407982,-0.10534764639745431,FALSE,all
primary,Distinctiveness,Within-person,Motor,92,4.147573293914758,-0.1225628251382398,FALSE,all,4.125153978812515,-0.10651817580187051,FALSE,all
primary,Distinctiveness,Within-person,Motor,93,4.193151022419316,-0.12390966937052839,FALSE,all,4.170485341217048,-0.10768870520628648,FALSE,all
primary,Distinctiveness,Within-person,Motor,94,4.238728750923873,-0.12525651360281675,FALSE,all,4.215816703621581,-0.10885923461070268,FALSE,all
primary,Distinctiveness,Within-person,Motor,95,4.284306479428431,-0.12660335783510512,FALSE,all,4.261148066026114,-0.11002976401511888,FALSE,all
primary,Distinctiveness,Within-person,Motor,96,4.329884207932989,-0.12795020206739327,FALSE,all,4.306479428430647,-0.11120029341953508,FALSE,all
primary,Distinctiveness,Within-person,Motor,97,4.375461936437547,-0.12929704629968186,FALSE,all,4.351810790835181,-0.11237082282395128,FALSE,all
primary,Distinctiveness,Within-person,Motor,98,4.421039664942104,-0.13064389053197,FALSE,all,4.397142153239714,-0.11354135222836725,FALSE,all
primary,Distinctiveness,Within-person,Motor,99,4.466617393446662,-0.13199073476425838,FALSE,all,4.442473515644247,-0.11471188163278345,FALSE,all
primary,Distinctiveness,Within-person,Motor,100,4.51219512195122,-0.13333757899654675,FALSE,all,4.48780487804878,-0.11588241103719965,FALSE,all
primary,Distinctiveness,Within-person,Visual,1,0,0,FALSE,all,0,0,FALSE,all
primary,Distinctiveness,Within-person,Visual,2,0.062603305785124,-2.414539730652976e-4,FALSE,all,0.05567033976124885,-2.71088341199488e-4,FALSE,all
primary,Distinctiveness,Within-person,Visual,3,0.125206611570248,-4.829079461302621e-4,FALSE,all,0.1113406795224977,-5.42176682398976e-4,FALSE,all
primary,Distinctiveness,Within-person,Visual,4,0.187809917355372,-7.243619191954487e-4,FALSE,all,0.16701101928374654,-8.132650235981309e-4,FALSE,all
primary,Distinctiveness,Within-person,Visual,5,0.250413223140496,-9.658158922606352e-4,FALSE,all,0.2226813590449954,-0.001084353364797619,FALSE,all
primary,Distinctiveness,Within-person,Visual,6,0.31301652892562004,-0.0012072698653255998,FALSE,all,0.2783516988062442,-0.001355441705997107,FALSE,all
primary,Distinctiveness,Within-person,Visual,7,0.375619834710744,-0.0014487238383908974,FALSE,all,0.3340220385674931,-0.0016265300471965949,FALSE,all
primary,Distinctiveness,Within-person,Visual,8,0.438223140495868,-0.001690177811456084,FALSE,all,0.38969237832874193,-0.0018976183883958608,FALSE,all
primary,Distinctiveness,Within-person,Visual,9,0.500826446280992,-0.0019316317845210484,FALSE,all,0.4453627180899908,-0.002168706729595349,FALSE,all
primary,Distinctiveness,Within-person,Visual,10,0.563429752066116,-0.002173085757586235,FALSE,all,0.5010330578512396,-0.002439795070794726,FALSE,all
primary,Distinctiveness,Within-person,Visual,11,0.6260330578512401,-0.0024145397306514216,FALSE,all,0.5567033976124884,-0.002710883411994214,FALSE,all
primary,Distinctiveness,Within-person,Visual,12,0.688636363636364,-0.002655993703716497,FALSE,all,0.6123737373737373,-0.0029819717531934797,FALSE,all
primary,Distinctiveness,Within-person,Visual,13,0.751239669421488,-0.0028974476767816837,FALSE,all,0.6680440771349861,-0.0032530600943929677,FALSE,all
primary,Distinctiveness,Within-person,Visual,14,0.8138429752066121,-0.0031389016498468703,FALSE,all,0.7237144168962351,-0.0035241484355924557,FALSE,all
primary,Distinctiveness,Within-person,Visual,15,0.876446280991736,-0.0033803556229118348,FALSE,all,0.7793847566574839,-0.0037952367767919437,FALSE,all
primary,Distinctiveness,Within-person,Visual,16,0.9390495867768601,-0.0036218095959770213,FALSE,all,0.8350550964187328,-0.004066325117991099,FALSE,all
primary,Distinctiveness,Within-person,Visual,17,1.001652892561984,-0.003863263569042208,FALSE,all,0.8907254361799816,-0.004337413459190587,FALSE,all
primary,Distinctiveness,Within-person,Visual,18,1.0642561983471082,-0.0041047175421072835,FALSE,all,0.9463957759412304,-0.004608501800390075,FALSE,all
primary,Distinctiveness,Within-person,Visual,19,1.126859504132232,-0.00434617151517247,FALSE,all,1.0020661157024793,-0.004879590141589563,FALSE,all
primary,Distinctiveness,Within-person,Visual,20,1.189462809917356,-0.004587625488237657,FALSE,all,1.057736455463728,-0.0051506784827888286,FALSE,all
primary,Distinctiveness,Within-person,Visual,21,1.2520661157024802,-0.004829079461302621,FALSE,all,1.1134067952249769,-0.0054217668239883166,FALSE,all
primary,Distinctiveness,Within-person,Visual,22,1.314669421487604,-0.005070533434367808,FALSE,all,1.169077134986226,-0.0056928551651876935,FALSE,all
primary,Distinctiveness,Within-person,Visual,23,1.377272727272728,-0.005311987407433105,FALSE,all,1.2247474747474747,-0.0059639435063871815,FALSE,all
primary,Distinctiveness,Within-person,Visual,24,1.4398760330578522,-0.00555344138049807,FALSE,all,1.2804178145087235,-0.0062350318475864475,FALSE,all
primary,Distinctiveness,Within-person,Visual,25,1.502479338842976,-0.005794895353563256,FALSE,all,1.3360881542699723,-0.0065061201887859355,FALSE,all
primary,Distinctiveness,Within-person,Visual,26,1.5650826446281,-0.006036349326628443,FALSE,all,1.391758494031221,-0.0067772085299854234,FALSE,all
primary,Distinctiveness,Within-person,Visual,27,1.6276859504132242,-0.0062778032996934074,FALSE,all,1.4474288337924701,-0.0070482968711849114,FALSE,all
primary,Distinctiveness,Within-person,Visual,28,1.6902892561983482,-0.006519257272758705,FALSE,all,1.503099173553719,-0.007319385212384066,FALSE,all
primary,Distinctiveness,Within-person,Visual,29,1.752892561983472,-0.006760711245823892,FALSE,all,1.5587695133149677,-0.007590473553583554,FALSE,all
primary,Distinctiveness,Within-person,Visual,30,1.8154958677685962,-0.007002165218888856,FALSE,all,1.6144398530762165,-0.007861561894783042,FALSE,all
primary,Distinctiveness,Within-person,Visual,31,1.8780991735537202,-0.007243619191954043,FALSE,all,1.6701101928374655,-0.00813265023598253,FALSE,all
primary,Distinctiveness,Within-person,Visual,32,1.940702479338844,-0.007485073165019229,FALSE,all,1.7257805325987143,-0.008403738577181796,FALSE,all
primary,Distinctiveness,Within-person,Visual,33,2.003305785123968,-0.007726527138084305,FALSE,all,1.7814508723599631,-0.008674826918381284,FALSE,all
primary,Distinctiveness,Within-person,Visual,34,2.0659090909090922,-0.007967981111149491,FALSE,all,1.837121212121212,-0.008945915259580661,FALSE,all
primary,Distinctiveness,Within-person,Visual,35,2.1285123966942163,-0.008209435084214678,FALSE,all,1.8927915518824607,-0.00921700360078015,FALSE,all
primary,Distinctiveness,Within-person,Visual,36,2.1911157024793404,-0.008450889057279642,FALSE,all,1.9484618916437098,-0.009488091941979415,FALSE,all
primary,Distinctiveness,Within-person,Visual,37,2.253719008264464,-0.008692343030344829,FALSE,all,2.0041322314049586,-0.009759180283178903,FALSE,all
primary,Distinctiveness,Within-person,Visual,38,2.316322314049588,-0.008933797003410127,FALSE,all,2.0598025711662076,-0.010030268624378391,FALSE,all
primary,Distinctiveness,Within-person,Visual,39,2.378925619834712,-0.009175250976475091,FALSE,all,2.115472910927456,-0.01030135696557788,FALSE,all
primary,Distinctiveness,Within-person,Visual,40,2.4415289256198363,-0.009416704949540278,FALSE,all,2.171143250688705,-0.010572445306777034,FALSE,all
primary,Distinctiveness,Within-person,Visual,41,2.5041322314049603,-0.009658158922605464,FALSE,all,2.2268135904499538,-0.010843533647976522,FALSE,all
primary,Distinctiveness,Within-person,Visual,42,2.5667355371900844,-0.009899612895670429,FALSE,all,2.2824839302112028,-0.01111462198917601,FALSE,all
primary,Distinctiveness,Within-person,Visual,43,2.629338842975208,-0.010141066868735726,FALSE,all,2.338154269972452,-0.011385710330375498,FALSE,all
primary,Distinctiveness,Within-person,Visual,44,2.691942148760332,-0.010382520841800913,FALSE,all,2.3938246097337004,-0.011656798671574986,FALSE,all
primary,Distinctiveness,Within-person,Visual,45,2.754545454545456,-0.010623974814865877,FALSE,all,2.4494949494949494,-0.011927887012774141,FALSE,all
primary,Distinctiveness,Within-person,Visual,46,2.8171487603305803,-0.010865428787931064,FALSE,all,2.505165289256198,-0.012198975353973629,FALSE,all
primary,Distinctiveness,Within-person,Visual,47,2.8797520661157043,-0.01110688276099625,FALSE,all,2.560835629017447,-0.012470063695173117,FALSE,all
primary,Distinctiveness,Within-person,Visual,48,2.9423553719008284,-0.011348336734061326,FALSE,all,2.616505968778696,-0.012741152036372605,FALSE,all
primary,Distinctiveness,Within-person,Visual,49,3.004958677685952,-0.011589790707126513,FALSE,all,2.6721763085399446,-0.013012240377571871,FALSE,all
primary,Distinctiveness,Within-person,Visual,50,3.067561983471076,-0.0118312446801917,FALSE,all,2.7278466483011936,-0.013283328718771359,FALSE,all
primary,Distinctiveness,Within-person,Visual,51,3.1301652892562,-0.012072698653256664,FALSE,all,2.783516988062442,-0.013554417059970736,FALSE,all
primary,Distinctiveness,Within-person,Visual,52,3.1927685950413243,-0.01231415262632185,FALSE,all,2.839187327823691,-0.013825505401170224,FALSE,all
primary,Distinctiveness,Within-person,Visual,53,3.2553719008264483,-0.012555606599387037,FALSE,all,2.8948576675849402,-0.01409659374236949,FALSE,all
primary,Distinctiveness,Within-person,Visual,54,3.3179752066115724,-0.012797060572452112,FALSE,all,2.950528007346189,-0.014367682083568978,FALSE,all
primary,Distinctiveness,Within-person,Visual,55,3.3805785123966965,-0.013038514545517299,FALSE,all,3.006198347107438,-0.014638770424768466,FALSE,all
primary,Distinctiveness,Within-person,Visual,56,3.44318181818182,-0.013279968518582486,FALSE,all,3.061868686868687,-0.014909858765967954,FALSE,all
primary,Distinctiveness,Within-person,Visual,57,3.505785123966944,-0.013521422491647561,FALSE,all,3.1175390266299354,-0.01518094710716722,FALSE,all
primary,Distinctiveness,Within-person,Visual,58,3.5683884297520683,-0.013762876464712748,FALSE,all,3.1732093663911844,-0.015452035448366708,FALSE,all
primary,Distinctiveness,Within-person,Visual,59,3.6309917355371923,-0.014004330437777823,FALSE,all,3.228879706152433,-0.015723123789566085,FALSE,all
primary,Distinctiveness,Within-person,Visual,60,3.6935950413223164,-0.01424578441084301,FALSE,all,3.284550045913682,-0.01599421213076546,FALSE,all
primary,Distinctiveness,Within-person,Visual,61,3.7561983471074405,-0.014487238383908085,FALSE,all,3.340220385674931,-0.01626530047196484,FALSE,all
primary,Distinctiveness,Within-person,Visual,62,3.818801652892564,-0.014728692356973272,FALSE,all,3.3958907254361796,-0.016536388813164327,FALSE,all
primary,Distinctiveness,Within-person,Visual,63,3.881404958677688,-0.014970146330038347,FALSE,all,3.4515610651974287,-0.016807477154363704,FALSE,all
primary,Distinctiveness,Within-person,Visual,64,3.9440082644628123,-0.015211600303103534,FALSE,all,3.5072314049586772,-0.01707856549556319,FALSE,all
primary,Distinctiveness,Within-person,Visual,65,4.006611570247936,-0.01545305427616861,FALSE,all,3.5629017447199263,-0.01734965383676257,FALSE,all
primary,Distinctiveness,Within-person,Visual,66,4.06921487603306,-0.015694508249233796,FALSE,all,3.6185720844811753,-0.017620742177961946,FALSE,all
primary,Distinctiveness,Within-person,Visual,67,4.1318181818181845,-0.015935962222298983,FALSE,all,3.674242424242424,-0.017891830519161322,FALSE,all
primary,Distinctiveness,Within-person,Visual,68,4.194421487603308,-0.01617741619536406,FALSE,all,3.729912764003673,-0.01816291886036081,FALSE,all
primary,Distinctiveness,Within-person,Visual,69,4.257024793388433,-0.016418870168429134,FALSE,all,3.7855831037649215,-0.018434007201560187,FALSE,all
primary,Distinctiveness,Within-person,Visual,70,4.319628099173556,-0.01666032414149432,FALSE,all,3.8412534435261705,-0.018705095542759675,FALSE,all
primary,Distinctiveness,Within-person,Visual,71,4.382231404958681,-0.016901778114559507,FALSE,all,3.8969237832874195,-0.018976183883959052,FALSE,all
primary,Distinctiveness,Within-person,Visual,72,4.444834710743804,-0.017143232087624583,FALSE,all,3.952594123048668,-0.01924727222515843,FALSE,all
primary,Distinctiveness,Within-person,Visual,73,4.507438016528928,-0.01738468606068977,FALSE,all,4.008264462809917,-0.019518360566357806,FALSE,all
primary,Distinctiveness,Within-person,Visual,74,4.570041322314053,-0.017626140033754845,FALSE,all,4.063934802571166,-0.019789448907557294,FALSE,all
primary,Distinctiveness,Within-person,Visual,75,4.632644628099176,-0.01786759400682003,FALSE,all,4.119605142332415,-0.02006053724875667,FALSE,all
primary,Distinctiveness,Within-person,Visual,76,4.695247933884301,-0.018109047979885107,FALSE,all,4.175275482093664,-0.02033162558995616,FALSE,all
primary,Distinctiveness,Within-person,Visual,77,4.757851239669424,-0.018350501952950293,FALSE,all,4.230945821854912,-0.020602713931155536,FALSE,all
primary,Distinctiveness,Within-person,Visual,78,4.820454545454548,-0.01859195592601548,FALSE,all,4.286616161616161,-0.020873802272354913,FALSE,all
primary,Distinctiveness,Within-person,Visual,79,4.8830578512396725,-0.018833409899080555,FALSE,all,4.34228650137741,-0.02114489061355429,FALSE,all
primary,Distinctiveness,Within-person,Visual,80,4.945661157024796,-0.01907486387214563,FALSE,all,4.397956841138659,-0.021415978954753778,FALSE,all
primary,Distinctiveness,Within-person,Visual,81,5.008264462809921,-0.019316317845210818,FALSE,all,4.4536271808999075,-0.021687067295953155,FALSE,all
primary,Distinctiveness,Within-person,Visual,82,5.070867768595044,-0.019557771818276004,FALSE,all,4.509297520661157,-0.021958155637152643,FALSE,all
primary,Distinctiveness,Within-person,Visual,83,5.133471074380169,-0.01979922579134108,FALSE,all,4.5649678604224055,-0.02222924397835202,FALSE,all
primary,Distinctiveness,Within-person,Visual,84,5.196074380165292,-0.020040679764406266,FALSE,all,4.620638200183654,-0.022500332319551397,FALSE,all
primary,Distinctiveness,Within-person,Visual,85,5.258677685950416,-0.020282133737471342,FALSE,all,4.676308539944904,-0.022771420660750885,FALSE,all
primary,Distinctiveness,Within-person,Visual,86,5.321280991735541,-0.02052358771053653,FALSE,all,4.731978879706152,-0.023042509001950262,FALSE,all
primary,Distinctiveness,Within-person,Visual,87,5.383884297520664,-0.020765041683601604,FALSE,all,4.787649219467401,-0.02331359734314964,FALSE,all
primary,Distinctiveness,Within-person,Visual,88,5.446487603305789,-0.02100649565666679,FALSE,all,4.84331955922865,-0.023584685684349127,FALSE,all
primary,Distinctiveness,Within-person,Visual,89,5.509090909090912,-0.021247949629731866,FALSE,all,4.898989898989899,-0.023855774025548504,FALSE,all
primary,Distinctiveness,Within-person,Visual,90,5.571694214876037,-0.021489403602797053,FALSE,all,4.954660238751147,-0.02412686236674788,FALSE,all
primary,Distinctiveness,Within-person,Visual,91,5.6342975206611605,-0.021730857575862128,FALSE,all,5.010330578512396,-0.02439795070794737,FALSE,all
primary,Distinctiveness,Within-person,Visual,92,5.696900826446284,-0.021972311548927315,FALSE,all,5.066000918273645,-0.024669039049146746,FALSE,all
primary,Distinctiveness,Within-person,Visual,93,5.759504132231409,-0.0222137655219925,FALSE,all,5.121671258034894,-0.024940127390346123,FALSE,all
primary,Distinctiveness,Within-person,Visual,94,5.822107438016532,-0.022455219495057577,FALSE,all,5.177341597796143,-0.02521121573154561,FALSE,all
primary,Distinctiveness,Within-person,Visual,95,5.884710743801657,-0.022696673468122652,FALSE,all,5.233011937557392,-0.025482304072744988,FALSE,all
primary,Distinctiveness,Within-person,Visual,96,5.9473140495867804,-0.02293812744118784,FALSE,all,5.288682277318641,-0.025753392413944365,FALSE,all
primary,Distinctiveness,Within-person,Visual,97,6.009917355371904,-0.023179581414253025,FALSE,all,5.344352617079889,-0.026024480755143853,FALSE,all
primary,Distinctiveness,Within-person,Visual,98,6.072520661157029,-0.0234210353873181,FALSE,all,5.400022956841139,-0.02629556909634323,FALSE,all
primary,Distinctiveness,Within-person,Visual,99,6.135123966942152,-0.023662489360383288,FALSE,all,5.455693296602387,-0.026566657437542718,FALSE,all
primary,Distinctiveness,Within-person,Visual,100,6.197727272727276,-0.023903943333448363,FALSE,all,5.511363636363636,-0.026837745778742095,FALSE,all
liberal,Reliability,Between-person,All modalities,1,18,0.15188525849017964,FALSE,young,18,0.15204046642840507,FALSE,young
liberal,Reliability,Between-person,All modalities,2,18.767676767676768,0.14940443329240327,FALSE,young,18.767676767676768,0.14955710613428108,FALSE,young
liberal,Reliability,Between-person,All modalities,3,19.535353535353536,0.1469236080946269,FALSE,young,19.535353535353536,0.1470737458401571,FALSE,young
liberal,Reliability,Between-person,All modalities,4,20.303030303030305,0.14444278289685042,FALSE,young,20.303030303030305,0.1445903855460332,FALSE,young
liberal,Reliability,Between-person,All modalities,5,21.07070707070707,0.14196195769907405,FALSE,young,21.07070707070707,0.1421070252519092,FALSE,young
liberal,Reliability,Between-person,All modalities,6,21.838383838383837,0.13948113250129768,FALSE,young,21.838383838383837,0.13962366495778522,FALSE,young
liberal,Reliability,Between-person,All modalities,7,22.606060606060606,0.1370003073035212,FALSE,young,22.606060606060606,0.13714030466366123,FALSE,young
liberal,Reliability,Between-person,All modalities,8,23.373737373737374,0.13451948210574483,FALSE,young,23.373737373737374,0.13465694436953735,FALSE,young
liberal,Reliability,Between-person,All modalities,9,24.141414141414142,0.13203865690796834,FALSE,young,24.141414141414142,0.13217358407541335,FALSE,young
liberal,Reliability,Between-person,All modalities,10,24.909090909090907,0.12955783171019197,FALSE,young,24.909090909090907,0.12969022378128936,FALSE,young
liberal,Reliability,Between-person,All modalities,11,25.676767676767675,0.1270770065124156,FALSE,young,25.676767676767675,0.12720686348716548,FALSE,young
liberal,Reliability,Between-person,All modalities,12,26.444444444444443,0.12459618131463912,FALSE,young,26.444444444444443,0.12472350319304149,FALSE,young
liberal,Reliability,Between-person,All modalities,13,27.21212121212121,0.12211535611686275,FALSE,young,27.21212121212121,0.12224014289891749,FALSE,young
liberal,Reliability,Between-person,All modalities,14,27.97979797979798,0.11963453091908627,FALSE,young,27.97979797979798,0.11975678260479361,FALSE,young
liberal,Reliability,Between-person,All modalities,15,28.747474747474747,0.1171537057213099,FALSE,young,28.747474747474747,0.11727342231066962,FALSE,young
liberal,Reliability,Between-person,All modalities,16,29.515151515151516,0.11467288052353342,TRUE,NA,29.515151515151516,0.11479006201654562,TRUE,NA
liberal,Reliability,Between-person,All modalities,17,30.282828282828284,0.11219205532575705,TRUE,NA,30.282828282828284,0.11230670172242163,TRUE,NA
liberal,Reliability,Between-person,All modalities,18,31.050505050505052,0.10971123012798067,TRUE,NA,31.050505050505052,0.10982334142829775,TRUE,NA
liberal,Reliability,Between-person,All modalities,19,31.818181818181817,0.10723040493020419,TRUE,NA,31.818181818181817,0.10733998113417376,TRUE,NA
liberal,Reliability,Between-person,All modalities,20,32.58585858585859,0.10474957973242782,TRUE,NA,32.58585858585859,0.10485662084004976,TRUE,NA
liberal,Reliability,Between-person,All modalities,21,33.35353535353535,0.10226875453465145,TRUE,NA,33.35353535353535,0.10237326054592588,TRUE,NA
liberal,Reliability,Between-person,All modalities,22,34.121212121212125,0.09978792933687497,TRUE,NA,34.121212121212125,0.09988990025180189,TRUE,NA
liberal,Reliability,Between-person,All modalities,23,34.888888888888886,0.0973071041390986,TRUE,NA,34.888888888888886,0.0974065399576779,TRUE,NA
liberal,Reliability,Between-person,All modalities,24,35.656565656565654,0.09482627894132212,TRUE,NA,35.656565656565654,0.09492317966355401,TRUE,NA
liberal,Reliability,Between-person,All modalities,25,36.42424242424242,0.09234545374354575,TRUE,NA,36.42424242424242,0.09243981936943002,TRUE,NA
liberal,Reliability,Between-person,All modalities,26,37.19191919191919,0.08986462854576938,TRUE,NA,37.19191919191919,0.08995645907530603,TRUE,NA
liberal,Reliability,Between-person,All modalities,27,37.95959595959596,0.0873838033479929,TRUE,NA,37.95959595959596,0.08747309878118215,TRUE,NA
liberal,Reliability,Between-person,All modalities,28,38.72727272727273,0.08490297815021652,TRUE,NA,38.72727272727273,0.08498973848705815,TRUE,NA
liberal,Reliability,Between-person,All modalities,29,39.494949494949495,0.08242215295244004,TRUE,NA,39.494949494949495,0.08250637819293416,TRUE,NA
liberal,Reliability,Between-person,All modalities,30,40.262626262626256,0.07994132775466367,TRUE,NA,40.262626262626256,0.08002301789881028,TRUE,NA
liberal,Reliability,Between-person,All modalities,31,41.03030303030303,0.0774605025568873,TRUE,NA,41.03030303030303,0.07753965760468629,TRUE,NA
liberal,Reliability,Between-person,All modalities,32,41.79797979797979,0.07497967735911082,TRUE,NA,41.79797979797979,0.07505629731056229,TRUE,NA
liberal,Reliability,Between-person,All modalities,33,42.56565656565657,0.07249885216133445,TRUE,NA,42.56565656565657,0.0725729370164383,TRUE,NA
liberal,Reliability,Between-person,All modalities,34,43.33333333333333,0.07001802696355808,TRUE,NA,43.33333333333333,0.07008957672231442,TRUE,NA
liberal,Reliability,Between-person,All modalities,35,44.101010101010104,0.0675372017657816,TRUE,NA,44.101010101010104,0.06760621642819042,TRUE,NA
liberal,Reliability,Between-person,All modalities,36,44.868686868686865,0.06505637656800523,TRUE,NA,44.868686868686865,0.06512285613406643,TRUE,NA
liberal,Reliability,Between-person,All modalities,37,45.63636363636363,0.06257555137022874,TRUE,NA,45.63636363636363,0.06263949583994255,TRUE,NA
liberal,Reliability,Between-person,All modalities,38,46.4040404040404,0.06009472617245237,TRUE,NA,46.4040404040404,0.060156135545818556,TRUE,NA
liberal,Reliability,Between-person,All modalities,39,47.17171717171717,0.05761390097467589,TRUE,NA,47.17171717171717,0.057672775251694564,TRUE,NA
liberal,Reliability,Between-person,All modalities,40,47.93939393939394,0.05513307577689952,TRUE,NA,47.93939393939394,0.05518941495757068,TRUE,NA
liberal,Reliability,Between-person,All modalities,41,48.707070707070706,0.05265225057912315,TRUE,NA,48.707070707070706,0.05270605466344669,TRUE,NA
liberal,Reliability,Between-person,All modalities,42,49.474747474747474,0.05017142538134667,TRUE,NA,49.474747474747474,0.050222694369322696,TRUE,NA
liberal,Reliability,Between-person,All modalities,43,50.24242424242424,0.0476906001835703,TRUE,NA,50.24242424242424,0.0477393340751987,TRUE,NA
liberal,Reliability,Between-person,All modalities,44,51.01010101010101,0.045209774985793816,TRUE,NA,51.01010101010101,0.04525597378107482,TRUE,NA
liberal,Reliability,Between-person,All modalities,45,51.77777777777778,0.042728949788017445,TRUE,NA,51.77777777777778,0.04277261348695083,TRUE,NA
liberal,Reliability,Between-person,All modalities,46,52.54545454545454,0.040248124590241074,TRUE,NA,52.54545454545454,0.040289253192826835,TRUE,NA
liberal,Reliability,Between-person,All modalities,47,53.31313131313131,0.03776729939246459,TRUE,NA,53.31313131313131,0.03780589289870295,TRUE,NA
liberal,Reliability,Between-person,All modalities,48,54.080808080808076,0.03528647419468822,TRUE,NA,54.080808080808076,0.03532253260457896,TRUE,NA
liberal,Reliability,Between-person,All modalities,49,54.848484848484844,0.03280564899691185,TRUE,NA,54.848484848484844,0.03283917231045497,TRUE,NA
liberal,Reliability,Between-person,All modalities,50,55.61616161616161,0.03032482379913537,TRUE,NA,55.61616161616161,0.030355812016331085,TRUE,NA
liberal,Reliability,Between-person,All modalities,51,56.38383838383838,0.027843998601359,TRUE,NA,56.38383838383838,0.027872451722207092,TRUE,NA
liberal,Reliability,Between-person,All modalities,52,57.15151515151515,0.025363173403582517,TRUE,NA,57.15151515151515,0.0253890914280831,TRUE,NA
liberal,Reliability,Between-person,All modalities,53,57.91919191919192,0.022882348205806147,TRUE,NA,57.91919191919192,0.022905731133959106,TRUE,NA
liberal,Reliability,Between-person,All modalities,54,58.686868686868685,0.020401523008029776,TRUE,NA,58.686868686868685,0.020422370839835224,TRUE,NA
liberal,Reliability,Between-person,All modalities,55,59.45454545454545,0.017920697810253294,TRUE,NA,59.45454545454545,0.01793901054571123,TRUE,NA
liberal,Reliability,Between-person,All modalities,56,60.22222222222222,0.015439872612476924,TRUE,NA,60.22222222222222,0.015455650251587238,TRUE,NA
liberal,Reliability,Between-person,All modalities,57,60.98989898989899,0.012959047414700442,TRUE,NA,60.98989898989899,0.012972289957463357,TRUE,NA
liberal,Reliability,Between-person,All modalities,58,61.75757575757576,0.010478222216924071,TRUE,NA,61.75757575757576,0.010488929663339364,TRUE,NA
liberal,Reliability,Between-person,All modalities,59,62.52525252525252,0.0079973970191477,TRUE,NA,62.52525252525252,0.00800556936921537,TRUE,NA
liberal,Reliability,Between-person,All modalities,60,63.29292929292929,0.005516571821371219,TRUE,NA,63.29292929292929,0.005522209075091489,TRUE,NA
liberal,Reliability,Between-person,All modalities,61,64.06060606060606,0.0030357466235948483,TRUE,NA,64.06060606060606,0.0030388487809674958,TRUE,NA
liberal,Reliability,Between-person,All modalities,62,64.82828282828282,5.549214258184776e-4,TRUE,NA,64.82828282828282,5.554884868435028e-4,TRUE,NA
liberal,Reliability,Between-person,All modalities,63,65.59595959595958,-0.001925903771958004,FALSE,older,65.59595959595958,-0.001927871807280379,FALSE,older
liberal,Reliability,Between-person,All modalities,64,66.36363636363636,-0.004406728969734375,FALSE,older,66.36363636363636,-0.004411232101404372,FALSE,older
liberal,Reliability,Between-person,All modalities,65,67.13131313131314,-0.0068875541675108565,FALSE,older,67.13131313131314,-0.006894592395528365,FALSE,older
liberal,Reliability,Between-person,All modalities,66,67.8989898989899,-0.009368379365287227,FALSE,older,67.8989898989899,-0.009377952689652358,FALSE,older
liberal,Reliability,Between-person,All modalities,67,68.66666666666666,-0.011849204563063598,FALSE,older,68.66666666666666,-0.01186131298377624,FALSE,older
liberal,Reliability,Between-person,All modalities,68,69.43434343434343,-0.01433002976084008,FALSE,older,69.43434343434343,-0.014344673277900233,FALSE,older
liberal,Reliability,Between-person,All modalities,69,70.20202020202021,-0.01681085495861656,FALSE,older,70.20202020202021,-0.016828033572024226,FALSE,older
liberal,Reliability,Between-person,All modalities,70,70.96969696969697,-0.019291680156392932,FALSE,older,70.96969696969697,-0.019311393866148108,FALSE,older
liberal,Reliability,Between-person,All modalities,71,71.73737373737373,-0.021772505354169303,FALSE,older,71.73737373737373,-0.0217947541602721,FALSE,older
liberal,Reliability,Between-person,All modalities,72,72.50505050505049,-0.024253330551945673,FALSE,older,72.50505050505049,-0.024278114454395983,FALSE,older
liberal,Reliability,Between-person,All modalities,73,73.27272727272727,-0.026734155749722155,FALSE,older,73.27272727272727,-0.026761474748519976,FALSE,older
liberal,Reliability,Between-person,All modalities,74,74.04040404040404,-0.029214980947498526,FALSE,older,74.04040404040404,-0.02924483504264397,FALSE,older
liberal,Reliability,Between-person,All modalities,75,74.8080808080808,-0.03169580614527501,FALSE,older,74.8080808080808,-0.03172819533676796,FALSE,older
liberal,Reliability,Between-person,All modalities,76,75.57575757575756,-0.03417663134305138,FALSE,older,75.57575757575756,-0.03421155563089184,FALSE,older
liberal,Reliability,Between-person,All modalities,77,76.34343434343434,-0.03665745654082775,FALSE,older,76.34343434343434,-0.036694915925015836,FALSE,older
liberal,Reliability,Between-person,All modalities,78,77.11111111111111,-0.03913828173860423,FALSE,older,77.11111111111111,-0.03917827621913983,FALSE,older
liberal,Reliability,Between-person,All modalities,79,77.87878787878788,-0.0416191069363806,FALSE,older,77.87878787878788,-0.04166163651326371,FALSE,older
liberal,Reliability,Between-person,All modalities,80,78.64646464646464,-0.04409993213415697,FALSE,older,78.64646464646464,-0.044144996807387704,FALSE,older
liberal,Reliability,Between-person,All modalities,81,79.41414141414141,-0.04658075733193345,FALSE,older,79.41414141414141,-0.0466283571015117,FALSE,older
liberal,Reliability,Between-person,All modalities,82,80.18181818181819,-0.049061582529709824,FALSE,older,80.18181818181819,-0.04911171739563569,FALSE,older
liberal,Reliability,Between-person,All modalities,83,80.94949494949495,-0.051542407727486306,FALSE,older,80.94949494949495,-0.05159507768975957,FALSE,older
liberal,Reliability,Between-person,All modalities,84,81.71717171717171,-0.054023232925262676,FALSE,older,81.71717171717171,-0.054078437983883565,FALSE,older
liberal,Reliability,Between-person,All modalities,85,82.48484848484848,-0.05650405812303905,FALSE,older,82.48484848484848,-0.05656179827800756,FALSE,older
liberal,Reliability,Between-person,All modalities,86,83.25252525252525,-0.05898488332081553,FALSE,older,83.25252525252525,-0.05904515857213144,FALSE,older
liberal,Reliability,Between-person,All modalities,87,84.02020202020202,-0.0614657085185919,FALSE,older,84.02020202020202,-0.06152851886625543,FALSE,older
liberal,Reliability,Between-person,All modalities,88,84.78787878787878,-0.06394653371636827,FALSE,older,84.78787878787878,-0.06401187916037943,FALSE,older
liberal,Reliability,Between-person,All modalities,89,85.55555555555556,-0.06642735891414475,FALSE,older,85.55555555555556,-0.06649523945450331,FALSE,older
liberal,Reliability,Between-person,All modalities,90,86.32323232323232,-0.06890818411192112,FALSE,older,86.32323232323232,-0.0689785997486273,FALSE,older
liberal,Reliability,Between-person,All modalities,91,87.09090909090908,-0.0713890093096975,FALSE,older,87.09090909090908,-0.0714619600427513,FALSE,older
liberal,Reliability,Between-person,All modalities,92,87.85858585858585,-0.07386983450747397,FALSE,older,87.85858585858585,-0.07394532033687518,FALSE,older
liberal,Reliability,Between-person,All modalities,93,88.62626262626262,-0.07635065970525035,FALSE,older,88.62626262626262,-0.07642868063099917,FALSE,older
liberal,Reliability,Between-person,All modalities,94,89.39393939393939,-0.07883148490302683,FALSE,older,89.39393939393939,-0.07891204092512316,FALSE,older
liberal,Reliability,Between-person,All modalities,95,90.16161616161615,-0.0813123101008032,FALSE,older,90.16161616161615,-0.08139540121924704,FALSE,older
liberal,Reliability,Between-person,All modalities,96,90.92929292929293,-0.08379313529857968,FALSE,older,90.92929292929293,-0.08387876151337104,FALSE,older
liberal,Reliability,Between-person,All modalities,97,91.69696969696969,-0.08627396049635605,FALSE,older,91.69696969696969,-0.08636212180749503,FALSE,older
liberal,Reliability,Between-person,All modalities,98,92.46464646464646,-0.08875478569413253,FALSE,older,92.46464646464646,-0.08884548210161902,FALSE,older
liberal,Reliability,Between-person,All modalities,99,93.23232323232322,-0.0912356108919089,FALSE,older,93.23232323232322,-0.0913288423957429,FALSE,older
liberal,Reliability,Between-person,All modalities,100,94,-0.09371643608968527,FALSE,older,94,-0.0938122026898669,FALSE,older
liberal,Confusability,Between-person,All modalities,1,18,-0.00038616289887899446,FALSE,young,18,-3.875512428935801e-4,FALSE,young
liberal,Confusability,Between-person,All modalities,2,18.767676767676768,-3.798554885383887e-4,FALSE,young,18.767676767676768,-3.812211559690304e-4,FALSE,young
liberal,Confusability,Between-person,All modalities,3,19.535353535353536,-3.735480781977829e-4,FALSE,young,19.535353535353536,-3.7489106904448066e-4,FALSE,young
liberal,Confusability,Between-person,All modalities,4,20.303030303030305,-3.672406678572049e-4,FALSE,young,20.303030303030305,-3.6856098211993094e-4,FALSE,young
liberal,Confusability,Between-person,All modalities,5,21.07070707070707,-3.609332575165991e-4,FALSE,young,21.07070707070707,-3.6223089519540896e-4,FALSE,young
liberal,Confusability,Between-person,All modalities,6,21.838383838383837,-3.546258471759933e-4,FALSE,young,21.838383838383837,-3.559008082708315e-4,FALSE,young
liberal,Confusability,Between-person,All modalities,7,22.606060606060606,-3.483184368354153e-4,FALSE,young,22.606060606060606,-3.495707213463095e-4,FALSE,young
liberal,Confusability,Between-person,All modalities,8,23.373737373737374,-3.420110264948095e-4,FALSE,young,23.373737373737374,-3.432406344217598e-4,FALSE,young
liberal,Confusability,Between-person,All modalities,9,24.141414141414142,-3.3570361615420374e-4,FALSE,young,24.141414141414142,-3.3691054749721006e-4,FALSE,young
liberal,Confusability,Between-person,All modalities,10,24.909090909090907,-3.293962058136257e-4,FALSE,young,24.909090909090907,-3.3058046057266033e-4,FALSE,young
liberal,Confusability,Between-person,All modalities,11,25.676767676767675,-3.230887954729922e-4,FALSE,young,25.676767676767675,-3.242503736481106e-4,FALSE,young
liberal,Confusability,Between-person,All modalities,12,26.444444444444443,-3.1678138513241416e-4,FALSE,young,26.444444444444443,-3.1792028672358863e-4,FALSE,young
liberal,Confusability,Between-person,All modalities,13,27.21212121212121,-3.104739747918084e-4,FALSE,young,27.21212121212121,-3.1159019979901115e-4,FALSE,young
liberal,Confusability,Between-person,All modalities,14,27.97979797979798,-3.041665644512026e-4,FALSE,young,27.97979797979798,-3.052601128744892e-4,FALSE,young
liberal,Confusability,Between-person,All modalities,15,28.747474747474747,-2.978591541106246e-4,FALSE,young,28.747474747474747,-2.9893002594993945e-4,FALSE,young
liberal,Confusability,Between-person,All modalities,16,29.515151515151516,-2.915517437700188e-4,TRUE,NA,29.515151515151516,-2.925999390253897e-4,TRUE,NA
liberal,Confusability,Between-person,All modalities,17,30.282828282828284,-2.85244333429413e-4,TRUE,NA,30.282828282828284,-2.8626985210084e-4,TRUE,NA
liberal,Confusability,Between-person,All modalities,18,31.050505050505052,-2.78936923088835e-4,TRUE,NA,31.050505050505052,-2.7993976517629027e-4,TRUE,NA
liberal,Confusability,Between-person,All modalities,19,31.818181818181817,-2.726295127482292e-4,TRUE,NA,31.818181818181817,-2.736096782517683e-4,TRUE,NA
liberal,Confusability,Between-person,All modalities,20,32.58585858585859,-2.6632210240762344e-4,TRUE,NA,32.58585858585859,-2.672795913271908e-4,TRUE,NA
liberal,Confusability,Between-person,All modalities,21,33.35353535353535,-2.600146920670454e-4,TRUE,NA,33.35353535353535,-2.6094950440266884e-4,TRUE,NA
liberal,Confusability,Between-person,All modalities,22,34.121212121212125,-2.537072817264119e-4,TRUE,NA,34.121212121212125,-2.546194174781191e-4,TRUE,NA
liberal,Confusability,Between-person,All modalities,23,34.888888888888886,-2.4739987138583386e-4,TRUE,NA,34.888888888888886,-2.482893305535694e-4,TRUE,NA
liberal,Confusability,Between-person,All modalities,24,35.656565656565654,-2.4109246104522808e-4,TRUE,NA,35.656565656565654,-2.4195924362901966e-4,TRUE,NA
liberal,Confusability,Between-person,All modalities,25,36.42424242424242,-2.347850507046223e-4,TRUE,NA,36.42424242424242,-2.3562915670446993e-4,TRUE,NA
liberal,Confusability,Between-person,All modalities,26,37.19191919191919,-2.2847764036404428e-4,TRUE,NA,37.19191919191919,-2.292990697799202e-4,TRUE,NA
liberal,Confusability,Between-person,All modalities,27,37.95959595959596,-2.221702300234385e-4,TRUE,NA,37.95959595959596,-2.2296898285537048e-4,TRUE,NA
liberal,Confusability,Between-person,All modalities,28,38.72727272727273,-2.1586281968283272e-4,TRUE,NA,38.72727272727273,-2.166388959308485e-4,TRUE,NA
liberal,Confusability,Between-person,All modalities,29,39.494949494949495,-2.095554093422547e-4,TRUE,NA,39.494949494949495,-2.1030880900627102e-4,TRUE,NA
liberal,Confusability,Between-person,All modalities,30,40.262626262626256,-2.0324799900164892e-4,TRUE,NA,40.262626262626256,-2.0397872208174905e-4,TRUE,NA
liberal,Confusability,Between-person,All modalities,31,41.03030303030303,-1.9694058866104314e-4,TRUE,NA,41.03030303030303,-1.9764863515719933e-4,TRUE,NA
liberal,Confusability,Between-person,All modalities,32,41.79797979797979,-1.906331783204651e-4,TRUE,NA,41.79797979797979,-1.913185482326496e-4,TRUE,NA
liberal,Confusability,Between-person,All modalities,33,42.56565656565657,-1.8432576797983158e-4,TRUE,NA,42.56565656565657,-1.8498846130809987e-4,TRUE,NA
liberal,Confusability,Between-person,All modalities,34,43.33333333333333,-1.7801835763925355e-4,TRUE,NA,43.33333333333333,-1.7865837438355014e-4,TRUE,NA
liberal,Confusability,Between-person,All modalities,35,44.101010101010104,-1.7171094729864778e-4,TRUE,NA,44.101010101010104,-1.7232828745902817e-4,TRUE,NA
liberal,Confusability,Between-person,All modalities,36,44.868686868686865,-1.65403536958042e-4,TRUE,NA,44.868686868686865,-1.659982005344507e-4,TRUE,NA
liberal,Confusability,Between-person,All modalities,37,45.63636363636363,-1.5909612661746397e-4,TRUE,NA,45.63636363636363,-1.5966811360992872e-4,TRUE,NA
liberal,Confusability,Between-person,All modalities,38,46.4040404040404,-1.527887162768582e-4,TRUE,NA,46.4040404040404,-1.53338026685379e-4,TRUE,NA
liberal,Confusability,Between-person,All modalities,39,47.17171717171717,-1.4648130593625242e-4,TRUE,NA,47.17171717171717,-1.4700793976082926e-4,TRUE,NA
liberal,Confusability,Between-person,All modalities,40,47.93939393939394,-1.401738955956744e-4,TRUE,NA,47.93939393939394,-1.4067785283627954e-4,TRUE,NA
liberal,Confusability,Between-person,All modalities,41,48.707070707070706,-1.338664852550686e-4,TRUE,NA,48.707070707070706,-1.343477659117298e-4,TRUE,NA
liberal,Confusability,Between-person,All modalities,42,49.474747474747474,-1.2755907491446283e-4,TRUE,NA,49.474747474747474,-1.2801767898720784e-4,TRUE,NA
liberal,Confusability,Between-person,All modalities,43,50.24242424242424,-1.2125166457388481e-4,TRUE,NA,50.24242424242424,-1.2168759206263036e-4,TRUE,NA
liberal,Confusability,Between-person,All modalities,44,51.01010101010101,-1.1494425423325128e-4,TRUE,NA,51.01010101010101,-1.1535750513810838e-4,TRUE,NA
liberal,Confusability,Between-person,All modalities,45,51.77777777777778,-1.0863684389267325e-4,TRUE,NA,51.77777777777778,-1.0902741821355866e-4,TRUE,NA
liberal,Confusability,Between-person,All modalities,46,52.54545454545454,-1.0232943355206747e-4,TRUE,NA,52.54545454545454,-1.0269733128900893e-4,TRUE,NA
liberal,Confusability,Between-person,All modalities,47,53.31313131313131,-9.60220232114617e-5,TRUE,NA,53.31313131313131,-9.63672443644592e-5,TRUE,NA
liberal,Confusability,Between-person,All modalities,48,54.080808080808076,-8.971461287088367e-5,TRUE,NA,54.080808080808076,-9.003715743990948e-5,TRUE,NA
liberal,Confusability,Between-person,All modalities,49,54.848484848484844,-8.340720253027789e-5,TRUE,NA,54.848484848484844,-8.370707051535975e-5,TRUE,NA
liberal,Confusability,Between-person,All modalities,50,55.61616161616161,-7.709979218967211e-5,TRUE,NA,55.61616161616161,-7.737698359081002e-5,TRUE,NA
liberal,Confusability,Between-person,All modalities,51,56.38383838383838,-7.079238184909409e-5,TRUE,NA,56.38383838383838,-7.104689666628805e-5,TRUE,NA
liberal,Confusability,Between-person,All modalities,52,57.15151515151515,-6.448497150848831e-5,TRUE,NA,57.15151515151515,-6.471680974173832e-5,TRUE,NA
liberal,Confusability,Between-person,All modalities,53,57.91919191919192,-5.817756116788253e-5,TRUE,NA,57.91919191919192,-5.8386722817188597e-5,TRUE,NA
liberal,Confusability,Between-person,All modalities,54,58.686868686868685,-5.1870150827304506e-5,TRUE,NA,58.686868686868685,-5.205663589263887e-5,TRUE,NA
liberal,Confusability,Between-person,All modalities,55,59.45454545454545,-4.556274048667097e-5,TRUE,NA,59.45454545454545,-4.572654896808914e-5,TRUE,NA
liberal,Confusability,Between-person,All modalities,56,60.22222222222222,-3.925533014609295e-5,TRUE,NA,60.22222222222222,-3.9396462043539415e-5,TRUE,NA
liberal,Confusability,Between-person,All modalities,57,60.98989898989899,-3.294791980548717e-5,TRUE,NA,60.98989898989899,-3.306637511898969e-5,TRUE,NA
liberal,Confusability,Between-person,All modalities,58,61.75757575757576,-2.664050946488139e-5,TRUE,NA,61.75757575757576,-2.6736288194467717e-5,TRUE,NA
liberal,Confusability,Between-person,All modalities,59,62.52525252525252,-2.0333099124303367e-5,TRUE,NA,62.52525252525252,-2.0406201269890234e-5,TRUE,NA
liberal,Confusability,Between-person,All modalities,60,63.29292929292929,-1.4025688783697587e-5,TRUE,NA,63.29292929292929,-1.4076114345368262e-5,TRUE,NA
liberal,Confusability,Between-person,All modalities,61,64.06060606060606,-7.718278443091808e-6,TRUE,NA,64.06060606060606,-7.746027420818535e-6,TRUE,NA
liberal,Confusability,Between-person,All modalities,62,64.82828282828282,-1.4108681025137848e-6,TRUE,NA,64.82828282828282,-1.4159404962688082e-6,TRUE,NA
liberal,Confusability,Between-person,All modalities,63,65.59595959595958,4.896542238091994e-6,FALSE,older,65.59595959595958,4.914146428280919e-6,FALSE,older
liberal,Confusability,Between-person,All modalities,64,66.36363636363636,1.1203952578697773e-5,FALSE,older,66.36363636363636,1.1244233352830646e-5,FALSE,older
liberal,Confusability,Between-person,All modalities,65,67.13131313131314,1.7511362919275797e-5,FALSE,older,67.13131313131314,1.7574320277352617e-5,FALSE,older
liberal,Confusability,Between-person,All modalities,66,67.8989898989899,2.381877325990933e-5,FALSE,older,67.8989898989899,2.39044072019301e-5,FALSE,older
liberal,Confusability,Between-person,All modalities,67,68.66666666666666,3.0126183600487355e-5,FALSE,older,68.66666666666666,3.023449412645207e-5,FALSE,older
liberal,Confusability,Between-person,All modalities,68,69.43434343434343,3.6433593941093134e-5,FALSE,older,69.43434343434343,3.65645810510018e-5,FALSE,older
liberal,Confusability,Between-person,All modalities,69,70.20202020202021,4.274100428169891e-5,FALSE,older,70.20202020202021,4.2894667975551526e-5,FALSE,older
liberal,Confusability,Between-person,All modalities,70,70.96969696969697,4.904841462227694e-5,FALSE,older,70.96969696969697,4.922475490010125e-5,FALSE,older
liberal,Confusability,Between-person,All modalities,71,71.73737373737373,5.5355824962882716e-5,FALSE,older,71.73737373737373,5.555484182465098e-5,FALSE,older
liberal,Confusability,Between-person,All modalities,72,72.50505050505049,6.16632353034885e-5,FALSE,older,72.50505050505049,6.188492874917295e-5,FALSE,older
liberal,Confusability,Between-person,All modalities,73,73.27272727272727,6.797064564406652e-5,FALSE,older,73.27272727272727,6.821501567375043e-5,FALSE,older
liberal,Confusability,Between-person,All modalities,74,74.04040404040404,7.42780559846723e-5,FALSE,older,74.04040404040404,7.45451025982724e-5,FALSE,older
liberal,Confusability,Between-person,All modalities,75,74.8080808080808,8.058546632527808e-5,FALSE,older,74.8080808080808,8.087518952282213e-5,FALSE,older
liberal,Confusability,Between-person,All modalities,76,75.57575757575756,8.68928766658561e-5,FALSE,older,75.57575757575756,8.720527644737186e-5,FALSE,older
liberal,Confusability,Between-person,All modalities,77,76.34343434343434,9.320028700646188e-5,FALSE,older,76.34343434343434,9.353536337192159e-5,FALSE,older
liberal,Confusability,Between-person,All modalities,78,77.11111111111111,9.950769734706766e-5,FALSE,older,77.11111111111111,9.986545029647131e-5,FALSE,older
liberal,Confusability,Between-person,All modalities,79,77.87878787878788,1.0581510768767344e-4,FALSE,older,77.87878787878788,1.0619553722102104e-4,FALSE,older
liberal,Confusability,Between-person,All modalities,80,78.64646464646464,1.1212251802827922e-4,FALSE,older,78.64646464646464,1.1252562414557077e-4,FALSE,older
liberal,Confusability,Between-person,All modalities,81,79.41414141414141,1.1842992836885724e-4,FALSE,older,79.41414141414141,1.1885571107009274e-4,FALSE,older
liberal,Confusability,Between-person,All modalities,82,80.18181818181819,1.2473733870946302e-4,FALSE,older,80.18181818181819,1.2518579799467022e-4,FALSE,older
liberal,Confusability,Between-person,All modalities,83,80.94949494949495,1.310447490500688e-4,FALSE,older,80.94949494949495,1.315158849191922e-4,FALSE,older
liberal,Confusability,Between-person,All modalities,84,81.71717171717171,1.3735215939064682e-4,FALSE,older,81.71717171717171,1.3784597184374192e-4,FALSE,older
liberal,Confusability,Between-person,All modalities,85,82.48484848484848,1.436595697312526e-4,FALSE,older,82.48484848484848,1.4417605876829165e-4,FALSE,older
liberal,Confusability,Between-person,All modalities,86,83.25252525252525,1.4996698007185838e-4,FALSE,older,83.25252525252525,1.5050614569284138e-4,FALSE,older
liberal,Confusability,Between-person,All modalities,87,84.02020202020202,1.562743904124364e-4,FALSE,older,84.02020202020202,1.568362326173911e-4,FALSE,older
liberal,Confusability,Between-person,All modalities,88,84.78787878787878,1.6258180075304218e-4,FALSE,older,84.78787878787878,1.6316631954191307e-4,FALSE,older
liberal,Confusability,Between-person,All modalities,89,85.55555555555556,1.6888921109364796e-4,FALSE,older,85.55555555555556,1.6949640646649056e-4,FALSE,older
liberal,Confusability,Between-person,All modalities,90,86.32323232323232,1.7519662143425374e-4,FALSE,older,86.32323232323232,1.7582649339101253e-4,FALSE,older
liberal,Confusability,Between-person,All modalities,91,87.09090909090908,1.8150403177485952e-4,FALSE,older,87.09090909090908,1.8215658031556226e-4,FALSE,older
liberal,Confusability,Between-person,All modalities,92,87.85858585858585,1.8781144211543754e-4,FALSE,older,87.85858585858585,1.8848666724011198e-4,FALSE,older
liberal,Confusability,Between-person,All modalities,93,88.62626262626262,1.9411885245604332e-4,FALSE,older,88.62626262626262,1.948167541646617e-4,FALSE,older
liberal,Confusability,Between-person,All modalities,94,89.39393939393939,2.004262627966491e-4,FALSE,older,89.39393939393939,2.0114684108921144e-4,FALSE,older
liberal,Confusability,Between-person,All modalities,95,90.16161616161615,2.0673367313722713e-4,FALSE,older,90.16161616161615,2.074769280137334e-4,FALSE,older
liberal,Confusability,Between-person,All modalities,96,90.92929292929293,2.130410834778329e-4,FALSE,older,90.92929292929293,2.138070149383109e-4,FALSE,older
liberal,Confusability,Between-person,All modalities,97,91.69696969696969,2.1934849381843868e-4,FALSE,older,91.69696969696969,2.2013710186283286e-4,FALSE,older
liberal,Confusability,Between-person,All modalities,98,92.46464646464646,2.256559041590167e-4,FALSE,older,92.46464646464646,2.264671887873826e-4,FALSE,older
liberal,Confusability,Between-person,All modalities,99,93.23232323232322,2.3196331449962249e-4,FALSE,older,93.23232323232322,2.3279727571193232e-4,FALSE,older
liberal,Confusability,Between-person,All modalities,100,94,2.3827072484022827e-4,FALSE,older,94,2.3912736263648204e-4,FALSE,older
liberal,Distinctiveness,Between-person,All modalities,1,18,0.1544200156467146,FALSE,young,18,0.15458980149434398,FALSE,young
liberal,Distinctiveness,Between-person,All modalities,2,18.767676767676768,0.15189778887062388,FALSE,young,18.767676767676768,0.15206480151291912,FALSE,young
liberal,Distinctiveness,Between-person,All modalities,3,19.535353535353536,0.14937556209453307,FALSE,young,19.535353535353536,0.14953980153149415,FALSE,young
liberal,Distinctiveness,Between-person,All modalities,4,20.303030303030305,0.14685333531844236,FALSE,young,20.303030303030305,0.14701480155006919,FALSE,young
liberal,Distinctiveness,Between-person,All modalities,5,21.07070707070707,0.14433110854235154,FALSE,young,21.07070707070707,0.14448980156864433,FALSE,young
liberal,Distinctiveness,Between-person,All modalities,6,21.838383838383837,0.14180888176626083,FALSE,young,21.838383838383837,0.14196480158721947,FALSE,young
liberal,Distinctiveness,Between-person,All modalities,7,22.606060606060606,0.13928665499017,FALSE,young,22.606060606060606,0.1394398016057945,FALSE,young
liberal,Distinctiveness,Between-person,All modalities,8,23.373737373737374,0.1367644282140793,FALSE,young,23.373737373737374,0.13691480162436953,FALSE,young
liberal,Distinctiveness,Between-person,All modalities,9,24.141414141414142,0.13424220143798848,FALSE,young,24.141414141414142,0.13438980164294467,FALSE,young
liberal,Distinctiveness,Between-person,All modalities,10,24.909090909090907,0.13171997466189778,FALSE,young,24.909090909090907,0.1318648016615197,FALSE,young
liberal,Distinctiveness,Between-person,All modalities,11,25.676767676767675,0.12919774788580696,FALSE,young,25.676767676767675,0.12933980168009485,FALSE,young
liberal,Distinctiveness,Between-person,All modalities,12,26.444444444444443,0.12667552110971625,FALSE,young,26.444444444444443,0.12681480169866988,FALSE,young
liberal,Distinctiveness,Between-person,All modalities,13,27.21212121212121,0.12415329433362554,FALSE,young,27.21212121212121,0.12428980171724502,FALSE,young
liberal,Distinctiveness,Between-person,All modalities,14,27.97979797979798,0.12163106755753472,FALSE,young,27.97979797979798,0.12176480173582005,FALSE,young
liberal,Distinctiveness,Between-person,All modalities,15,28.747474747474747,0.11910884078144401,FALSE,young,28.747474747474747,0.11923980175439519,FALSE,young
liberal,Distinctiveness,Between-person,All modalities,16,29.515151515151516,0.1165866140053532,TRUE,NA,29.515151515151516,0.11671480177297022,TRUE,NA
liberal,Distinctiveness,Between-person,All modalities,17,30.282828282828284,0.11406438722926249,TRUE,NA,30.282828282828284,0.11418980179154525,TRUE,NA
liberal,Distinctiveness,Between-person,All modalities,18,31.050505050505052,0.11154216045317167,TRUE,NA,31.050505050505052,0.1116648018101204,TRUE,NA
liberal,Distinctiveness,Between-person,All modalities,19,31.818181818181817,0.10901993367708096,TRUE,NA,31.818181818181817,0.10913980182869554,TRUE,NA
liberal,Distinctiveness,Between-person,All modalities,20,32.58585858585859,0.10649770690099014,TRUE,NA,32.58585858585859,0.10661480184727057,TRUE,NA
liberal,Distinctiveness,Between-person,All modalities,21,33.35353535353535,0.10397548012489943,TRUE,NA,33.35353535353535,0.1040898018658456,TRUE,NA
liberal,Distinctiveness,Between-person,All modalities,22,34.121212121212125,0.10145325334880861,TRUE,NA,34.121212121212125,0.10156480188442074,TRUE,NA
liberal,Distinctiveness,Between-person,All modalities,23,34.888888888888886,0.0989310265727179,TRUE,NA,34.888888888888886,0.09903980190299577,TRUE,NA
liberal,Distinctiveness,Between-person,All modalities,24,35.656565656565654,0.09640879979662709,TRUE,NA,35.656565656565654,0.09651480192157091,TRUE,NA
liberal,Distinctiveness,Between-person,All modalities,25,36.42424242424242,0.09388657302053638,TRUE,NA,36.42424242424242,0.09398980194014595,TRUE,NA
liberal,Distinctiveness,Between-person,All modalities,26,37.19191919191919,0.09136434624444556,TRUE,NA,37.19191919191919,0.09146480195872109,TRUE,NA
liberal,Distinctiveness,Between-person,All modalities,27,37.95959595959596,0.08884211946835485,TRUE,NA,37.95959595959596,0.08893980197729612,TRUE,NA
liberal,Distinctiveness,Between-person,All modalities,28,38.72727272727273,0.08631989269226403,TRUE,NA,38.72727272727273,0.08641480199587126,TRUE,NA
liberal,Distinctiveness,Between-person,All modalities,29,39.494949494949495,0.08379766591617333,TRUE,NA,39.494949494949495,0.08388980201444629,TRUE,NA
liberal,Distinctiveness,Between-person,All modalities,30,40.262626262626256,0.08127543914008262,TRUE,NA,40.262626262626256,0.08136480203302143,TRUE,NA
liberal,Distinctiveness,Between-person,All modalities,31,41.03030303030303,0.0787532123639918,TRUE,NA,41.03030303030303,0.07883980205159646,TRUE,NA
liberal,Distinctiveness,Between-person,All modalities,32,41.79797979797979,0.07623098558790109,TRUE,NA,41.79797979797979,0.0763148020701716,TRUE,NA
liberal,Distinctiveness,Between-person,All modalities,33,42.56565656565657,0.07370875881181027,TRUE,NA,42.56565656565657,0.07378980208874664,TRUE,NA
liberal,Distinctiveness,Between-person,All modalities,34,43.33333333333333,0.07118653203571956,TRUE,NA,43.33333333333333,0.07126480210732167,TRUE,NA
liberal,Distinctiveness,Between-person,All modalities,35,44.101010101010104,0.06866430525962874,TRUE,NA,44.101010101010104,0.06873980212589681,TRUE,NA
liberal,Distinctiveness,Between-person,All modalities,36,44.868686868686865,0.06614207848353804,TRUE,NA,44.868686868686865,0.06621480214447184,TRUE,NA
liberal,Distinctiveness,Between-person,All modalities,37,45.63636363636363,0.06361985170744722,TRUE,NA,45.63636363636363,0.06368980216304698,TRUE,NA
liberal,Distinctiveness,Between-person,All modalities,38,46.4040404040404,0.06109762493135651,TRUE,NA,46.4040404040404,0.06116480218162201,TRUE,NA
liberal,Distinctiveness,Between-person,All modalities,39,47.17171717171717,0.05857539815526569,TRUE,NA,47.17171717171717,0.058639802200197155,TRUE,NA
liberal,Distinctiveness,Between-person,All modalities,40,47.93939393939394,0.05605317137917498,TRUE,NA,47.93939393939394,0.056114802218772186,TRUE,NA
liberal,Distinctiveness,Between-person,All modalities,41,48.707070707070706,0.05353094460308416,TRUE,NA,48.707070707070706,0.05358980223734733,TRUE,NA
liberal,Distinctiveness,Between-person,All modalities,42,49.474747474747474,0.051008717826993455,TRUE,NA,49.474747474747474,0.05106480225592236,TRUE,NA
liberal,Distinctiveness,Between-person,All modalities,43,50.24242424242424,0.048486491050902636,TRUE,NA,50.24242424242424,0.04853980227449739,TRUE,NA
liberal,Distinctiveness,Between-person,All modalities,44,51.01010101010101,0.04596426427481193,TRUE,NA,51.01010101010101,0.04601480229307253,TRUE,NA
liberal,Distinctiveness,Between-person,All modalities,45,51.77777777777778,0.04344203749872111,TRUE,NA,51.77777777777778,0.04348980231164756,TRUE,NA
liberal,Distinctiveness,Between-person,All modalities,46,52.54545454545454,0.0409198107226304,TRUE,NA,52.54545454545454,0.040964802330222705,TRUE,NA
liberal,Distinctiveness,Between-person,All modalities,47,53.31313131313131,0.03839758394653958,TRUE,NA,53.31313131313131,0.038439802348797736,TRUE,NA
liberal,Distinctiveness,Between-person,All modalities,48,54.080808080808076,0.035875357170448874,TRUE,NA,54.080808080808076,0.03591480236737288,TRUE,NA
liberal,Distinctiveness,Between-person,All modalities,49,54.848484848484844,0.033353130394358055,TRUE,NA,54.848484848484844,0.03338980238594791,TRUE,NA
liberal,Distinctiveness,Between-person,All modalities,50,55.61616161616161,0.030830903618267347,TRUE,NA,55.61616161616161,0.03086480240452305,TRUE,NA
liberal,Distinctiveness,Between-person,All modalities,51,56.38383838383838,0.028308676842176528,TRUE,NA,56.38383838383838,0.02833980242309808,TRUE,NA
liberal,Distinctiveness,Between-person,All modalities,52,57.15151515151515,0.02578645006608582,TRUE,NA,57.15151515151515,0.025814802441673224,TRUE,NA
liberal,Distinctiveness,Between-person,All modalities,53,57.91919191919192,0.023264223289995,TRUE,NA,57.91919191919192,0.023289802460248255,TRUE,NA
liberal,Distinctiveness,Between-person,All modalities,54,58.686868686868685,0.020741996513904293,TRUE,NA,58.686868686868685,0.020764802478823396,TRUE,NA
liberal,Distinctiveness,Between-person,All modalities,55,59.45454545454545,0.018219769737813474,TRUE,NA,59.45454545454545,0.018239802497398427,TRUE,NA
liberal,Distinctiveness,Between-person,All modalities,56,60.22222222222222,0.015697542961722766,TRUE,NA,60.22222222222222,0.01571480251597346,TRUE,NA
liberal,Distinctiveness,Between-person,All modalities,57,60.98989898989899,0.013175316185631947,TRUE,NA,60.98989898989899,0.0131898025345486,TRUE,NA
liberal,Distinctiveness,Between-person,All modalities,58,61.75757575757576,0.010653089409541239,TRUE,NA,61.75757575757576,0.010664802553123631,TRUE,NA
liberal,Distinctiveness,Between-person,All modalities,59,62.52525252525252,0.00813086263345053,TRUE,NA,62.52525252525252,0.008139802571698773,TRUE,NA
liberal,Distinctiveness,Between-person,All modalities,60,63.29292929292929,0.005608635857359712,TRUE,NA,63.29292929292929,0.005614802590273804,TRUE,NA
liberal,Distinctiveness,Between-person,All modalities,61,64.06060606060606,0.0030864090812690037,TRUE,NA,64.06060606060606,0.003089802608848946,TRUE,NA
liberal,Distinctiveness,Between-person,All modalities,62,64.82828282828282,5.641823051782957e-4,TRUE,NA,64.82828282828282,5.64802627424088e-4,TRUE,NA
liberal,Distinctiveness,Between-person,All modalities,63,65.59595959595958,-0.0019580444709125233,FALSE,older,65.59595959595958,-0.001960197354000881,FALSE,older
liberal,Distinctiveness,Between-person,All modalities,64,66.36363636363636,-0.004480271247003231,FALSE,older,66.36363636363636,-0.00448519733542585,FALSE,older
liberal,Distinctiveness,Between-person,All modalities,65,67.13131313131314,-0.00700249802309405,FALSE,older,67.13131313131314,-0.007010197316850708,FALSE,older
liberal,Distinctiveness,Between-person,All modalities,66,67.8989898989899,-0.009524724799184758,FALSE,older,67.8989898989899,-0.009535197298275677,FALSE,older
liberal,Distinctiveness,Between-person,All modalities,67,68.66666666666666,-0.012046951575275577,FALSE,older,68.66666666666666,-0.012060197279700535,FALSE,older
liberal,Distinctiveness,Between-person,All modalities,68,69.43434343434343,-0.014569178351366285,FALSE,older,69.43434343434343,-0.014585197261125504,FALSE,older
liberal,Distinctiveness,Between-person,All modalities,69,70.20202020202021,-0.017091405127457104,FALSE,older,70.20202020202021,-0.017110197242550473,FALSE,older
liberal,Distinctiveness,Between-person,All modalities,70,70.96969696969697,-0.019613631903547812,FALSE,older,70.96969696969697,-0.01963519722397533,FALSE,older
liberal,Distinctiveness,Between-person,All modalities,71,71.73737373737373,-0.02213585867963863,FALSE,older,71.73737373737373,-0.02216019720540019,FALSE,older
liberal,Distinctiveness,Between-person,All modalities,72,72.50505050505049,-0.02465808545572934,FALSE,older,72.50505050505049,-0.02468519718682516,FALSE,older
liberal,Distinctiveness,Between-person,All modalities,73,73.27272727272727,-0.02718031223182016,FALSE,older,73.27272727272727,-0.027210197168250017,FALSE,older
liberal,Distinctiveness,Between-person,All modalities,74,74.04040404040404,-0.029702539007910866,FALSE,older,74.04040404040404,-0.029735197149674986,FALSE,older
liberal,Distinctiveness,Between-person,All modalities,75,74.8080808080808,-0.032224765784001685,FALSE,older,74.8080808080808,-0.032260197131099844,FALSE,older
liberal,Distinctiveness,Between-person,All modalities,76,75.57575757575756,-0.034746992560092393,FALSE,older,75.57575757575756,-0.03478519711252481,FALSE,older
liberal,Distinctiveness,Between-person,All modalities,77,76.34343434343434,-0.03726921933618321,FALSE,older,76.34343434343434,-0.03731019709394978,FALSE,older
liberal,Distinctiveness,Between-person,All modalities,78,77.11111111111111,-0.03979144611227392,FALSE,older,77.11111111111111,-0.03983519707537464,FALSE,older
liberal,Distinctiveness,Between-person,All modalities,79,77.87878787878788,-0.04231367288836463,FALSE,older,77.87878787878788,-0.04236019705679961,FALSE,older
liberal,Distinctiveness,Between-person,All modalities,80,78.64646464646464,-0.044835899664455336,FALSE,older,78.64646464646464,-0.04488519703822447,FALSE,older
liberal,Distinctiveness,Between-person,All modalities,81,79.41414141414141,-0.047358126440546156,FALSE,older,79.41414141414141,-0.047410197019649436,FALSE,older
liberal,Distinctiveness,Between-person,All modalities,82,80.18181818181819,-0.049880353216636975,FALSE,older,80.18181818181819,-0.049935197001074405,FALSE,older
liberal,Distinctiveness,Between-person,All modalities,83,80.94949494949495,-0.05240257999272768,FALSE,older,80.94949494949495,-0.05246019698249926,FALSE,older
liberal,Distinctiveness,Between-person,All modalities,84,81.71717171717171,-0.05492480676881839,FALSE,older,81.71717171717171,-0.05498519696392412,FALSE,older
liberal,Distinctiveness,Between-person,All modalities,85,82.48484848484848,-0.05744703354490921,FALSE,older,82.48484848484848,-0.05751019694534909,FALSE,older
liberal,Distinctiveness,Between-person,All modalities,86,83.25252525252525,-0.05996926032099992,FALSE,older,83.25252525252525,-0.06003519692677395,FALSE,older
liberal,Distinctiveness,Between-person,All modalities,87,84.02020202020202,-0.06249148709709074,FALSE,older,84.02020202020202,-0.06256019690819892,FALSE,older
liberal,Distinctiveness,Between-person,All modalities,88,84.78787878787878,-0.06501371387318144,FALSE,older,84.78787878787878,-0.06508519688962378,FALSE,older
liberal,Distinctiveness,Between-person,All modalities,89,85.55555555555556,-0.06753594064927226,FALSE,older,85.55555555555556,-0.06761019687104874,FALSE,older
liberal,Distinctiveness,Between-person,All modalities,90,86.32323232323232,-0.07005816742536297,FALSE,older,86.32323232323232,-0.07013519685247371,FALSE,older
liberal,Distinctiveness,Between-person,All modalities,91,87.09090909090908,-0.07258039420145379,FALSE,older,87.09090909090908,-0.07266019683389857,FALSE,older
liberal,Distinctiveness,Between-person,All modalities,92,87.85858585858585,-0.0751026209775445,FALSE,older,87.85858585858585,-0.07518519681532354,FALSE,older
liberal,Distinctiveness,Between-person,All modalities,93,88.62626262626262,-0.07762484775363532,FALSE,older,88.62626262626262,-0.0777101967967484,FALSE,older
liberal,Distinctiveness,Between-person,All modalities,94,89.39393939393939,-0.08014707452972603,FALSE,older,89.39393939393939,-0.08023519677817337,FALSE,older
liberal,Distinctiveness,Between-person,All modalities,95,90.16161616161615,-0.08266930130581684,FALSE,older,90.16161616161615,-0.08276019675959823,FALSE,older
liberal,Distinctiveness,Between-person,All modalities,96,90.92929292929293,-0.08519152808190755,FALSE,older,90.92929292929293,-0.0852851967410232,FALSE,older
liberal,Distinctiveness,Between-person,All modalities,97,91.69696969696969,-0.08771375485799837,FALSE,older,91.69696969696969,-0.08781019672244805,FALSE,older
liberal,Distinctiveness,Between-person,All modalities,98,92.46464646464646,-0.09023598163408908,FALSE,older,92.46464646464646,-0.09033519670387302,FALSE,older
liberal,Distinctiveness,Between-person,All modalities,99,93.23232323232322,-0.0927582084101799,FALSE,older,93.23232323232322,-0.09286019668529788,FALSE,older
liberal,Distinctiveness,Between-person,All modalities,100,94,-0.0952804351862706,FALSE,older,94,-0.09538519666672285,FALSE,older
liberal,Reliability,Between-person,Auditory,1,18,0.20582337687035013,FALSE,young,18,0.20590347642989326,FALSE,young
liberal,Reliability,Between-person,Auditory,2,18.767676767676768,0.2024615508135812,FALSE,young,18.767676767676768,0.20254034206310367,FALSE,young
liberal,Reliability,Between-person,Auditory,3,19.535353535353536,0.19909972475681204,FALSE,young,19.535353535353536,0.19917720769631408,FALSE,young
liberal,Reliability,Between-person,Auditory,4,20.303030303030305,0.19573789870004288,FALSE,young,20.303030303030305,0.1958140733295245,FALSE,young
liberal,Reliability,Between-person,Auditory,5,21.07070707070707,0.19237607264327372,FALSE,young,21.07070707070707,0.1924509389627349,FALSE,young
liberal,Reliability,Between-person,Auditory,6,21.838383838383837,0.18901424658650479,FALSE,young,21.838383838383837,0.18908780459594543,FALSE,young
liberal,Reliability,Between-person,Auditory,7,22.606060606060606,0.18565242052973563,FALSE,young,22.606060606060606,0.18572467022915584,FALSE,young
liberal,Reliability,Between-person,Auditory,8,23.373737373737374,0.18229059447296647,FALSE,young,23.373737373737374,0.18236153586236625,FALSE,young
liberal,Reliability,Between-person,Auditory,9,24.141414141414142,0.17892876841619731,FALSE,young,24.141414141414142,0.17899840149557666,FALSE,young
liberal,Reliability,Between-person,Auditory,10,24.909090909090907,0.17556694235942838,FALSE,young,24.909090909090907,0.17563526712878708,FALSE,young
liberal,Reliability,Between-person,Auditory,11,25.676767676767675,0.17220511630265922,FALSE,young,25.676767676767675,0.1722721327619976,FALSE,young
liberal,Reliability,Between-person,Auditory,12,26.444444444444443,0.16884329024589007,FALSE,young,26.444444444444443,0.168908998395208,FALSE,young
liberal,Reliability,Between-person,Auditory,13,27.21212121212121,0.1654814641891209,FALSE,young,27.21212121212121,0.16554586402841842,FALSE,young
liberal,Reliability,Between-person,Auditory,14,27.97979797979798,0.16211963813235197,FALSE,young,27.97979797979798,0.16218272966162883,FALSE,young
liberal,Reliability,Between-person,Auditory,15,28.747474747474747,0.15875781207558282,FALSE,young,28.747474747474747,0.15881959529483924,FALSE,young
liberal,Reliability,Between-person,Auditory,16,29.515151515151516,0.15539598601881366,TRUE,NA,29.515151515151516,0.15545646092804966,TRUE,NA
liberal,Reliability,Between-person,Auditory,17,30.282828282828284,0.1520341599620445,TRUE,NA,30.282828282828284,0.15209332656126007,TRUE,NA
liberal,Reliability,Between-person,Auditory,18,31.050505050505052,0.14867233390527557,TRUE,NA,31.050505050505052,0.14873019219447048,TRUE,NA
liberal,Reliability,Between-person,Auditory,19,31.818181818181817,0.1453105078485064,TRUE,NA,31.818181818181817,0.1453670578276809,TRUE,NA
liberal,Reliability,Between-person,Auditory,20,32.58585858585859,0.14194868179173725,TRUE,NA,32.58585858585859,0.1420039234608913,TRUE,NA
liberal,Reliability,Between-person,Auditory,21,33.35353535353535,0.13858685573496832,TRUE,NA,33.35353535353535,0.1386407890941017,TRUE,NA
liberal,Reliability,Between-person,Auditory,22,34.121212121212125,0.13522502967819916,TRUE,NA,34.121212121212125,0.13527765472731212,TRUE,NA
liberal,Reliability,Between-person,Auditory,23,34.888888888888886,0.13186320362143,TRUE,NA,34.888888888888886,0.13191452036052265,TRUE,NA
liberal,Reliability,Between-person,Auditory,24,35.656565656565654,0.12850137756466085,TRUE,NA,35.656565656565654,0.12855138599373306,TRUE,NA
liberal,Reliability,Between-person,Auditory,25,36.42424242424242,0.1251395515078919,TRUE,NA,36.42424242424242,0.12518825162694347,TRUE,NA
liberal,Reliability,Between-person,Auditory,26,37.19191919191919,0.12177772545112275,TRUE,NA,37.19191919191919,0.12182511726015388,TRUE,NA
liberal,Reliability,Between-person,Auditory,27,37.95959595959596,0.1184158993943536,TRUE,NA,37.95959595959596,0.11846198289336429,TRUE,NA
liberal,Reliability,Between-person,Auditory,28,38.72727272727273,0.11505407333758444,TRUE,NA,38.72727272727273,0.11509884852657482,TRUE,NA
liberal,Reliability,Between-person,Auditory,29,39.494949494949495,0.1116922472808155,TRUE,NA,39.494949494949495,0.11173571415978523,TRUE,NA
liberal,Reliability,Between-person,Auditory,30,40.262626262626256,0.10833042122404635,TRUE,NA,40.262626262626256,0.10837257979299564,TRUE,NA
liberal,Reliability,Between-person,Auditory,31,41.03030303030303,0.10496859516727719,TRUE,NA,41.03030303030303,0.10500944542620605,TRUE,NA
liberal,Reliability,Between-person,Auditory,32,41.79797979797979,0.10160676911050803,TRUE,NA,41.79797979797979,0.10164631105941646,TRUE,NA
liberal,Reliability,Between-person,Auditory,33,42.56565656565657,0.0982449430537391,TRUE,NA,42.56565656565657,0.09828317669262687,TRUE,NA
liberal,Reliability,Between-person,Auditory,34,43.33333333333333,0.09488311699696994,TRUE,NA,43.33333333333333,0.0949200423258374,TRUE,NA
liberal,Reliability,Between-person,Auditory,35,44.101010101010104,0.09152129094020078,TRUE,NA,44.101010101010104,0.0915569079590477,TRUE,NA
liberal,Reliability,Between-person,Auditory,36,44.868686868686865,0.08815946488343163,TRUE,NA,44.868686868686865,0.08819377359225822,TRUE,NA
liberal,Reliability,Between-person,Auditory,37,45.63636363636363,0.08479763882666269,TRUE,NA,45.63636363636363,0.08483063922546863,TRUE,NA
liberal,Reliability,Between-person,Auditory,38,46.4040404040404,0.08143581276989353,TRUE,NA,46.4040404040404,0.08146750485867904,TRUE,NA
liberal,Reliability,Between-person,Auditory,39,47.17171717171717,0.07807398671312438,TRUE,NA,47.17171717171717,0.07810437049188945,TRUE,NA
liberal,Reliability,Between-person,Auditory,40,47.93939393939394,0.07471216065635544,TRUE,NA,47.93939393939394,0.07474123612509986,TRUE,NA
liberal,Reliability,Between-person,Auditory,41,48.707070707070706,0.07135033459958628,TRUE,NA,48.707070707070706,0.07137810175831028,TRUE,NA
liberal,Reliability,Between-person,Auditory,42,49.474747474747474,0.06798850854281713,TRUE,NA,49.474747474747474,0.06801496739152069,TRUE,NA
liberal,Reliability,Between-person,Auditory,43,50.24242424242424,0.06462668248604797,TRUE,NA,50.24242424242424,0.0646518330247311,TRUE,NA
liberal,Reliability,Between-person,Auditory,44,51.01010101010101,0.061264856429279035,TRUE,NA,51.01010101010101,0.06128869865794151,TRUE,NA
liberal,Reliability,Between-person,Auditory,45,51.77777777777778,0.05790303037250999,TRUE,NA,51.77777777777778,0.05792556429115192,TRUE,NA
liberal,Reliability,Between-person,Auditory,46,52.54545454545454,0.05454120431574083,TRUE,NA,52.54545454545454,0.05456242992436244,TRUE,NA
liberal,Reliability,Between-person,Auditory,47,53.31313131313131,0.051179378258971675,TRUE,NA,53.31313131313131,0.051199295557572855,TRUE,NA
liberal,Reliability,Between-person,Auditory,48,54.080808080808076,0.04781755220220274,TRUE,NA,54.080808080808076,0.04783616119078338,TRUE,NA
liberal,Reliability,Between-person,Auditory,49,54.848484848484844,0.04445572614543358,TRUE,NA,54.848484848484844,0.04447302682399379,TRUE,NA
liberal,Reliability,Between-person,Auditory,50,55.61616161616161,0.041093900088664426,TRUE,NA,55.61616161616161,0.0411098924572042,TRUE,NA
liberal,Reliability,Between-person,Auditory,51,56.38383838383838,0.03773207403189527,TRUE,NA,56.38383838383838,0.03774675809041461,TRUE,NA
liberal,Reliability,Between-person,Auditory,52,57.15151515151515,0.03437024797512633,TRUE,NA,57.15151515151515,0.03438362372362502,TRUE,NA
liberal,Reliability,Between-person,Auditory,53,57.91919191919192,0.031008421918357176,TRUE,NA,57.91919191919192,0.031020489356835435,TRUE,NA
liberal,Reliability,Between-person,Auditory,54,58.686868686868685,0.02764659586158802,TRUE,NA,58.686868686868685,0.027657354990045846,TRUE,NA
liberal,Reliability,Between-person,Auditory,55,59.45454545454545,0.024284769804818862,TRUE,NA,59.45454545454545,0.024294220623256257,TRUE,NA
liberal,Reliability,Between-person,Auditory,56,60.22222222222222,0.020922943748049927,TRUE,NA,60.22222222222222,0.02093108625646667,TRUE,NA
liberal,Reliability,Between-person,Auditory,57,60.98989898989899,0.01756111769128077,TRUE,NA,60.98989898989899,0.01756795188967708,TRUE,NA
liberal,Reliability,Between-person,Auditory,58,61.75757575757576,0.014199291634511613,TRUE,NA,61.75757575757576,0.014204817522887603,TRUE,NA
liberal,Reliability,Between-person,Auditory,59,62.52525252525252,0.010837465577742678,TRUE,NA,62.52525252525252,0.010841683156098014,TRUE,NA
liberal,Reliability,Between-person,Auditory,60,63.29292929292929,0.0074756395209735205,TRUE,NA,63.29292929292929,0.007478548789308426,TRUE,NA
liberal,Reliability,Between-person,Auditory,61,64.06060606060606,0.004113813464204363,TRUE,NA,64.06060606060606,0.004115414422518837,TRUE,NA
liberal,Reliability,Between-person,Auditory,62,64.82828282828282,7.519874074352062e-4,TRUE,NA,64.82828282828282,7.522800557292486e-4,TRUE,NA
liberal,Reliability,Between-person,Auditory,63,65.59595959595958,-0.00260983864933384,FALSE,older,65.59595959595958,-0.002610854311060229,FALSE,older
liberal,Reliability,Between-person,Auditory,64,66.36363636363636,-0.005971664706102997,FALSE,older,66.36363636363636,-0.0059739886778499285,FALSE,older
liberal,Reliability,Between-person,Auditory,65,67.13131313131314,-0.009333490762872043,FALSE,older,67.13131313131314,-0.009337123044639406,FALSE,older
liberal,Reliability,Between-person,Auditory,66,67.8989898989899,-0.0126953168196412,FALSE,older,67.8989898989899,-0.012700257411429106,FALSE,older
liberal,Reliability,Between-person,Auditory,67,68.66666666666666,-0.016057142876410246,FALSE,older,68.66666666666666,-0.016063391778218583,FALSE,older
liberal,Reliability,Between-person,Auditory,68,69.43434343434343,-0.019418968933179404,FALSE,older,69.43434343434343,-0.019426526145008283,FALSE,older
liberal,Reliability,Between-person,Auditory,69,70.20202020202021,-0.02278079498994845,FALSE,older,70.20202020202021,-0.02278966051179776,FALSE,older
liberal,Reliability,Between-person,Auditory,70,70.96969696969697,-0.026142621046717607,FALSE,older,70.96969696969697,-0.026152794878587127,FALSE,older
liberal,Reliability,Between-person,Auditory,71,71.73737373737373,-0.029504447103486653,FALSE,older,71.73737373737373,-0.029515929245376826,FALSE,older
liberal,Reliability,Between-person,Auditory,72,72.50505050505049,-0.0328662731602557,FALSE,older,72.50505050505049,-0.032879063612166304,FALSE,older
liberal,Reliability,Between-person,Auditory,73,73.27272727272727,-0.036228099217024856,FALSE,older,73.27272727272727,-0.036242197978956,FALSE,older
liberal,Reliability,Between-person,Auditory,74,74.04040404040404,-0.03958992527379401,FALSE,older,74.04040404040404,-0.039605332345745536,FALSE,older
liberal,Reliability,Between-person,Auditory,75,74.8080808080808,-0.04295175133056306,FALSE,older,74.8080808080808,-0.04296846671253518,FALSE,older
liberal,Reliability,Between-person,Auditory,76,75.57575757575756,-0.046313577387332105,FALSE,older,75.57575757575756,-0.04633160107932466,FALSE,older
liberal,Reliability,Between-person,Auditory,77,76.34343434343434,-0.04967540344410126,FALSE,older,76.34343434343434,-0.04969473544611436,FALSE,older
liberal,Reliability,Between-person,Auditory,78,77.11111111111111,-0.05303722950087042,FALSE,older,77.11111111111111,-0.053057869812903835,FALSE,older
liberal,Reliability,Between-person,Auditory,79,77.87878787878788,-0.056399055557639466,FALSE,older,77.87878787878788,-0.056421004179693424,FALSE,older
liberal,Reliability,Between-person,Auditory,80,78.64646464646464,-0.059760881614408456,FALSE,older,78.64646464646464,-0.05978413854648301,FALSE,older
liberal,Reliability,Between-person,Auditory,81,79.41414141414141,-0.06312270767117767,FALSE,older,79.41414141414141,-0.0631472729132726,FALSE,older
liberal,Reliability,Between-person,Auditory,82,80.18181818181819,-0.06648453372794677,FALSE,older,80.18181818181819,-0.06651040728006219,FALSE,older
liberal,Reliability,Between-person,Auditory,83,80.94949494949495,-0.06984635978471582,FALSE,older,80.94949494949495,-0.06987354164685178,FALSE,older
liberal,Reliability,Between-person,Auditory,84,81.71717171717171,-0.07320818584148486,FALSE,older,81.71717171717171,-0.07323667601364131,FALSE,older
liberal,Reliability,Between-person,Auditory,85,82.48484848484848,-0.07657001189825402,FALSE,older,82.48484848484848,-0.0765998103804309,FALSE,older
liberal,Reliability,Between-person,Auditory,86,83.25252525252525,-0.07993183795502307,FALSE,older,83.25252525252525,-0.07996294474722043,FALSE,older
liberal,Reliability,Between-person,Auditory,87,84.02020202020202,-0.08329366401179222,FALSE,older,84.02020202020202,-0.08332607911401002,FALSE,older
liberal,Reliability,Between-person,Auditory,88,84.78787878787878,-0.08665549006856127,FALSE,older,84.78787878787878,-0.08668921348079955,FALSE,older
liberal,Reliability,Between-person,Auditory,89,85.55555555555556,-0.09001731612533043,FALSE,older,85.55555555555556,-0.0900523478475892,FALSE,older
liberal,Reliability,Between-person,Auditory,90,86.32323232323232,-0.09337914218209947,FALSE,older,86.32323232323232,-0.09341548221437873,FALSE,older
liberal,Reliability,Between-person,Auditory,91,87.09090909090908,-0.09674096823886857,FALSE,older,87.09090909090908,-0.09677861658116832,FALSE,older
liberal,Reliability,Between-person,Auditory,92,87.85858585858585,-0.10010279429563768,FALSE,older,87.85858585858585,-0.10014175094795791,FALSE,older
liberal,Reliability,Between-person,Auditory,93,88.62626262626262,-0.10346462035240678,FALSE,older,88.62626262626262,-0.10350488531474744,FALSE,older
liberal,Reliability,Between-person,Auditory,94,89.39393939393939,-0.10682644640917588,FALSE,older,89.39393939393939,-0.10686801968153709,FALSE,older
liberal,Reliability,Between-person,Auditory,95,90.16161616161615,-0.11018827246594498,FALSE,older,90.16161616161615,-0.11023115404832656,FALSE,older
liberal,Reliability,Between-person,Auditory,96,90.92929292929293,-0.11355009852271408,FALSE,older,90.92929292929293,-0.1135942884151162,FALSE,older
liberal,Reliability,Between-person,Auditory,97,91.69696969696969,-0.11691192457948318,FALSE,older,91.69696969696969,-0.11695742278190574,FALSE,older
liberal,Reliability,Between-person,Auditory,98,92.46464646464646,-0.12027375063625229,FALSE,older,92.46464646464646,-0.12032055714869533,FALSE,older
liberal,Reliability,Between-person,Auditory,99,93.23232323232322,-0.12363557669302139,FALSE,older,93.23232323232322,-0.12368369151548486,FALSE,older
liberal,Reliability,Between-person,Auditory,100,94,-0.1269974027497905,FALSE,older,94,-0.1270468258822745,FALSE,older
liberal,Reliability,Between-person,Visual,1,18,0.16798474786737738,FALSE,young,18,0.1681709852997797,FALSE,young
liberal,Reliability,Between-person,Visual,2,18.767676767676768,0.16524096088308327,FALSE,young,18.767676767676768,0.16542415639739783,FALSE,young
liberal,Reliability,Between-person,Visual,3,19.535353535353536,0.16249717389878904,FALSE,young,19.535353535353536,0.16267732749501584,FALSE,young
liberal,Reliability,Between-person,Visual,4,20.303030303030305,0.15975338691449492,FALSE,young,20.303030303030305,0.15993049859263397,FALSE,young
liberal,Reliability,Between-person,Visual,5,21.07070707070707,0.1570095999302008,FALSE,young,21.07070707070707,0.15718366969025188,FALSE,young
liberal,Reliability,Between-person,Visual,6,21.838383838383837,0.1542658129459067,FALSE,young,21.838383838383837,0.15443684078787,FALSE,young
liberal,Reliability,Between-person,Visual,7,22.606060606060606,0.15152202596161246,FALSE,young,22.606060606060606,0.15169001188548792,FALSE,young
liberal,Reliability,Between-person,Visual,8,23.373737373737374,0.14877823897731834,FALSE,young,23.373737373737374,0.14894318298310605,FALSE,young
liberal,Reliability,Between-person,Visual,9,24.141414141414142,0.14603445199302412,FALSE,young,24.141414141414142,0.14619635408072396,FALSE,young
liberal,Reliability,Between-person,Visual,10,24.909090909090907,0.14329066500873,FALSE,young,24.909090909090907,0.14344952517834209,FALSE,young
liberal,Reliability,Between-person,Visual,11,25.676767676767675,0.14054687802443588,FALSE,young,25.676767676767675,0.14070269627596022,FALSE,young
liberal,Reliability,Between-person,Visual,12,26.444444444444443,0.13780309104014177,FALSE,young,26.444444444444443,0.13795586737357823,FALSE,young
liberal,Reliability,Between-person,Visual,13,27.21212121212121,0.13505930405584754,FALSE,young,27.21212121212121,0.13520903847119636,FALSE,young
liberal,Reliability,Between-person,Visual,14,27.97979797979798,0.13231551707155342,FALSE,young,27.97979797979798,0.13246220956881427,FALSE,young
liberal,Reliability,Between-person,Visual,15,28.747474747474747,0.1295717300872592,FALSE,young,28.747474747474747,0.1297153806664324,FALSE,young
liberal,Reliability,Between-person,Visual,16,29.515151515151516,0.12682794310296508,TRUE,NA,29.515151515151516,0.1269685517640503,TRUE,NA
liberal,Reliability,Between-person,Visual,17,30.282828282828284,0.12408415611867096,TRUE,NA,30.282828282828284,0.12422172286166844,TRUE,NA
liberal,Reliability,Between-person,Visual,18,31.050505050505052,0.12134036913437685,TRUE,NA,31.050505050505052,0.12147489395928635,TRUE,NA
liberal,Reliability,Between-person,Visual,19,31.818181818181817,0.11859658215008273,TRUE,NA,31.818181818181817,0.11872806505690447,TRUE,NA
liberal,Reliability,Between-person,Visual,20,32.58585858585859,0.1158527951657885,TRUE,NA,32.58585858585859,0.11598123615452238,TRUE,NA
liberal,Reliability,Between-person,Visual,21,33.35353535353535,0.11310900818149439,TRUE,NA,33.35353535353535,0.11323440725214062,TRUE,NA
liberal,Reliability,Between-person,Visual,22,34.121212121212125,0.11036522119720027,TRUE,NA,34.121212121212125,0.11048757834975853,TRUE,NA
liberal,Reliability,Between-person,Visual,23,34.888888888888886,0.10762143421290615,TRUE,NA,34.888888888888886,0.10774074944737666,TRUE,NA
liberal,Reliability,Between-person,Visual,24,35.656565656565654,0.10487764722861193,TRUE,NA,35.656565656565654,0.10499392054499479,TRUE,NA
liberal,Reliability,Between-person,Visual,25,36.42424242424242,0.10213386024431781,TRUE,NA,36.42424242424242,0.1022470916426127,TRUE,NA
liberal,Reliability,Between-person,Visual,26,37.19191919191919,0.09939007326002358,TRUE,NA,37.19191919191919,0.09950026274023083,TRUE,NA
liberal,Reliability,Between-person,Visual,27,37.95959595959596,0.09664628627572946,TRUE,NA,37.95959595959596,0.09675343383784873,TRUE,NA
liberal,Reliability,Between-person,Visual,28,38.72727272727273,0.09390249929143535,TRUE,NA,38.72727272727273,0.09400660493546686,TRUE,NA
liberal,Reliability,Between-person,Visual,29,39.494949494949495,0.09115871230714123,TRUE,NA,39.494949494949495,0.09125977603308488,TRUE,NA
liberal,Reliability,Between-person,Visual,30,40.262626262626256,0.088414925322847,TRUE,NA,40.262626262626256,0.08851294713070301,TRUE,NA
liberal,Reliability,Between-person,Visual,31,41.03030303030303,0.08567113833855289,TRUE,NA,41.03030303030303,0.08576611822832092,TRUE,NA
liberal,Reliability,Between-person,Visual,32,41.79797979797979,0.08292735135425866,TRUE,NA,41.79797979797979,0.08301928932593905,TRUE,NA
liberal,Reliability,Between-person,Visual,33,42.56565656565657,0.08018356436996454,TRUE,NA,42.56565656565657,0.08027246042355696,TRUE,NA
liberal,Reliability,Between-person,Visual,34,43.33333333333333,0.07743977738567043,TRUE,NA,43.33333333333333,0.07752563152117509,TRUE,NA
liberal,Reliability,Between-person,Visual,35,44.101010101010104,0.07469599040137631,TRUE,NA,44.101010101010104,0.074778802618793,TRUE,NA
liberal,Reliability,Between-person,Visual,36,44.868686868686865,0.07195220341708208,TRUE,NA,44.868686868686865,0.07203197371641112,TRUE,NA
liberal,Reliability,Between-person,Visual,37,45.63636363636363,0.06920841643278797,TRUE,NA,45.63636363636363,0.06928514481402925,TRUE,NA
liberal,Reliability,Between-person,Visual,38,46.4040404040404,0.06646462944849385,TRUE,NA,46.4040404040404,0.06653831591164727,TRUE,NA
liberal,Reliability,Between-person,Visual,39,47.17171717171717,0.06372084246419962,TRUE,NA,47.17171717171717,0.0637914870092654,TRUE,NA
liberal,Reliability,Between-person,Visual,40,47.93939393939394,0.06097705547990562,TRUE,NA,47.93939393939394,0.06104465810688331,TRUE,NA
liberal,Reliability,Between-person,Visual,41,48.707070707070706,0.05823326849561139,TRUE,NA,48.707070707070706,0.05829782920450144,TRUE,NA
liberal,Reliability,Between-person,Visual,42,49.474747474747474,0.055489481511317273,TRUE,NA,49.474747474747474,0.05555100030211935,TRUE,NA
liberal,Reliability,Between-person,Visual,43,50.24242424242424,0.052745694527023046,TRUE,NA,50.24242424242424,0.052804171399737476,TRUE,NA
liberal,Reliability,Between-person,Visual,44,51.01010101010101,0.05000190754272893,TRUE,NA,51.01010101010101,0.050057342497355384,TRUE,NA
liberal,Reliability,Between-person,Visual,45,51.77777777777778,0.0472581205584347,TRUE,NA,51.77777777777778,0.04731051359497351,TRUE,NA
liberal,Reliability,Between-person,Visual,46,52.54545454545454,0.044514333574140696,TRUE,NA,52.54545454545454,0.04456368469259164,TRUE,NA
liberal,Reliability,Between-person,Visual,47,53.31313131313131,0.04177054658984647,TRUE,NA,53.31313131313131,0.04181685579020966,TRUE,NA
liberal,Reliability,Between-person,Visual,48,54.080808080808076,0.03902675960555235,TRUE,NA,54.080808080808076,0.03907002688782779,TRUE,NA
liberal,Reliability,Between-person,Visual,49,54.848484848484844,0.036282972621258125,TRUE,NA,54.848484848484844,0.0363231979854457,TRUE,NA
liberal,Reliability,Between-person,Visual,50,55.61616161616161,0.03353918563696401,TRUE,NA,55.61616161616161,0.03357636908306383,TRUE,NA
liberal,Reliability,Between-person,Visual,51,56.38383838383838,0.030795398652669892,TRUE,NA,56.38383838383838,0.030829540180681736,TRUE,NA
liberal,Reliability,Between-person,Visual,52,57.15151515151515,0.028051611668375775,TRUE,NA,57.15151515151515,0.028082711278299866,TRUE,NA
liberal,Reliability,Between-person,Visual,53,57.91919191919192,0.025307824684081548,TRUE,NA,57.91919191919192,0.025335882375917773,TRUE,NA
liberal,Reliability,Between-person,Visual,54,58.686868686868685,0.02256403769978743,TRUE,NA,58.686868686868685,0.022589053473535903,TRUE,NA
liberal,Reliability,Between-person,Visual,55,59.45454545454545,0.019820250715493204,TRUE,NA,59.45454545454545,0.01984222457115381,TRUE,NA
liberal,Reliability,Between-person,Visual,56,60.22222222222222,0.017076463731199087,TRUE,NA,60.22222222222222,0.01709539566877205,TRUE,NA
liberal,Reliability,Between-person,Visual,57,60.98989898989899,0.014332676746904971,TRUE,NA,60.98989898989899,0.014348566766389959,TRUE,NA
liberal,Reliability,Between-person,Visual,58,61.75757575757576,0.011588889762610854,TRUE,NA,61.75757575757576,0.011601737864008088,TRUE,NA
liberal,Reliability,Between-person,Visual,59,62.52525252525252,0.008845102778316738,TRUE,NA,62.52525252525252,0.008854908961626218,TRUE,NA
liberal,Reliability,Between-person,Visual,60,63.29292929292929,0.0061013157940225105,TRUE,NA,63.29292929292929,0.006108080059244125,TRUE,NA
liberal,Reliability,Between-person,Visual,61,64.06060606060606,0.003357528809728283,TRUE,NA,64.06060606060606,0.003361251156862255,TRUE,NA
liberal,Reliability,Between-person,Visual,62,64.82828282828282,6.137418254341664e-4,TRUE,NA,64.82828282828282,6.144222544801625e-4,TRUE,NA
liberal,Reliability,Between-person,Visual,63,65.59595959595958,-0.002130045158859839,FALSE,older,65.59595959595958,-0.002132406647901708,FALSE,older
liberal,Reliability,Between-person,Visual,64,66.36363636363636,-0.0048738321431540665,FALSE,older,66.36363636363636,-0.0048792355502838,FALSE,older
liberal,Reliability,Between-person,Visual,65,67.13131313131314,-0.007617619127448183,FALSE,older,67.13131313131314,-0.00762606445266556,FALSE,older
liberal,Reliability,Between-person,Visual,66,67.8989898989899,-0.01036140611174241,FALSE,older,67.8989898989899,-0.010372893355047652,FALSE,older
liberal,Reliability,Between-person,Visual,67,68.66666666666666,-0.013105193096036527,FALSE,older,68.66666666666666,-0.013119722257429522,FALSE,older
liberal,Reliability,Between-person,Visual,68,69.43434343434343,-0.015848980080330755,FALSE,older,69.43434343434343,-0.015866551159811615,FALSE,older
liberal,Reliability,Between-person,Visual,69,70.20202020202021,-0.01859276706462476,FALSE,older,70.20202020202021,-0.018613380062193485,FALSE,older
liberal,Reliability,Between-person,Visual,70,70.96969696969697,-0.021336554048918988,FALSE,older,70.96969696969697,-0.021360208964575356,FALSE,older
liberal,Reliability,Between-person,Visual,71,71.73737373737373,-0.024080341033213104,FALSE,older,71.73737373737373,-0.024107037866957448,FALSE,older
liberal,Reliability,Between-person,Visual,72,72.50505050505049,-0.02682412801750722,FALSE,older,72.50505050505049,-0.02685386676933932,FALSE,older
liberal,Reliability,Between-person,Visual,73,73.27272727272727,-0.029567915001801448,FALSE,older,73.27272727272727,-0.0296006956717213,FALSE,older
liberal,Reliability,Between-person,Visual,74,74.04040404040404,-0.032311701986095676,FALSE,older,74.04040404040404,-0.03234752457410317,FALSE,older
liberal,Reliability,Between-person,Visual,75,74.8080808080808,-0.03505548897038968,FALSE,older,74.8080808080808,-0.03509435347648526,FALSE,older
liberal,Reliability,Between-person,Visual,76,75.57575757575756,-0.0377992759546838,FALSE,older,75.57575757575756,-0.03784118237886713,FALSE,older
liberal,Reliability,Between-person,Visual,77,76.34343434343434,-0.040543062938978025,FALSE,older,76.34343434343434,-0.04058801128124917,FALSE,older
liberal,Reliability,Between-person,Visual,78,77.11111111111111,-0.04328684992327225,FALSE,older,77.11111111111111,-0.04333484018363115,FALSE,older
liberal,Reliability,Between-person,Visual,79,77.87878787878788,-0.046030636907566314,FALSE,older,77.87878787878788,-0.04608166908601308,FALSE,older
liberal,Reliability,Between-person,Visual,80,78.64646464646464,-0.04877442389186043,FALSE,older,78.64646464646464,-0.048828497988395,FALSE,older
liberal,Reliability,Between-person,Visual,81,79.41414141414141,-0.05151821087615466,FALSE,older,79.41414141414141,-0.051575326890776985,FALSE,older
liberal,Reliability,Between-person,Visual,82,80.18181818181819,-0.054261997860448774,FALSE,older,80.18181818181819,-0.054322155793158966,FALSE,older
liberal,Reliability,Between-person,Visual,83,80.94949494949495,-0.057005784844742946,FALSE,older,80.94949494949495,-0.05706898469554095,FALSE,older
liberal,Reliability,Between-person,Visual,84,81.71717171717171,-0.05974957182903706,FALSE,older,81.71717171717171,-0.05981581359792282,FALSE,older
liberal,Reliability,Between-person,Visual,85,82.48484848484848,-0.062493358813331235,FALSE,older,82.48484848484848,-0.0625626425003048,FALSE,older
liberal,Reliability,Between-person,Visual,86,83.25252525252525,-0.06523714579762535,FALSE,older,83.25252525252525,-0.06530947140268678,FALSE,older
liberal,Reliability,Between-person,Visual,87,84.02020202020202,-0.06798093278191958,FALSE,older,84.02020202020202,-0.06805630030506876,FALSE,older
liberal,Reliability,Between-person,Visual,88,84.78787878787878,-0.07072471976621364,FALSE,older,84.78787878787878,-0.07080312920745069,FALSE,older
liberal,Reliability,Between-person,Visual,89,85.55555555555556,-0.07346850675050787,FALSE,older,85.55555555555556,-0.07354995810983267,FALSE,older
liberal,Reliability,Between-person,Visual,90,86.32323232323232,-0.07621229373480193,FALSE,older,86.32323232323232,-0.0762967870122146,FALSE,older
liberal,Reliability,Between-person,Visual,91,87.09090909090908,-0.0789560807190961,FALSE,older,87.09090909090908,-0.07904361591459658,FALSE,older
liberal,Reliability,Between-person,Visual,92,87.85858585858585,-0.08169986770339027,FALSE,older,87.85858585858585,-0.08179044481697856,FALSE,older
liberal,Reliability,Between-person,Visual,93,88.62626262626262,-0.08444365468768439,FALSE,older,88.62626262626262,-0.08453727371936043,FALSE,older
liberal,Reliability,Between-person,Visual,94,89.39393939393939,-0.08718744167197856,FALSE,older,89.39393939393939,-0.08728410262174247,FALSE,older
liberal,Reliability,Between-person,Visual,95,90.16161616161615,-0.08993122865627273,FALSE,older,90.16161616161615,-0.09003093152412439,FALSE,older
liberal,Reliability,Between-person,Visual,96,90.92929292929293,-0.09267501564056685,FALSE,older,90.92929292929293,-0.09277776042650637,FALSE,older
liberal,Reliability,Between-person,Visual,97,91.69696969696969,-0.09541880262486102,FALSE,older,91.69696969696969,-0.09552458932888835,FALSE,older
liberal,Reliability,Between-person,Visual,98,92.46464646464646,-0.09816258960915519,FALSE,older,92.46464646464646,-0.09827141823127028,FALSE,older
liberal,Reliability,Between-person,Visual,99,93.23232323232322,-0.10090637659344931,FALSE,older,93.23232323232322,-0.1010182471336522,FALSE,older
liberal,Reliability,Between-person,Visual,100,94,-0.10365016357774348,FALSE,older,94,-0.10376507603603424,FALSE,older
liberal,Reliability,Between-person,Motor,1,18,0.08223836174130683,FALSE,young,18,0.08241331963825826,FALSE,young
liberal,Reliability,Between-person,Motor,2,18.767676767676768,0.08089511749193234,FALSE,young,18.767676767676768,0.08106721770563263,FALSE,young
liberal,Reliability,Between-person,Motor,3,19.535353535353536,0.07955187324255786,FALSE,young,19.535353535353536,0.07972111577300667,FALSE,young
liberal,Reliability,Between-person,Motor,4,20.303030303030305,0.0782086289931836,FALSE,young,20.303030303030305,0.07837501384038104,FALSE,young
liberal,Reliability,Between-person,Motor,5,21.07070707070707,0.076865384743809,FALSE,young,21.07070707070707,0.07702891190775518,FALSE,young
liberal,Reliability,Between-person,Motor,6,21.838383838383837,0.07552214049443451,FALSE,young,21.838383838383837,0.07568280997512944,FALSE,young
liberal,Reliability,Between-person,Motor,7,22.606060606060606,0.07417889624506002,FALSE,young,22.606060606060606,0.07433670804250359,FALSE,young
liberal,Reliability,Between-person,Motor,8,23.373737373737374,0.07283565199568576,FALSE,young,23.373737373737374,0.07299060610987795,FALSE,young
liberal,Reliability,Between-person,Motor,9,24.141414141414142,0.07149240774631127,FALSE,young,24.141414141414142,0.0716445041772521,FALSE,young
liberal,Reliability,Between-person,Motor,10,24.909090909090907,0.07014916349693678,FALSE,young,24.909090909090907,0.07029840224462647,FALSE,young
liberal,Reliability,Between-person,Motor,11,25.676767676767675,0.06880591924756219,FALSE,young,25.676767676767675,0.06895230031200084,FALSE,young
liberal,Reliability,Between-person,Motor,12,26.444444444444443,0.06746267499818792,FALSE,young,26.444444444444443,0.06760619837937487,FALSE,young
liberal,Reliability,Between-person,Motor,13,27.21212121212121,0.06611943074881343,FALSE,young,27.21212121212121,0.06626009644674924,FALSE,young
liberal,Reliability,Between-person,Motor,14,27.97979797979798,0.06477618649943895,FALSE,young,27.97979797979798,0.06491399451412339,FALSE,young
liberal,Reliability,Between-person,Motor,15,28.747474747474747,0.06343294225006446,FALSE,young,28.747474747474747,0.06356789258149775,FALSE,young
liberal,Reliability,Between-person,Motor,16,29.515151515151516,0.0620896980006902,TRUE,NA,29.515151515151516,0.0622217906488719,TRUE,NA
liberal,Reliability,Between-person,Motor,17,30.282828282828284,0.0607464537513156,TRUE,NA,30.282828282828284,0.06087568871624627,TRUE,NA
liberal,Reliability,Between-person,Motor,18,31.050505050505052,0.05940320950194111,TRUE,NA,31.050505050505052,0.059529586783620414,TRUE,NA
liberal,Reliability,Between-person,Motor,19,31.818181818181817,0.05805996525256685,TRUE,NA,31.818181818181817,0.05818348485099478,TRUE,NA
liberal,Reliability,Between-person,Motor,20,32.58585858585859,0.05671672100319236,TRUE,NA,32.58585858585859,0.05683738291836893,TRUE,NA
liberal,Reliability,Between-person,Motor,21,33.35353535353535,0.055373476753817874,TRUE,NA,33.35353535353535,0.055491280985743185,TRUE,NA
liberal,Reliability,Between-person,Motor,22,34.121212121212125,0.054030232504443276,TRUE,NA,34.121212121212125,0.05414517905311733,TRUE,NA
liberal,Reliability,Between-person,Motor,23,34.888888888888886,0.05268698825506901,TRUE,NA,34.888888888888886,0.0527990771204917,TRUE,NA
liberal,Reliability,Between-person,Motor,24,35.656565656565654,0.051343744005694525,TRUE,NA,35.656565656565654,0.05145297518786607,TRUE,NA
liberal,Reliability,Between-person,Motor,25,36.42424242424242,0.05000049975632004,TRUE,NA,36.42424242424242,0.050106873255240214,TRUE,NA
liberal,Reliability,Between-person,Motor,26,37.19191919191919,0.04865725550694555,TRUE,NA,37.19191919191919,0.04876077132261458,TRUE,NA
liberal,Reliability,Between-person,Motor,27,37.95959595959596,0.04731401125757129,TRUE,NA,37.95959595959596,0.04741466938998873,TRUE,NA
liberal,Reliability,Between-person,Motor,28,38.72727272727273,0.04597076700819669,TRUE,NA,38.72727272727273,0.046068567457362986,TRUE,NA
liberal,Reliability,Between-person,Motor,29,39.494949494949495,0.0446275227588222,TRUE,NA,39.494949494949495,0.04472246552473702,TRUE,NA
liberal,Reliability,Between-person,Motor,30,40.262626262626256,0.043284278509447716,TRUE,NA,40.262626262626256,0.04337636359211139,TRUE,NA
liberal,Reliability,Between-person,Motor,31,41.03030303030303,0.04194103426007345,TRUE,NA,41.03030303030303,0.042030261659485535,TRUE,NA
liberal,Reliability,Between-person,Motor,32,41.79797979797979,0.040597790010698964,TRUE,NA,41.79797979797979,0.0406841597268599,TRUE,NA
liberal,Reliability,Between-person,Motor,33,42.56565656565657,0.03925454576132448,TRUE,NA,42.56565656565657,0.03933805779423405,TRUE,NA
liberal,Reliability,Between-person,Motor,34,43.33333333333333,0.03791130151194988,TRUE,NA,43.33333333333333,0.03799195586160842,TRUE,NA
liberal,Reliability,Between-person,Motor,35,44.101010101010104,0.036568057262575615,TRUE,NA,44.101010101010104,0.036645853928982564,TRUE,NA
liberal,Reliability,Between-person,Motor,36,44.868686868686865,0.03522481301320113,TRUE,NA,44.868686868686865,0.03529975199635693,TRUE,NA
liberal,Reliability,Between-person,Motor,37,45.63636363636363,0.03388156876382664,TRUE,NA,45.63636363636363,0.0339536500637313,TRUE,NA
liberal,Reliability,Between-person,Motor,38,46.4040404040404,0.03253832451445238,TRUE,NA,46.4040404040404,0.032607548131105335,TRUE,NA
liberal,Reliability,Between-person,Motor,39,47.17171717171717,0.03119508026507789,TRUE,NA,47.17171717171717,0.0312614461984797,TRUE,NA
liberal,Reliability,Between-person,Motor,40,47.93939393939394,0.029851836015703292,TRUE,NA,47.93939393939394,0.02991534426585385,TRUE,NA
liberal,Reliability,Between-person,Motor,41,48.707070707070706,0.028508591766328806,TRUE,NA,48.707070707070706,0.028569242333228217,TRUE,NA
liberal,Reliability,Between-person,Motor,42,49.474747474747474,0.02716534751695454,TRUE,NA,49.474747474747474,0.027223140400602364,TRUE,NA
liberal,Reliability,Between-person,Motor,43,50.24242424242424,0.025822103267580054,TRUE,NA,50.24242424242424,0.025877038467976732,TRUE,NA
liberal,Reliability,Between-person,Motor,44,51.01010101010101,0.024478859018205568,TRUE,NA,51.01010101010101,0.024530936535350878,TRUE,NA
liberal,Reliability,Between-person,Motor,45,51.77777777777778,0.02313561476883097,TRUE,NA,51.77777777777778,0.023184834602725246,TRUE,NA
liberal,Reliability,Between-person,Motor,46,52.54545454545454,0.021792370519456594,TRUE,NA,52.54545454545454,0.021838732670099614,TRUE,NA
liberal,Reliability,Between-person,Motor,47,53.31313131313131,0.020449126270082107,TRUE,NA,53.31313131313131,0.02049263073747365,TRUE,NA
liberal,Reliability,Between-person,Motor,48,54.080808080808076,0.01910588202070762,TRUE,NA,54.080808080808076,0.019146528804847907,TRUE,NA
liberal,Reliability,Between-person,Motor,49,54.848484848484844,0.017762637771333134,TRUE,NA,54.848484848484844,0.017800426872222053,TRUE,NA
liberal,Reliability,Between-person,Motor,50,55.61616161616161,0.01641939352195887,TRUE,NA,55.61616161616161,0.01645432493959642,TRUE,NA
liberal,Reliability,Between-person,Motor,51,56.38383838383838,0.015076149272584272,TRUE,NA,56.38383838383838,0.015108223006970567,TRUE,NA
liberal,Reliability,Between-person,Motor,52,57.15151515151515,0.013732905023209785,TRUE,NA,57.15151515151515,0.013762121074344935,TRUE,NA
liberal,Reliability,Between-person,Motor,53,57.91919191919192,0.012389660773835298,TRUE,NA,57.91919191919192,0.012416019141719081,TRUE,NA
liberal,Reliability,Between-person,Motor,54,58.686868686868685,0.011046416524461034,TRUE,NA,58.686868686868685,0.01106991720909345,TRUE,NA
liberal,Reliability,Between-person,Motor,55,59.45454545454545,0.009703172275086547,TRUE,NA,59.45454545454545,0.009723815276467596,TRUE,NA
liberal,Reliability,Between-person,Motor,56,60.22222222222222,0.00835992802571206,TRUE,NA,60.22222222222222,0.008377713343841853,TRUE,NA
liberal,Reliability,Between-person,Motor,57,60.98989898989899,0.007016683776337573,TRUE,NA,60.98989898989899,0.007031611411215999,TRUE,NA
liberal,Reliability,Between-person,Motor,58,61.75757575757576,0.005673439526963087,TRUE,NA,61.75757575757576,0.005685509478590367,TRUE,NA
liberal,Reliability,Between-person,Motor,59,62.52525252525252,0.004330195277588711,TRUE,NA,62.52525252525252,0.004339407545964513,TRUE,NA
liberal,Reliability,Between-person,Motor,60,63.29292929292929,0.0029869510282143352,TRUE,NA,63.29292929292929,0.0029933056133389924,TRUE,NA
liberal,Reliability,Between-person,Motor,61,64.06060606060606,0.0016437067788398485,TRUE,NA,64.06060606060606,0.0016472036807130275,TRUE,NA
liberal,Reliability,Between-person,Motor,62,64.82828282828282,3.004625294654728e-4,TRUE,NA,64.82828282828282,3.0110174808750667e-4,TRUE,NA
liberal,Reliability,Between-person,Motor,63,65.59595959595958,-0.001042781719909125,FALSE,older,65.59595959595958,-0.0010450001845383472,FALSE,older
liberal,Reliability,Between-person,Motor,64,66.36363636363636,-0.0023860259692836117,FALSE,older,66.36363636363636,-0.002391102117163979,FALSE,older
liberal,Reliability,Between-person,Motor,65,67.13131313131314,-0.0037292702186579874,FALSE,older,67.13131313131314,-0.003737204049789944,FALSE,older
liberal,Reliability,Between-person,Motor,66,67.8989898989899,-0.005072514468032363,FALSE,older,67.8989898989899,-0.005083305982415687,FALSE,older
liberal,Reliability,Between-person,Motor,67,68.66666666666666,-0.00641575871740685,FALSE,older,68.66666666666666,-0.006429407915041319,FALSE,older
liberal,Reliability,Between-person,Motor,68,69.43434343434343,-0.0077590029667813365,FALSE,older,69.43434343434343,-0.0077755098476671725,FALSE,older
liberal,Reliability,Between-person,Motor,69,70.20202020202021,-0.009102247216155823,FALSE,older,70.20202020202021,-0.009121611780292804,FALSE,older
liberal,Reliability,Between-person,Motor,70,70.96969696969697,-0.01044549146553031,FALSE,older,70.96969696969697,-0.010467713712918658,FALSE,older
liberal,Reliability,Between-person,Motor,71,71.73737373737373,-0.011788735714904686,FALSE,older,71.73737373737373,-0.01181381564554429,FALSE,older
liberal,Reliability,Between-person,Motor,72,72.50505050505049,-0.013131979964279061,FALSE,older,72.50505050505049,-0.013159917578170144,FALSE,older
liberal,Reliability,Between-person,Motor,73,73.27272727272727,-0.014475224213653548,FALSE,older,73.27272727272727,-0.014506019510795998,FALSE,older
liberal,Reliability,Between-person,Motor,74,74.04040404040404,-0.015818468463028035,FALSE,older,74.04040404040404,-0.01585212144342163,FALSE,older
liberal,Reliability,Between-person,Motor,75,74.8080808080808,-0.01716171271240252,FALSE,older,74.8080808080808,-0.017198223376047483,FALSE,older
liberal,Reliability,Between-person,Motor,76,75.57575757575756,-0.018504956961776897,FALSE,older,75.57575757575756,-0.018544325308673115,FALSE,older
liberal,Reliability,Between-person,Motor,77,76.34343434343434,-0.019848201211151384,FALSE,older,76.34343434343434,-0.01989042724129897,FALSE,older
liberal,Reliability,Between-person,Motor,78,77.11111111111111,-0.02119144546052576,FALSE,older,77.11111111111111,-0.0212365291739246,FALSE,older
liberal,Reliability,Between-person,Motor,79,77.87878787878788,-0.022534689709900246,FALSE,older,77.87878787878788,-0.022582631106550455,FALSE,older
liberal,Reliability,Between-person,Motor,80,78.64646464646464,-0.023877933959274733,FALSE,older,78.64646464646464,-0.023928733039176087,FALSE,older
liberal,Reliability,Between-person,Motor,81,79.41414141414141,-0.02522117820864922,FALSE,older,79.41414141414141,-0.02527483497180194,FALSE,older
liberal,Reliability,Between-person,Motor,82,80.18181818181819,-0.026564422458023706,FALSE,older,80.18181818181819,-0.026620936904427794,FALSE,older
liberal,Reliability,Between-person,Motor,83,80.94949494949495,-0.027907666707398082,FALSE,older,80.94949494949495,-0.027967038837053426,FALSE,older
liberal,Reliability,Between-person,Motor,84,81.71717171717171,-0.029250910956772458,FALSE,older,81.71717171717171,-0.02931314076967928,FALSE,older
liberal,Reliability,Between-person,Motor,85,82.48484848484848,-0.030594155206146945,FALSE,older,82.48484848484848,-0.0306592427023048,FALSE,older
liberal,Reliability,Between-person,Motor,86,83.25252525252525,-0.03193739945552143,FALSE,older,83.25252525252525,-0.032005344634930655,FALSE,older
liberal,Reliability,Between-person,Motor,87,84.02020202020202,-0.03328064370489592,FALSE,older,84.02020202020202,-0.0333514465675564,FALSE,older
liberal,Reliability,Between-person,Motor,88,84.78787878787878,-0.034623887954270294,FALSE,older,84.78787878787878,-0.03469754850018225,FALSE,older
liberal,Reliability,Between-person,Motor,89,85.55555555555556,-0.03596713220364478,FALSE,older,85.55555555555556,-0.03604365043280777,FALSE,older
liberal,Reliability,Between-person,Motor,90,86.32323232323232,-0.037310376453019156,FALSE,older,86.32323232323232,-0.037389752365433626,FALSE,older
liberal,Reliability,Between-person,Motor,91,87.09090909090908,-0.03865362070239364,FALSE,older,87.09090909090908,-0.03873585429805948,FALSE,older
liberal,Reliability,Between-person,Motor,92,87.85858585858585,-0.03999686495176813,FALSE,older,87.85858585858585,-0.04008195623068511,FALSE,older
liberal,Reliability,Between-person,Motor,93,88.62626262626262,-0.041340109201142616,FALSE,older,88.62626262626262,-0.041428058163310966,FALSE,older
liberal,Reliability,Between-person,Motor,94,89.39393939393939,-0.04268335345051699,FALSE,older,89.39393939393939,-0.0427741600959366,FALSE,older
liberal,Reliability,Between-person,Motor,95,90.16161616161615,-0.04402659769989148,FALSE,older,90.16161616161615,-0.04412026202856245,FALSE,older
liberal,Reliability,Between-person,Motor,96,90.92929292929293,-0.045369841949265854,FALSE,older,90.92929292929293,-0.04546636396118808,FALSE,older
liberal,Reliability,Between-person,Motor,97,91.69696969696969,-0.04671308619864034,FALSE,older,91.69696969696969,-0.04681246589381394,FALSE,older
liberal,Reliability,Between-person,Motor,98,92.46464646464646,-0.04805633044801483,FALSE,older,92.46464646464646,-0.04815856782643957,FALSE,older
liberal,Reliability,Between-person,Motor,99,93.23232323232322,-0.049399574697389315,FALSE,older,93.23232323232322,-0.04950466975906542,FALSE,older
liberal,Reliability,Between-person,Motor,100,94,-0.05074281894676369,FALSE,older,94,-0.05085077169169128,FALSE,older
liberal,Confusability,Between-person,Auditory,1,18,0.13153955730985317,FALSE,young,18,0.13155207385367235,FALSE,young
liberal,Confusability,Between-person,Auditory,2,18.767676767676768,0.12939104960395398,FALSE,young,18.767676767676768,0.12940336170820083,FALSE,young
liberal,Confusability,Between-person,Auditory,3,19.535353535353536,0.12724254189805484,FALSE,young,19.535353535353536,0.12725464956272925,FALSE,young
liberal,Confusability,Between-person,Auditory,4,20.303030303030305,0.12509403419215565,FALSE,young,20.303030303030305,0.12510593741725773,FALSE,young
liberal,Confusability,Between-person,Auditory,5,21.07070707070707,0.1229455264862565,FALSE,young,21.07070707070707,0.1229572252717861,FALSE,young
liberal,Confusability,Between-person,Auditory,6,21.838383838383837,0.12079701878035726,FALSE,young,21.838383838383837,0.12080851312631458,FALSE,young
liberal,Confusability,Between-person,Auditory,7,22.606060606060606,0.11864851107445806,FALSE,young,22.606060606060606,0.118659800980843,FALSE,young
liberal,Confusability,Between-person,Auditory,8,23.373737373737374,0.11650000336855892,FALSE,young,23.373737373737374,0.11651108883537148,FALSE,young
liberal,Confusability,Between-person,Auditory,9,24.141414141414142,0.11435149566265973,FALSE,young,24.141414141414142,0.11436237668989996,FALSE,young
liberal,Confusability,Between-person,Auditory,10,24.909090909090907,0.11220298795676059,FALSE,young,24.909090909090907,0.11221366454442844,FALSE,young
liberal,Confusability,Between-person,Auditory,11,25.676767676767675,0.1100544802508614,FALSE,young,25.676767676767675,0.11006495239895692,FALSE,young
liberal,Confusability,Between-person,Auditory,12,26.444444444444443,0.10790597254496226,FALSE,young,26.444444444444443,0.10791624025348534,FALSE,young
liberal,Confusability,Between-person,Auditory,13,27.21212121212121,0.10575746483906306,FALSE,young,27.21212121212121,0.10576752810801382,FALSE,young
liberal,Confusability,Between-person,Auditory,14,27.97979797979798,0.10360895713316393,FALSE,young,27.97979797979798,0.1036188159625423,FALSE,young
liberal,Confusability,Between-person,Auditory,15,28.747474747474747,0.10146044942726473,FALSE,young,28.747474747474747,0.10147010381707078,FALSE,young
liberal,Confusability,Between-person,Auditory,16,29.515151515151516,0.099311941721365593,TRUE,NA,29.515151515151516,0.09932139167159909,TRUE,NA
liberal,Confusability,Between-person,Auditory,17,30.282828282828284,0.0971634340154664,TRUE,NA,30.282828282828284,0.09717267952612757,TRUE,NA
liberal,Confusability,Between-person,Auditory,18,31.050505050505052,0.09501492630956726,TRUE,NA,31.050505050505052,0.09502396738065605,TRUE,NA
liberal,Confusability,Between-person,Auditory,19,31.818181818181817,0.09286641860366812,TRUE,NA,31.818181818181817,0.09287525523518453,TRUE,NA
liberal,Confusability,Between-person,Auditory,20,32.58585858585859,0.09071791089776893,TRUE,NA,32.58585858585859,0.09072654308971295,TRUE,NA
liberal,Confusability,Between-person,Auditory,21,33.35353535353535,0.08856940319186979,TRUE,NA,33.35353535353535,0.08857783094424143,TRUE,NA
liberal,Confusability,Between-person,Auditory,22,34.121212121212125,0.0864208954859706,TRUE,NA,34.121212121212125,0.08642911879876991,TRUE,NA
liberal,Confusability,Between-person,Auditory,23,34.888888888888886,0.08427238778007146,TRUE,NA,34.888888888888886,0.08428040665329839,TRUE,NA
liberal,Confusability,Between-person,Auditory,24,35.656565656565654,0.08212388007417215,TRUE,NA,35.656565656565654,0.08213169450782681,TRUE,NA
liberal,Confusability,Between-person,Auditory,25,36.42424242424242,0.07997537236827301,TRUE,NA,36.42424242424242,0.07998298236235529,TRUE,NA
liberal,Confusability,Between-person,Auditory,26,37.19191919191919,0.07782686466237382,TRUE,NA,37.19191919191919,0.07783427021688377,TRUE,NA
liberal,Confusability,Between-person,Auditory,27,37.95959595959596,0.07567835695647468,TRUE,NA,37.95959595959596,0.07568555807141214,TRUE,NA
liberal,Confusability,Between-person,Auditory,28,38.72727272727273,0.07352984925057549,TRUE,NA,38.72727272727273,0.07353684592594056,TRUE,NA
liberal,Confusability,Between-person,Auditory,29,39.494949494949495,0.07138134154467635,TRUE,NA,39.494949494949495,0.07138813378046904,TRUE,NA
liberal,Confusability,Between-person,Auditory,30,40.262626262626256,0.06923283383877721,TRUE,NA,40.262626262626256,0.06923942163499752,TRUE,NA
liberal,Confusability,Between-person,Auditory,31,41.03030303030303,0.06708432613287801,TRUE,NA,41.03030303030303,0.067090709489526,TRUE,NA
liberal,Confusability,Between-person,Auditory,32,41.79797979797979,0.06493581842697888,TRUE,NA,41.79797979797979,0.06494199734405448,TRUE,NA
liberal,Confusability,Between-person,Auditory,33,42.56565656565657,0.06278731072107968,TRUE,NA,42.56565656565657,0.0627932851985829,TRUE,NA
liberal,Confusability,Between-person,Auditory,34,43.33333333333333,0.06063880301518054,TRUE,NA,43.33333333333333,0.060644573053111384,TRUE,NA
liberal,Confusability,Between-person,Auditory,35,44.101010101010104,0.05849029530928135,TRUE,NA,44.101010101010104,0.05849586090763981,TRUE,NA
liberal,Confusability,Between-person,Auditory,36,44.868686868686865,0.05634178760338221,TRUE,NA,44.868686868686865,0.05634714876216834,TRUE,NA
liberal,Confusability,Between-person,Auditory,37,45.63636363636363,0.054193279897483015,TRUE,NA,45.63636363636363,0.054198436616696766,TRUE,NA
liberal,Confusability,Between-person,Auditory,38,46.4040404040404,0.05204477219158388,TRUE,NA,46.4040404040404,0.052049724471225245,TRUE,NA
liberal,Confusability,Between-person,Auditory,39,47.17171717171717,0.04989626448568468,TRUE,NA,47.17171717171717,0.04990101232575361,TRUE,NA
liberal,Confusability,Between-person,Auditory,40,47.93939393939394,0.047747756779785544,TRUE,NA,47.93939393939394,0.04775230018028204,TRUE,NA
liberal,Confusability,Between-person,Auditory,41,48.707070707070706,0.04559924907388635,TRUE,NA,48.707070707070706,0.045603588034810516,TRUE,NA
liberal,Confusability,Between-person,Auditory,42,49.474747474747474,0.0434507413679871,TRUE,NA,49.474747474747474,0.043454875889338995,TRUE,NA
liberal,Confusability,Between-person,Auditory,43,50.24242424242424,0.041302233662087906,TRUE,NA,50.24242424242424,0.041306163743867474,TRUE,NA
liberal,Confusability,Between-person,Auditory,44,51.01010101010101,0.03915372595618877,TRUE,NA,51.01010101010101,0.0391574515983959,TRUE,NA
liberal,Confusability,Between-person,Auditory,45,51.77777777777778,0.03700521825028957,TRUE,NA,51.77777777777778,0.03700873945292438,TRUE,NA
liberal,Confusability,Between-person,Auditory,46,52.54545454545454,0.034856710544390435,TRUE,NA,52.54545454545454,0.03486002730745286,TRUE,NA
liberal,Confusability,Between-person,Auditory,47,53.31313131313131,0.032708202838491296,TRUE,NA,53.31313131313131,0.032711315161981336,TRUE,NA
liberal,Confusability,Between-person,Auditory,48,54.080808080808076,0.030559695132592102,TRUE,NA,54.080808080808076,0.030562603016509815,TRUE,NA
liberal,Confusability,Between-person,Auditory,49,54.848484848484844,0.028411187426692963,TRUE,NA,54.848484848484844,0.02841389087103824,TRUE,NA
liberal,Confusability,Between-person,Auditory,50,55.61616161616161,0.02626267972079377,TRUE,NA,55.61616161616161,0.026265178725566607,TRUE,NA
liberal,Confusability,Between-person,Auditory,51,56.38383838383838,0.02411417201489463,TRUE,NA,56.38383838383838,0.024116466580095086,TRUE,NA
liberal,Confusability,Between-person,Auditory,52,57.15151515151515,0.021965664308995436,TRUE,NA,57.15151515151515,0.021967754434623565,TRUE,NA
liberal,Confusability,Between-person,Auditory,53,57.91919191919192,0.019817156603096298,TRUE,NA,57.91919191919192,0.01981904228915199,TRUE,NA
liberal,Confusability,Between-person,Auditory,54,58.686868686868685,0.017668648897197103,TRUE,NA,58.686868686868685,0.01767033014368047,TRUE,NA
liberal,Confusability,Between-person,Auditory,55,59.45454545454545,0.015520141191297965,TRUE,NA,59.45454545454545,0.015521617998208947,TRUE,NA
liberal,Confusability,Between-person,Auditory,56,60.22222222222222,0.01337163348539877,TRUE,NA,60.22222222222222,0.013372905852737371,TRUE,NA
liberal,Confusability,Between-person,Auditory,57,60.98989898989899,0.011223125779499632,TRUE,NA,60.98989898989899,0.01122419370726585,TRUE,NA
liberal,Confusability,Between-person,Auditory,58,61.75757575757576,0.009074618073600438,TRUE,NA,61.75757575757576,0.00907548156179433,TRUE,NA
liberal,Confusability,Between-person,Auditory,59,62.52525252525252,0.006926110367701299,TRUE,NA,62.52525252525252,0.006926769416322809,TRUE,NA
liberal,Confusability,Between-person,Auditory,60,63.29292929292929,0.0047776026618020495,TRUE,NA,63.29292929292929,0.004778057270851288,TRUE,NA
liberal,Confusability,Between-person,Auditory,61,64.06060606060606,0.0026290949559028554,TRUE,NA,64.06060606060606,0.0026293451253797118,TRUE,NA
liberal,Confusability,Between-person,Auditory,62,64.82828282828282,4.805872500037167e-4,TRUE,NA,64.82828282828282,4.8063297990807996e-4,TRUE,NA
liberal,Confusability,Between-person,Auditory,63,65.59595959595958,-0.001667920455895422,FALSE,older,65.59595959595958,-0.0016680791655634408,FALSE,older
liberal,Confusability,Between-person,Auditory,64,66.36363636363636,-0.003816428161794616,FALSE,older,66.36363636363636,-0.0038167913110349616,FALSE,older
liberal,Confusability,Between-person,Auditory,65,67.13131313131314,-0.00596493586769381,FALSE,older,67.13131313131314,-0.005965503456506538,FALSE,older
liberal,Confusability,Between-person,Auditory,66,67.8989898989899,-0.008113443573592949,FALSE,older,67.8989898989899,-0.008114215601978059,FALSE,older
liberal,Confusability,Between-person,Auditory,67,68.66666666666666,-0.010261951279492115,FALSE,older,68.66666666666666,-0.01026292774744958,FALSE,older
liberal,Confusability,Between-person,Auditory,68,69.43434343434343,-0.012410458985391282,FALSE,older,69.43434343434343,-0.012411639892921128,FALSE,older
liberal,Confusability,Between-person,Auditory,69,70.20202020202021,-0.014558966691290476,FALSE,older,70.20202020202021,-0.014560352038392677,FALSE,older
liberal,Confusability,Between-person,Auditory,70,70.96969696969697,-0.016707474397189614,FALSE,older,70.96969696969697,-0.016709064183864197,FALSE,older
liberal,Confusability,Between-person,Auditory,71,71.73737373737373,-0.01885598210308878,FALSE,older,71.73737373737373,-0.018857776329335718,FALSE,older
liberal,Confusability,Between-person,Auditory,72,72.50505050505049,-0.02100448980898792,FALSE,older,72.50505050505049,-0.02100648847480724,FALSE,older
liberal,Confusability,Between-person,Auditory,73,73.27272727272727,-0.023152997514887086,FALSE,older,73.27272727272727,-0.0231552006202789,FALSE,older
liberal,Confusability,Between-person,Auditory,74,74.04040404040404,-0.02530150522078628,FALSE,older,74.04040404040404,-0.025303912765750447,FALSE,older
liberal,Confusability,Between-person,Auditory,75,74.8080808080808,-0.02745001292668542,FALSE,older,74.8080808080808,-0.027452624911221968,FALSE,older
liberal,Confusability,Between-person,Auditory,76,75.57575757575756,-0.029598520632584585,FALSE,older,75.57575757575756,-0.02960133705669349,FALSE,older
liberal,Confusability,Between-person,Auditory,77,76.34343434343434,-0.03174702833848375,FALSE,older,76.34343434343434,-0.03175004920216504,FALSE,older
liberal,Confusability,Between-person,Auditory,78,77.11111111111111,-0.03389553604438306,FALSE,older,77.11111111111111,-0.033898761347636586,FALSE,older
liberal,Confusability,Between-person,Auditory,79,77.87878787878788,-0.036044043750282195,FALSE,older,77.87878787878788,-0.036047473493108106,FALSE,older
liberal,Confusability,Between-person,Auditory,80,78.64646464646464,-0.03819255145618136,FALSE,older,78.64646464646464,-0.03819618563857963,FALSE,older
liberal,Confusability,Between-person,Auditory,81,79.41414141414141,-0.04034105916208053,FALSE,older,79.41414141414141,-0.040344897784051176,FALSE,older
liberal,Confusability,Between-person,Auditory,82,80.18181818181819,-0.04248956686797972,FALSE,older,80.18181818181819,-0.042493609929522724,FALSE,older
liberal,Confusability,Between-person,Auditory,83,80.94949494949495,-0.04463807457387886,FALSE,older,80.94949494949495,-0.044642322074994245,FALSE,older
liberal,Confusability,Between-person,Auditory,84,81.71717171717171,-0.04678658227977803,FALSE,older,81.71717171717171,-0.04679103422046588,FALSE,older
liberal,Confusability,Between-person,Auditory,85,82.48484848484848,-0.048935089985677194,FALSE,older,82.48484848484848,-0.048939746365937425,FALSE,older
liberal,Confusability,Between-person,Auditory,86,83.25252525252525,-0.05108359769157636,FALSE,older,83.25252525252525,-0.051088458511408946,FALSE,older
liberal,Confusability,Between-person,Auditory,87,84.02020202020202,-0.053232105397475526,FALSE,older,84.02020202020202,-0.053237170656880495,FALSE,older
liberal,Confusability,Between-person,Auditory,88,84.78787878787878,-0.055380613103374665,FALSE,older,84.78787878787878,-0.055385882802352016,FALSE,older
liberal,Confusability,Between-person,Auditory,89,85.55555555555556,-0.05752912080927386,FALSE,older,85.55555555555556,-0.05753459494782359,FALSE,older
liberal,Confusability,Between-person,Auditory,90,86.32323232323232,-0.059677628515173,FALSE,older,86.32323232323232,-0.059683307093295085,FALSE,older
liberal,Confusability,Between-person,Auditory,91,87.09090909090908,-0.061826136221072164,FALSE,older,87.09090909090908,-0.061832019238766606,FALSE,older
liberal,Confusability,Between-person,Auditory,92,87.85858585858585,-0.06397464392697133,FALSE,older,87.85858585858585,-0.06398073138423815,FALSE,older
liberal,Confusability,Between-person,Auditory,93,88.62626262626262,-0.0661231516328705,FALSE,older,88.62626262626262,-0.06612944352970967,FALSE,older
liberal,Confusability,Between-person,Auditory,94,89.39393939393939,-0.06827165933876966,FALSE,older,89.39393939393939,-0.06827815567518125,FALSE,older
liberal,Confusability,Between-person,Auditory,95,90.16161616161615,-0.07042016704466883,FALSE,older,90.16161616161615,-0.07042686782065274,FALSE,older
liberal,Confusability,Between-person,Auditory,96,90.92929292929293,-0.07256867475056811,FALSE,older,90.92929292929293,-0.07257557996612443,FALSE,older
liberal,Confusability,Between-person,Auditory,97,91.69696969696969,-0.07471718245646727,FALSE,older,91.69696969696969,-0.07472429211159592,FALSE,older
liberal,Confusability,Between-person,Auditory,98,92.46464646464646,-0.07686569016236644,FALSE,older,92.46464646464646,-0.0768730042570675,FALSE,older
liberal,Confusability,Between-person,Auditory,99,93.23232323232322,-0.0790141978682656,FALSE,older,93.23232323232322,-0.07902171640253902,FALSE,older
liberal,Confusability,Between-person,Auditory,100,94,-0.08116270557416477,FALSE,older,94,-0.08117042854801057,FALSE,older
liberal,Confusability,Between-person,Visual,1,18,-0.03139914468109342,FALSE,young,18,-0.03130982264637952,FALSE,young
liberal,Confusability,Between-person,Visual,2,18.767676767676768,-0.030886285236484984,FALSE,young,18.767676767676768,-0.0307984221475347,FALSE,young
liberal,Confusability,Between-person,Visual,3,19.535353535353536,-0.030373425791876518,FALSE,young,19.535353535353536,-0.030287021648689905,FALSE,young
liberal,Confusability,Between-person,Visual,4,20.303030303030305,-0.02986056634726808,FALSE,young,20.303030303030305,-0.02977562114984511,FALSE,young
liberal,Confusability,Between-person,Visual,5,21.07070707070707,-0.029347706902659643,FALSE,young,21.07070707070707,-0.029264220651000317,FALSE,young
liberal,Confusability,Between-person,Visual,6,21.838383838383837,-0.028834847458051177,FALSE,young,21.838383838383837,-0.028752820152155523,FALSE,young
liberal,Confusability,Between-person,Visual,7,22.606060606060606,-0.02832198801344274,FALSE,young,22.606060606060606,-0.02824141965331073,FALSE,young
liberal,Confusability,Between-person,Visual,8,23.373737373737374,-0.0278091285688343,FALSE,young,23.373737373737374,-0.027730019154465935,FALSE,young
liberal,Confusability,Between-person,Visual,9,24.141414141414142,-0.027296269124225864,FALSE,young,24.141414141414142,-0.02721861865562114,FALSE,young
liberal,Confusability,Between-person,Visual,10,24.909090909090907,-0.026783409679617398,FALSE,young,24.909090909090907,-0.02670721815677632,FALSE,young
liberal,Confusability,Between-person,Visual,11,25.676767676767675,-0.02627055023500896,FALSE,young,25.676767676767675,-0.026195817657931525,FALSE,young
liberal,Confusability,Between-person,Visual,12,26.444444444444443,-0.025757690790400523,FALSE,young,26.444444444444443,-0.02568441715908673,FALSE,young
liberal,Confusability,Between-person,Visual,13,27.21212121212121,-0.025244831345792085,FALSE,young,27.21212121212121,-0.025173016660241937,FALSE,young
liberal,Confusability,Between-person,Visual,14,27.97979797979798,-0.02473197190118362,FALSE,young,27.97979797979798,-0.024661616161397143,FALSE,young
liberal,Confusability,Between-person,Visual,15,28.747474747474747,-0.02421911245657518,FALSE,young,28.747474747474747,-0.02415021566255235,FALSE,young
liberal,Confusability,Between-person,Visual,16,29.515151515151516,-0.023706253011966716,TRUE,NA,29.515151515151516,-0.023638815163707527,TRUE,NA
liberal,Confusability,Between-person,Visual,17,30.282828282828284,-0.023193393567358278,TRUE,NA,30.282828282828284,-0.023127414664862733,TRUE,NA
liberal,Confusability,Between-person,Visual,18,31.050505050505052,-0.02268053412274984,TRUE,NA,31.050505050505052,-0.02261601416601794,TRUE,NA
liberal,Confusability,Between-person,Visual,19,31.818181818181817,-0.022167674678141402,TRUE,NA,31.818181818181817,-0.022104613667173145,TRUE,NA
liberal,Confusability,Between-person,Visual,20,32.58585858585859,-0.021654815233532937,TRUE,NA,32.58585858585859,-0.02159321316832835,TRUE,NA
liberal,Confusability,Between-person,Visual,21,33.35353535353535,-0.0211419557889245,TRUE,NA,33.35353535353535,-0.021081812669483557,TRUE,NA
liberal,Confusability,Between-person,Visual,22,34.121212121212125,-0.02062909634431606,TRUE,NA,34.121212121212125,-0.020570412170638763,TRUE,NA
liberal,Confusability,Between-person,Visual,23,34.888888888888886,-0.020116236899707596,TRUE,NA,34.888888888888886,-0.02005901167179397,TRUE,NA
liberal,Confusability,Between-person,Visual,24,35.656565656565654,-0.019603377455099158,TRUE,NA,35.656565656565654,-0.019547611172949175,TRUE,NA
liberal,Confusability,Between-person,Visual,25,36.42424242424242,-0.01909051801049072,TRUE,NA,36.42424242424242,-0.019036210674104367,TRUE,NA
liberal,Confusability,Between-person,Visual,26,37.19191919191919,-0.018577658565882282,TRUE,NA,37.19191919191919,-0.018524810175259573,TRUE,NA
liberal,Confusability,Between-person,Visual,27,37.95959595959596,-0.01806479912127383,TRUE,NA,37.95959595959596,-0.018013409676414766,TRUE,NA
liberal,Confusability,Between-person,Visual,28,38.72727272727273,-0.01755193967666538,TRUE,NA,38.72727272727273,-0.01750200917756997,TRUE,NA
liberal,Confusability,Between-person,Visual,29,39.494949494949495,-0.017039080232056927,TRUE,NA,39.494949494949495,-0.016990608678725178,TRUE,NA
liberal,Confusability,Between-person,Visual,30,40.262626262626256,-0.01652622078744849,TRUE,NA,40.262626262626256,-0.016479208179880384,TRUE,NA
liberal,Confusability,Between-person,Visual,31,41.03030303030303,-0.016013361342840038,TRUE,NA,41.03030303030303,-0.015967807681035576,TRUE,NA
liberal,Confusability,Between-person,Visual,32,41.79797979797979,-0.0155005018982316,TRUE,NA,41.79797979797979,-0.015456407182190796,TRUE,NA
liberal,Confusability,Between-person,Visual,33,42.56565656565657,-0.014987642453623135,TRUE,NA,42.56565656565657,-0.014945006683345974,TRUE,NA
liberal,Confusability,Between-person,Visual,34,43.33333333333333,-0.01447478300901471,TRUE,NA,43.33333333333333,-0.014433606184501194,TRUE,NA
liberal,Confusability,Between-person,Visual,35,44.101010101010104,-0.013961923564406259,TRUE,NA,44.101010101010104,-0.013922205685656386,TRUE,NA
liberal,Confusability,Between-person,Visual,36,44.868686868686865,-0.013449064119797807,TRUE,NA,44.868686868686865,-0.013410805186811592,TRUE,NA
liberal,Confusability,Between-person,Visual,37,45.63636363636363,-0.012936204675189356,TRUE,NA,45.63636363636363,-0.012899404687966798,TRUE,NA
liberal,Confusability,Between-person,Visual,38,46.4040404040404,-0.012423345230580918,TRUE,NA,46.4040404040404,-0.012388004189122004,TRUE,NA
liberal,Confusability,Between-person,Visual,39,47.17171717171717,-0.011910485785972466,TRUE,NA,47.17171717171717,-0.011876603690277196,TRUE,NA
liberal,Confusability,Between-person,Visual,40,47.93939393939394,-0.011397626341364028,TRUE,NA,47.93939393939394,-0.011365203191432402,TRUE,NA
liberal,Confusability,Between-person,Visual,41,48.707070707070706,-0.010884766896755577,TRUE,NA,48.707070707070706,-0.010853802692587608,TRUE,NA
liberal,Confusability,Between-person,Visual,42,49.474747474747474,-0.010371907452147125,TRUE,NA,49.474747474747474,-0.010342402193742814,TRUE,NA
liberal,Confusability,Between-person,Visual,43,50.24242424242424,-0.009859048007538687,TRUE,NA,50.24242424242424,-0.00983100169489802,TRUE,NA
liberal,Confusability,Between-person,Visual,44,51.01010101010101,-0.00934618856293025,TRUE,NA,51.01010101010101,-0.009319601196053212,TRUE,NA
liberal,Confusability,Between-person,Visual,45,51.77777777777778,-0.008833329118321798,TRUE,NA,51.77777777777778,-0.008808200697208418,TRUE,NA
liberal,Confusability,Between-person,Visual,46,52.54545454545454,-0.008320469673713346,TRUE,NA,52.54545454545454,-0.008296800198363624,TRUE,NA
liberal,Confusability,Between-person,Visual,47,53.31313131313131,-0.007807610229104908,TRUE,NA,53.31313131313131,-0.007785399699518816,TRUE,NA
liberal,Confusability,Between-person,Visual,48,54.080808080808076,-0.0072947507844964565,TRUE,NA,54.080808080808076,-0.007273999200674022,TRUE,NA
liberal,Confusability,Between-person,Visual,49,54.848484848484844,-0.006781891339888019,TRUE,NA,54.848484848484844,-0.006762598701829228,TRUE,NA
liberal,Confusability,Between-person,Visual,50,55.61616161616161,-0.006269031895279567,TRUE,NA,55.61616161616161,-0.00625119820298442,TRUE,NA
liberal,Confusability,Between-person,Visual,51,56.38383838383838,-0.005756172450671115,TRUE,NA,56.38383838383838,-0.005739797704139626,TRUE,NA
liberal,Confusability,Between-person,Visual,52,57.15151515151515,-0.005243313006062678,TRUE,NA,57.15151515151515,-0.005228397205294832,TRUE,NA
liberal,Confusability,Between-person,Visual,53,57.91919191919192,-0.00473045356145424,TRUE,NA,57.91919191919192,-0.0047169967064500246,TRUE,NA
liberal,Confusability,Between-person,Visual,54,58.686868686868685,-0.004217594116845788,TRUE,NA,58.686868686868685,-0.0042055962076052306,TRUE,NA
liberal,Confusability,Between-person,Visual,55,59.45454545454545,-0.0037047346722373364,TRUE,NA,59.45454545454545,-0.0036941957087604366,TRUE,NA
liberal,Confusability,Between-person,Visual,56,60.22222222222222,-0.0031918752276288848,TRUE,NA,60.22222222222222,-0.0031827952099156287,TRUE,NA
liberal,Confusability,Between-person,Visual,57,60.98989898989899,-0.002679015783020433,TRUE,NA,60.98989898989899,-0.0026713947110708347,TRUE,NA
liberal,Confusability,Between-person,Visual,58,61.75757575757576,-0.0021661563384119953,TRUE,NA,61.75757575757576,-0.0021599942122260407,TRUE,NA
liberal,Confusability,Between-person,Visual,59,62.52525252525252,-0.0016532968938035575,TRUE,NA,62.52525252525252,-0.0016485937133812467,TRUE,NA
liberal,Confusability,Between-person,Visual,60,63.29292929292929,-0.0011404374491951058,TRUE,NA,63.29292929292929,-0.0011371932145364388,TRUE,NA
liberal,Confusability,Between-person,Visual,61,64.06060606060606,-6.275780045866541e-4,TRUE,NA,64.06060606060606,-6.257927156916449e-4,TRUE,NA
liberal,Confusability,Between-person,Visual,62,64.82828282828282,-1.1471855997821634e-4,TRUE,NA,64.82828282828282,-1.1439221684685086e-4,TRUE,NA
liberal,Confusability,Between-person,Visual,63,65.59595959595958,3.9814088463022146e-4,FALSE,older,65.59595959595958,3.9700828199792926e-4,FALSE,older
liberal,Confusability,Between-person,Visual,64,66.36363636363636,9.11000329238687e-4,FALSE,older,66.36363636363636,9.08408780842751e-4,FALSE,older
liberal,Confusability,Between-person,Visual,65,67.13131313131314,0.0014238597738471248,FALSE,older,67.13131313131314,0.001419809279687545,FALSE,older
liberal,Confusability,Between-person,Visual,66,67.8989898989899,0.0019367192184555765,FALSE,older,67.8989898989899,0.001931209778532339,FALSE,older
liberal,Confusability,Between-person,Visual,67,68.66666666666666,0.0024495786630640143,FALSE,older,68.66666666666666,0.002442610277377133,FALSE,older
liberal,Confusability,Between-person,Visual,68,69.43434343434343,0.002962438107672466,FALSE,older,69.43434343434343,0.002954010776221941,FALSE,older
liberal,Confusability,Between-person,Visual,69,70.20202020202021,0.0034752975522809176,FALSE,older,70.20202020202021,0.003465411275066735,FALSE,older
liberal,Confusability,Between-person,Visual,70,70.96969696969697,0.0039881569968893554,FALSE,older,70.96969696969697,0.003976811773911543,FALSE,older
liberal,Confusability,Between-person,Visual,71,71.73737373737373,0.004501016441497793,FALSE,older,71.73737373737373,0.004488212272756323,FALSE,older
liberal,Confusability,Between-person,Visual,72,72.50505050505049,0.005013875886106231,FALSE,older,72.50505050505049,0.004999612771601117,FALSE,older
liberal,Confusability,Between-person,Visual,73,73.27272727272727,0.005526735330714697,FALSE,older,73.27272727272727,0.005511013270445925,FALSE,older
liberal,Confusability,Between-person,Visual,74,74.04040404040404,0.006039594775323134,FALSE,older,74.04040404040404,0.006022413769290733,FALSE,older
liberal,Confusability,Between-person,Visual,75,74.8080808080808,0.006552454219931586,FALSE,older,74.8080808080808,0.006533814268135513,FALSE,older
liberal,Confusability,Between-person,Visual,76,75.57575757575756,0.007065313664540024,FALSE,older,75.57575757575756,0.0070452147669803206,FALSE,older
liberal,Confusability,Between-person,Visual,77,76.34343434343434,0.0075781731091484755,FALSE,older,76.34343434343434,0.0075566152658251146,FALSE,older
liberal,Confusability,Between-person,Visual,78,77.11111111111111,0.008091032553756941,FALSE,older,77.11111111111111,0.008068015764669922,FALSE,older
liberal,Confusability,Between-person,Visual,79,77.87878787878788,0.008603891998365365,FALSE,older,77.87878787878788,0.008579416263514703,FALSE,older
liberal,Confusability,Between-person,Visual,80,78.64646464646464,0.009116751442973803,FALSE,older,78.64646464646464,0.009090816762359497,FALSE,older
liberal,Confusability,Between-person,Visual,81,79.41414141414141,0.009629610887582254,FALSE,older,79.41414141414141,0.009602217261204304,FALSE,older
liberal,Confusability,Between-person,Visual,82,80.18181818181819,0.01014247033219072,FALSE,older,80.18181818181819,0.010113617760049112,FALSE,older
liberal,Confusability,Between-person,Visual,83,80.94949494949495,0.010655329776799144,FALSE,older,80.94949494949495,0.010625018258893892,FALSE,older
liberal,Confusability,Between-person,Visual,84,81.71717171717171,0.011168189221407596,FALSE,older,81.71717171717171,0.0111364187577387,FALSE,older
liberal,Confusability,Between-person,Visual,85,82.48484848484848,0.011681048666016047,FALSE,older,82.48484848484848,0.011647819256583494,FALSE,older
liberal,Confusability,Between-person,Visual,86,83.25252525252525,0.012193908110624485,FALSE,older,83.25252525252525,0.012159219755428288,FALSE,older
liberal,Confusability,Between-person,Visual,87,84.02020202020202,0.01270676755523295,FALSE,older,84.02020202020202,0.012670620254273096,FALSE,older
liberal,Confusability,Between-person,Visual,88,84.78787878787878,0.013219626999841375,FALSE,older,84.78787878787878,0.01318202075311789,FALSE,older
liberal,Confusability,Between-person,Visual,89,85.55555555555556,0.013732486444449826,FALSE,older,85.55555555555556,0.013693421251962684,FALSE,older
liberal,Confusability,Between-person,Visual,90,86.32323232323232,0.014245345889058278,FALSE,older,86.32323232323232,0.014204821750807492,FALSE,older
liberal,Confusability,Between-person,Visual,91,87.09090909090908,0.014758205333666716,FALSE,older,87.09090909090908,0.014716222249652286,FALSE,older
liberal,Confusability,Between-person,Visual,92,87.85858585858585,0.015271064778275167,FALSE,older,87.85858585858585,0.01522762274849708,FALSE,older
liberal,Confusability,Between-person,Visual,93,88.62626262626262,0.015783924222883605,FALSE,older,88.62626262626262,0.015739023247341888,FALSE,older
liberal,Confusability,Between-person,Visual,94,89.39393939393939,0.016296783667492057,FALSE,older,89.39393939393939,0.016250423746186682,FALSE,older
liberal,Confusability,Between-person,Visual,95,90.16161616161615,0.01680964311210051,FALSE,older,90.16161616161615,0.016761824245031476,FALSE,older
liberal,Confusability,Between-person,Visual,96,90.92929292929293,0.01732250255670896,FALSE,older,90.92929292929293,0.01727322474387627,FALSE,older
liberal,Confusability,Between-person,Visual,97,91.69696969696969,0.017835362001317398,FALSE,older,91.69696969696969,0.017784625242721078,FALSE,older
liberal,Confusability,Between-person,Visual,98,92.46464646464646,0.018348221445925836,FALSE,older,92.46464646464646,0.01829602574156587,FALSE,older
liberal,Confusability,Between-person,Visual,99,93.23232323232322,0.018861080890534287,FALSE,older,93.23232323232322,0.018807426240410652,FALSE,older
liberal,Confusability,Between-person,Visual,100,94,0.01937394033514274,FALSE,older,94,0.01931882673925546,FALSE,older
liberal,Confusability,Between-person,Motor,1,18,-0.10253780326261108,FALSE,young,18,-0.10266118291789006,FALSE,young
liberal,Confusability,Between-person,Motor,2,18.767676767676768,-0.10086299710573199,FALSE,young,18.767676767676768,-0.10098436153345858,FALSE,young
liberal,Confusability,Between-person,Motor,3,19.535353535353536,-0.0991881909488529,FALSE,young,19.535353535353536,-0.0993075401490271,FALSE,young
liberal,Confusability,Between-person,Motor,4,20.303030303030305,-0.0975133847919738,FALSE,young,20.303030303030305,-0.09763071876459561,FALSE,young
liberal,Confusability,Between-person,Motor,5,21.07070707070707,-0.0958385786350947,FALSE,young,21.07070707070707,-0.09595389738016402,FALSE,young
liberal,Confusability,Between-person,Motor,6,21.838383838383837,-0.09416377247821572,FALSE,young,21.838383838383837,-0.09427707599573254,FALSE,young
liberal,Confusability,Between-person,Motor,7,22.606060606060606,-0.09248896632133652,FALSE,young,22.606060606060606,-0.09260025461130106,FALSE,young
liberal,Confusability,Between-person,Motor,8,23.373737373737374,-0.09081416016445742,FALSE,young,23.373737373737374,-0.09092343322686958,FALSE,young
liberal,Confusability,Between-person,Motor,9,24.141414141414142,-0.08913935400757833,FALSE,young,24.141414141414142,-0.0892466118424382,FALSE,young
liberal,Confusability,Between-person,Motor,10,24.909090909090907,-0.08746454785069924,FALSE,young,24.909090909090907,-0.08756979045800672,FALSE,young
liberal,Confusability,Between-person,Motor,11,25.676767676767675,-0.08578974169382025,FALSE,young,25.676767676767675,-0.08589296907357535,FALSE,young
liberal,Confusability,Between-person,Motor,12,26.444444444444443,-0.08411493553694105,FALSE,young,26.444444444444443,-0.08421614768914387,FALSE,young
liberal,Confusability,Between-person,Motor,13,27.21212121212121,-0.08244012938006196,FALSE,young,27.21212121212121,-0.08253932630471239,FALSE,young
liberal,Confusability,Between-person,Motor,14,27.97979797979798,-0.08076532322318286,FALSE,young,27.97979797979798,-0.0808625049202808,FALSE,young
liberal,Confusability,Between-person,Motor,15,28.747474747474747,-0.07909051706630377,FALSE,young,28.747474747474747,-0.07918568353584932,FALSE,young
liberal,Confusability,Between-person,Motor,16,29.515151515151516,-0.07741571090942456,TRUE,NA,29.515151515151516,-0.07750886215141783,TRUE,NA
liberal,Confusability,Between-person,Motor,17,30.282828282828284,-0.07574090475254547,TRUE,NA,30.282828282828284,-0.07583204076698646,TRUE,NA
liberal,Confusability,Between-person,Motor,18,31.050505050505052,-0.07406609859566649,TRUE,NA,31.050505050505052,-0.07415521938255498,TRUE,NA
liberal,Confusability,Between-person,Motor,19,31.818181818181817,-0.07239129243878739,TRUE,NA,31.818181818181817,-0.0724783979981235,TRUE,NA
liberal,Confusability,Between-person,Motor,20,32.58585858585859,-0.07071648628190819,TRUE,NA,32.58585858585859,-0.07080157661369202,TRUE,NA
liberal,Confusability,Between-person,Motor,21,33.35353535353535,-0.06904168012502909,TRUE,NA,33.35353535353535,-0.06912475522926054,TRUE,NA
liberal,Confusability,Between-person,Motor,22,34.121212121212125,-0.06736687396815,TRUE,NA,34.121212121212125,-0.06744793384482906,TRUE,NA
liberal,Confusability,Between-person,Motor,23,34.888888888888886,-0.0656920678112709,TRUE,NA,34.888888888888886,-0.06577111246039757,TRUE,NA
liberal,Confusability,Between-person,Motor,24,35.656565656565654,-0.06401726165439192,TRUE,NA,35.656565656565654,-0.06409429107596609,TRUE,NA
liberal,Confusability,Between-person,Motor,25,36.42424242424242,-0.062342455497512717,TRUE,NA,36.42424242424242,-0.06241746969153461,TRUE,NA
liberal,Confusability,Between-person,Motor,26,37.19191919191919,-0.060667649340633734,TRUE,NA,37.19191919191919,-0.06074064830710324,TRUE,NA
liberal,Confusability,Between-person,Motor,27,37.95959595959596,-0.05899284318375464,TRUE,NA,37.95959595959596,-0.05906382692267176,TRUE,NA
liberal,Confusability,Between-person,Motor,28,38.72727272727273,-0.057318037026875546,TRUE,NA,38.72727272727273,-0.05738700553824028,TRUE,NA
liberal,Confusability,Between-person,Motor,29,39.494949494949495,-0.05564323086999634,TRUE,NA,39.494949494949495,-0.055710184153808795,TRUE,NA
liberal,Confusability,Between-person,Motor,30,40.262626262626256,-0.05396842471311725,TRUE,NA,40.262626262626256,-0.05403336276937731,TRUE,NA
liberal,Confusability,Between-person,Motor,31,41.03030303030303,-0.05229361855623815,TRUE,NA,41.03030303030303,-0.05235654138494572,TRUE,NA
liberal,Confusability,Between-person,Motor,32,41.79797979797979,-0.05061881239935906,TRUE,NA,41.79797979797979,-0.05067972000051424,TRUE,NA
liberal,Confusability,Between-person,Motor,33,42.56565656565657,-0.048944006242479854,TRUE,NA,42.56565656565657,-0.04900289861608276,TRUE,NA
liberal,Confusability,Between-person,Motor,34,43.33333333333333,-0.04726920008560087,TRUE,NA,43.33333333333333,-0.0473260772316515,TRUE,NA
liberal,Confusability,Between-person,Motor,35,44.101010101010104,-0.04559439392872178,TRUE,NA,44.101010101010104,-0.045649255847220016,TRUE,NA
liberal,Confusability,Between-person,Motor,36,44.868686868686865,-0.04391958777184268,TRUE,NA,44.868686868686865,-0.043972434462788534,TRUE,NA
liberal,Confusability,Between-person,Motor,37,45.63636363636363,-0.04224478161496359,TRUE,NA,45.63636363636363,-0.04229561307835705,TRUE,NA
liberal,Confusability,Between-person,Motor,38,46.4040404040404,-0.040569975458084384,TRUE,NA,46.4040404040404,-0.04061879169392546,TRUE,NA
liberal,Confusability,Between-person,Motor,39,47.17171717171717,-0.03889516930120529,TRUE,NA,47.17171717171717,-0.03894197030949398,TRUE,NA
liberal,Confusability,Between-person,Motor,40,47.93939393939394,-0.037220363144326196,TRUE,NA,47.93939393939394,-0.0372651489250625,TRUE,NA
liberal,Confusability,Between-person,Motor,41,48.707070707070706,-0.0355455569874471,TRUE,NA,48.707070707070706,-0.035588327540631015,TRUE,NA
liberal,Confusability,Between-person,Motor,42,49.474747474747474,-0.03387075083056812,TRUE,NA,49.474747474747474,-0.033911506156199644,TRUE,NA
liberal,Confusability,Between-person,Motor,43,50.24242424242424,-0.032195944673689025,TRUE,NA,50.24242424242424,-0.03223468477176816,TRUE,NA
liberal,Confusability,Between-person,Motor,44,51.01010101010101,-0.03052113851680993,TRUE,NA,51.01010101010101,-0.03055786338733668,TRUE,NA
liberal,Confusability,Between-person,Motor,45,51.77777777777778,-0.028846332359930837,TRUE,NA,51.77777777777778,-0.02888104200290531,TRUE,NA
liberal,Confusability,Between-person,Motor,46,52.54545454545454,-0.027171526203051743,TRUE,NA,52.54545454545454,-0.02720422061847383,TRUE,NA
liberal,Confusability,Between-person,Motor,47,53.31313131313131,-0.02549672004617254,TRUE,NA,53.31313131313131,-0.025527399234042236,TRUE,NA
liberal,Confusability,Between-person,Motor,48,54.080808080808076,-0.023821913889293445,TRUE,NA,54.080808080808076,-0.023850577849610755,TRUE,NA
liberal,Confusability,Between-person,Motor,49,54.848484848484844,-0.02214710773241446,TRUE,NA,54.848484848484844,-0.022173756465179273,TRUE,NA
liberal,Confusability,Between-person,Motor,50,55.61616161616161,-0.020472301575535368,TRUE,NA,55.61616161616161,-0.020496935080747902,TRUE,NA
liberal,Confusability,Between-person,Motor,51,56.38383838383838,-0.018797495418656163,TRUE,NA,56.38383838383838,-0.01882011369631642,TRUE,NA
liberal,Confusability,Between-person,Motor,52,57.15151515151515,-0.01712268926177707,TRUE,NA,57.15151515151515,-0.01714329231188494,TRUE,NA
liberal,Confusability,Between-person,Motor,53,57.91919191919192,-0.015447883104897975,TRUE,NA,57.91919191919192,-0.015466470927453457,TRUE,NA
liberal,Confusability,Between-person,Motor,54,58.686868686868685,-0.01377307694801888,TRUE,NA,58.686868686868685,-0.013789649543021976,TRUE,NA
liberal,Confusability,Between-person,Motor,55,59.45454545454545,-0.012098270791139676,TRUE,NA,59.45454545454545,-0.012112828158590383,TRUE,NA
liberal,Confusability,Between-person,Motor,56,60.22222222222222,-0.010423464634260582,TRUE,NA,60.22222222222222,-0.010436006774159012,TRUE,NA
liberal,Confusability,Between-person,Motor,57,60.98989898989899,-0.008748658477381599,TRUE,NA,60.98989898989899,-0.00875918538972753,TRUE,NA
liberal,Confusability,Between-person,Motor,58,61.75757575757576,-0.007073852320502505,TRUE,NA,61.75757575757576,-0.007082364005296049,TRUE,NA
liberal,Confusability,Between-person,Motor,59,62.52525252525252,-0.005399046163623411,TRUE,NA,62.52525252525252,-0.005405542620864678,TRUE,NA
liberal,Confusability,Between-person,Motor,60,63.29292929292929,-0.003724240006744317,TRUE,NA,63.29292929292929,-0.0037287212364331968,TRUE,NA
liberal,Confusability,Between-person,Motor,61,64.06060606060606,-0.002049433849865223,TRUE,NA,64.06060606060606,-0.002051899852001604,TRUE,NA
liberal,Confusability,Between-person,Motor,62,64.82828282828282,-3.746276929861292e-4,TRUE,NA,64.82828282828282,-3.750784675701224e-4,TRUE,NA
liberal,Confusability,Between-person,Motor,63,65.59595959595958,0.0013001784638929648,FALSE,older,65.59595959595958,0.0013017429168612482,FALSE,older
liberal,Confusability,Between-person,Motor,64,66.36363636363636,0.0029749846207720587,FALSE,older,66.36363636363636,0.00297856430129273,FALSE,older
liberal,Confusability,Between-person,Motor,65,67.13131313131314,0.004649790777651264,FALSE,older,67.13131313131314,0.0046553856857242115,FALSE,older
liberal,Confusability,Between-person,Motor,66,67.8989898989899,0.006324596934530247,FALSE,older,67.8989898989899,0.006332207070155693,FALSE,older
liberal,Confusability,Between-person,Motor,67,68.66666666666666,0.00799940309140934,FALSE,older,68.66666666666666,0.008009028454587175,FALSE,older
liberal,Confusability,Between-person,Motor,68,69.43434343434343,0.009674209248288435,FALSE,older,69.43434343434343,0.009685849839018656,FALSE,older
liberal,Confusability,Between-person,Motor,69,70.20202020202021,0.01134901540516764,FALSE,older,70.20202020202021,0.011362671223450138,FALSE,older
liberal,Confusability,Between-person,Motor,70,70.96969696969697,0.013023821562046622,FALSE,older,70.96969696969697,0.01303949260788162,FALSE,older
liberal,Confusability,Between-person,Motor,71,71.73737373737373,0.014698627718925827,FALSE,older,71.73737373737373,0.014716313992313101,FALSE,older
liberal,Confusability,Between-person,Motor,72,72.50505050505049,0.01637343387580481,FALSE,older,72.50505050505049,0.016393135376744472,FALSE,older
liberal,Confusability,Between-person,Motor,73,73.27272727272727,0.018048240032684015,FALSE,older,73.27272727272727,0.018069956761175954,FALSE,older
liberal,Confusability,Between-person,Motor,74,74.04040404040404,0.019723046189562998,FALSE,older,74.04040404040404,0.019746778145607546,FALSE,older
liberal,Confusability,Between-person,Motor,75,74.8080808080808,0.021397852346442203,FALSE,older,74.8080808080808,0.021423599530039028,FALSE,older
liberal,Confusability,Between-person,Motor,76,75.57575757575756,0.023072658503321186,FALSE,older,75.57575757575756,0.0231004209144704,FALSE,older
liberal,Confusability,Between-person,Motor,77,76.34343434343434,0.02474746466020039,FALSE,older,76.34343434343434,0.02477724229890188,FALSE,older
liberal,Confusability,Between-person,Motor,78,77.11111111111111,0.026422270817079485,FALSE,older,77.11111111111111,0.026454063683333362,FALSE,older
liberal,Confusability,Between-person,Motor,79,77.87878787878788,0.02809707697395858,FALSE,older,77.87878787878788,0.028130885067764844,FALSE,older
liberal,Confusability,Between-person,Motor,80,78.64646464646464,0.029771883130837673,FALSE,older,78.64646464646464,0.029807706452196325,FALSE,older
liberal,Confusability,Between-person,Motor,81,79.41414141414141,0.03144668928771677,FALSE,older,79.41414141414141,0.03148452783662781,FALSE,older
liberal,Confusability,Between-person,Motor,82,80.18181818181819,0.03312149544459597,FALSE,older,80.18181818181819,0.03316134922105929,FALSE,older
liberal,Confusability,Between-person,Motor,83,80.94949494949495,0.034796301601474955,FALSE,older,80.94949494949495,0.03483817060549066,FALSE,older
liberal,Confusability,Between-person,Motor,84,81.71717171717171,0.03647110775835405,FALSE,older,81.71717171717171,0.03651499198992225,FALSE,older
liberal,Confusability,Between-person,Motor,85,82.48484848484848,0.03814591391523314,FALSE,older,82.48484848484848,0.038191813374353734,FALSE,older
liberal,Confusability,Between-person,Motor,86,83.25252525252525,0.03982072007211224,FALSE,older,83.25252525252525,0.039868634758785104,FALSE,older
liberal,Confusability,Between-person,Motor,87,84.02020202020202,0.041495526228991386,FALSE,older,84.02020202020202,0.041545456143216586,FALSE,older
liberal,Confusability,Between-person,Motor,88,84.78787878787878,0.043170332385870425,FALSE,older,84.78787878787878,0.04322227752764807,FALSE,older
liberal,Confusability,Between-person,Motor,89,85.55555555555556,0.044845138542749574,FALSE,older,85.55555555555556,0.04489909891207955,FALSE,older
liberal,Confusability,Between-person,Motor,90,86.32323232323232,0.04651994469962867,FALSE,older,86.32323232323232,0.04657592029651103,FALSE,older
liberal,Confusability,Between-person,Motor,91,87.09090909090908,0.04819475085650776,FALSE,older,87.09090909090908,0.04825274168094251,FALSE,older
liberal,Confusability,Between-person,Motor,92,87.85858585858585,0.0498695570133868,FALSE,older,87.85858585858585,0.04992956306537394,FALSE,older
liberal,Confusability,Between-person,Motor,93,88.62626262626262,0.051544363170265894,FALSE,older,88.62626262626262,0.05160638444980542,FALSE,older
liberal,Confusability,Between-person,Motor,94,89.39393939393939,0.053219169327145044,FALSE,older,89.39393939393939,0.05328320583423696,FALSE,older
liberal,Confusability,Between-person,Motor,95,90.16161616161615,0.05489397548402414,FALSE,older,90.16161616161615,0.054960027218668384,FALSE,older
liberal,Confusability,Between-person,Motor,96,90.92929292929293,0.05656878164090329,FALSE,older,90.92929292929293,0.056636848603099865,FALSE,older
liberal,Confusability,Between-person,Motor,97,91.69696969696969,0.058243587797782326,FALSE,older,91.69696969696969,0.05831366998753135,FALSE,older
liberal,Confusability,Between-person,Motor,98,92.46464646464646,0.059918393954661475,FALSE,older,92.46464646464646,0.059990491371962884,FALSE,older
liberal,Confusability,Between-person,Motor,99,93.23232323232322,0.06159320011154057,FALSE,older,93.23232323232322,0.061667312756394255,FALSE,older
liberal,Confusability,Between-person,Motor,100,94,0.06326800626841966,FALSE,older,94,0.06334413414082574,FALSE,older
liberal,Distinctiveness,Between-person,Auditory,1,18,0.0769633768892391,FALSE,young,18,0.0770570157539367,FALSE,young
liberal,Distinctiveness,Between-person,Auditory,2,18.767676767676768,0.07570629185945577,FALSE,young,18.767676767676768,0.07579840126923876,FALSE,young
liberal,Distinctiveness,Between-person,Auditory,3,19.535353535353536,0.07444920682967238,FALSE,young,19.535353535353536,0.07453978678454087,FALSE,young
liberal,Distinctiveness,Between-person,Auditory,4,20.303030303030305,0.07319212179988893,FALSE,young,20.303030303030305,0.07328117229984299,FALSE,young
liberal,Distinctiveness,Between-person,Auditory,5,21.07070707070707,0.07193503677010554,FALSE,young,21.07070707070707,0.07202255781514516,FALSE,young
liberal,Distinctiveness,Between-person,Auditory,6,21.838383838383837,0.07067795174032221,FALSE,young,21.838383838383837,0.07076394333044728,FALSE,young
liberal,Distinctiveness,Between-person,Auditory,7,22.606060606060606,0.06942086671053871,FALSE,young,22.606060606060606,0.06950532884574939,FALSE,young
liberal,Distinctiveness,Between-person,Auditory,8,23.373737373737374,0.06816378168075538,FALSE,young,23.373737373737374,0.06824671436105156,FALSE,young
liberal,Distinctiveness,Between-person,Auditory,9,24.141414141414142,0.06690669665097188,FALSE,young,24.141414141414142,0.06698809987635368,FALSE,young
liberal,Distinctiveness,Between-person,Auditory,10,24.909090909090907,0.06564961162118854,FALSE,young,24.909090909090907,0.0657294853916558,FALSE,young
liberal,Distinctiveness,Between-person,Auditory,11,25.676767676767675,0.06439252659140515,FALSE,young,25.676767676767675,0.06447087090695791,FALSE,young
liberal,Distinctiveness,Between-person,Auditory,12,26.444444444444443,0.06313544156162171,FALSE,young,26.444444444444443,0.06321225642226008,FALSE,young
liberal,Distinctiveness,Between-person,Auditory,13,27.21212121212121,0.06187835653183832,FALSE,young,27.21212121212121,0.0619536419375622,FALSE,young
liberal,Distinctiveness,Between-person,Auditory,14,27.97979797979798,0.060621271502054985,FALSE,young,27.97979797979798,0.060695027452864314,FALSE,young
liberal,Distinctiveness,Between-person,Auditory,15,28.747474747474747,0.059364186472271485,FALSE,young,28.747474747474747,0.05943641296816643,FALSE,young
liberal,Distinctiveness,Between-person,Auditory,16,29.515151515151516,0.05810710144248815,TRUE,NA,29.515151515151516,0.0581777984834686,TRUE,NA
liberal,Distinctiveness,Between-person,Auditory,17,30.282828282828284,0.05685001641270465,TRUE,NA,30.282828282828284,0.05691918399877072,TRUE,NA
liberal,Distinctiveness,Between-person,Auditory,18,31.050505050505052,0.05559293138292132,TRUE,NA,31.050505050505052,0.05566056951407283,TRUE,NA
liberal,Distinctiveness,Between-person,Auditory,19,31.818181818181817,0.05433584635313793,TRUE,NA,31.818181818181817,0.054401955029375004,TRUE,NA
liberal,Distinctiveness,Between-person,Auditory,20,32.58585858585859,0.053078761323354484,TRUE,NA,32.58585858585859,0.05314334054467712,TRUE,NA
liberal,Distinctiveness,Between-person,Auditory,21,33.35353535353535,0.051821676293571095,TRUE,NA,33.35353535353535,0.051884726059979236,TRUE,NA
liberal,Distinctiveness,Between-person,Auditory,22,34.121212121212125,0.05056459126378776,TRUE,NA,34.121212121212125,0.05062611157528135,TRUE,NA
liberal,Distinctiveness,Between-person,Auditory,23,34.888888888888886,0.04930750623400426,TRUE,NA,34.888888888888886,0.04936749709058352,TRUE,NA
liberal,Distinctiveness,Between-person,Auditory,24,35.656565656565654,0.04805042120422093,TRUE,NA,35.656565656565654,0.04810888260588564,TRUE,NA
liberal,Distinctiveness,Between-person,Auditory,25,36.42424242424242,0.04679333617443754,TRUE,NA,36.42424242424242,0.046850268121187755,TRUE,NA
liberal,Distinctiveness,Between-person,Auditory,26,37.19191919191919,0.045536251144654094,TRUE,NA,37.19191919191919,0.045591653636489815,TRUE,NA
liberal,Distinctiveness,Between-person,Auditory,27,37.95959595959596,0.044279166114870705,TRUE,NA,37.95959595959596,0.04433303915179204,TRUE,NA
liberal,Distinctiveness,Between-person,Auditory,28,38.72727272727273,0.04302208108508737,TRUE,NA,38.72727272727273,0.04307442466709416,TRUE,NA
liberal,Distinctiveness,Between-person,Auditory,29,39.494949494949495,0.04176499605530387,TRUE,NA,39.494949494949495,0.041815810182396274,TRUE,NA
liberal,Distinctiveness,Between-person,Auditory,30,40.262626262626256,0.04050791102552048,TRUE,NA,40.262626262626256,0.040557195697698445,TRUE,NA
liberal,Distinctiveness,Between-person,Auditory,31,41.03030303030303,0.03925082599573704,TRUE,NA,41.03030303030303,0.03929858121300056,TRUE,NA
liberal,Distinctiveness,Between-person,Auditory,32,41.79797979797979,0.03799374096595365,TRUE,NA,41.79797979797979,0.03803996672830268,TRUE,NA
liberal,Distinctiveness,Between-person,Auditory,33,42.56565656565657,0.036736655936170315,TRUE,NA,42.56565656565657,0.03678135224360479,TRUE,NA
liberal,Distinctiveness,Between-person,Auditory,34,43.33333333333333,0.035479570906386815,TRUE,NA,43.33333333333333,0.035522737758906964,TRUE,NA
liberal,Distinctiveness,Between-person,Auditory,35,44.101010101010104,0.03422248587660348,TRUE,NA,44.101010101010104,0.03426412327420908,TRUE,NA
liberal,Distinctiveness,Between-person,Auditory,36,44.868686868686865,0.03296540084682009,TRUE,NA,44.868686868686865,0.033005508789511195,TRUE,NA
liberal,Distinctiveness,Between-person,Auditory,37,45.63636363636363,0.03170831581703665,TRUE,NA,45.63636363636363,0.031746894304813256,TRUE,NA
liberal,Distinctiveness,Between-person,Auditory,38,46.4040404040404,0.03045123078725326,TRUE,NA,46.4040404040404,0.030488279820115483,TRUE,NA
liberal,Distinctiveness,Between-person,Auditory,39,47.17171717171717,0.029194145757469925,TRUE,NA,47.17171717171717,0.0292296653354176,TRUE,NA
liberal,Distinctiveness,Between-person,Auditory,40,47.93939393939394,0.027937060727686425,TRUE,NA,47.93939393939394,0.02797105085071966,TRUE,NA
liberal,Distinctiveness,Between-person,Auditory,41,48.707070707070706,0.02667997569790309,TRUE,NA,48.707070707070706,0.026712436366021886,TRUE,NA
liberal,Distinctiveness,Between-person,Auditory,42,49.474747474747474,0.02542289066811959,TRUE,NA,49.474747474747474,0.025453821881324,TRUE,NA
liberal,Distinctiveness,Between-person,Auditory,43,50.24242424242424,0.024165805638336257,TRUE,NA,50.24242424242424,0.024195207396626117,TRUE,NA
liberal,Distinctiveness,Between-person,Auditory,44,51.01010101010101,0.02290872060855287,TRUE,NA,51.01010101010101,0.022936592911928178,TRUE,NA
liberal,Distinctiveness,Between-person,Auditory,45,51.77777777777778,0.021651635578769424,TRUE,NA,51.77777777777778,0.021677978427230404,TRUE,NA
liberal,Distinctiveness,Between-person,Auditory,46,52.54545454545454,0.020394550548986035,TRUE,NA,52.54545454545454,0.02041936394253252,TRUE,NA
liberal,Distinctiveness,Between-person,Auditory,47,53.31313131313131,0.0191374655192027,TRUE,NA,53.31313131313131,0.01916074945783458,TRUE,NA
liberal,Distinctiveness,Between-person,Auditory,48,54.080808080808076,0.0178803804894192,TRUE,NA,54.080808080808076,0.017902134973136807,TRUE,NA
liberal,Distinctiveness,Between-person,Auditory,49,54.848484848484844,0.016623295459635867,TRUE,NA,54.848484848484844,0.016643520488438923,TRUE,NA
liberal,Distinctiveness,Between-person,Auditory,50,55.61616161616161,0.015366210429852478,TRUE,NA,55.61616161616161,0.015384906003741039,TRUE,NA
liberal,Distinctiveness,Between-person,Auditory,51,56.38383838383838,0.014109125400069034,TRUE,NA,56.38383838383838,0.0141262915190431,TRUE,NA
liberal,Distinctiveness,Between-person,Auditory,52,57.15151515151515,0.012852040370285644,TRUE,NA,57.15151515151515,0.012867677034345326,TRUE,NA
liberal,Distinctiveness,Between-person,Auditory,53,57.91919191919192,0.0115949553405022,TRUE,NA,57.91919191919192,0.011609062549647442,TRUE,NA
liberal,Distinctiveness,Between-person,Auditory,54,58.686868686868685,0.01033787031071881,TRUE,NA,58.686868686868685,0.010350448064949558,TRUE,NA
liberal,Distinctiveness,Between-person,Auditory,55,59.45454545454545,0.009080785280935477,TRUE,NA,59.45454545454545,0.009091833580251618,TRUE,NA
liberal,Distinctiveness,Between-person,Auditory,56,60.22222222222222,0.007823700251151977,TRUE,NA,60.22222222222222,0.007833219095553845,TRUE,NA
liberal,Distinctiveness,Between-person,Auditory,57,60.98989898989899,0.0065666152213686435,TRUE,NA,60.98989898989899,0.006574604610855961,TRUE,NA
liberal,Distinctiveness,Between-person,Auditory,58,61.75757575757576,0.005309530191585254,TRUE,NA,61.75757575757576,0.005315990126158021,TRUE,NA
liberal,Distinctiveness,Between-person,Auditory,59,62.52525252525252,0.00405244516180181,TRUE,NA,62.52525252525252,0.004057375641460248,TRUE,NA
liberal,Distinctiveness,Between-person,Auditory,60,63.29292929292929,0.0027953601320184207,TRUE,NA,63.29292929292929,0.002798761156762364,TRUE,NA
liberal,Distinctiveness,Between-person,Auditory,61,64.06060606060606,0.001538275102234976,TRUE,NA,64.06060606060606,0.0015401466720644796,TRUE,NA
liberal,Distinctiveness,Between-person,Auditory,62,64.82828282828282,2.81190072451587e-4,TRUE,NA,64.82828282828282,2.81532187366651e-4,TRUE,NA
liberal,Distinctiveness,Between-person,Auditory,63,65.59595959595958,-9.758949573318021e-4,FALSE,older,65.59595959595958,-9.770822973312332e-4,FALSE,older
liberal,Distinctiveness,Between-person,Auditory,64,66.36363636363636,-0.0022329799871152467,FALSE,older,66.36363636363636,-0.0022356967820291174,FALSE,older
liberal,Distinctiveness,Between-person,Auditory,65,67.13131313131314,-0.0034900650168985803,FALSE,older,67.13131313131314,-0.0034943112667270015,FALSE,older
liberal,Distinctiveness,Between-person,Auditory,66,67.8989898989899,-0.00474715004668208,FALSE,older,67.8989898989899,-0.00475292575142483,FALSE,older
liberal,Distinctiveness,Between-person,Auditory,67,68.66666666666666,-0.0060042350764654695,FALSE,older,68.66666666666666,-0.006011540236122714,FALSE,older
liberal,Distinctiveness,Between-person,Auditory,68,69.43434343434343,-0.007261320106248803,FALSE,older,69.43434343434343,-0.0072701547208205985,FALSE,older
liberal,Distinctiveness,Between-person,Auditory,69,70.20202020202021,-0.008518405136032248,FALSE,older,70.20202020202021,-0.008528769205518538,FALSE,older
liberal,Distinctiveness,Between-person,Auditory,70,70.96969696969697,-0.009775490165815637,FALSE,older,70.96969696969697,-0.009787383690216311,FALSE,older
liberal,Distinctiveness,Between-person,Auditory,71,71.73737373737373,-0.011032575195599026,FALSE,older,71.73737373737373,-0.011045998174914196,FALSE,older
liberal,Distinctiveness,Between-person,Auditory,72,72.50505050505049,-0.01228966022538236,FALSE,older,72.50505050505049,-0.012304612659612024,FALSE,older
liberal,Distinctiveness,Between-person,Auditory,73,73.27272727272727,-0.01354674525516586,FALSE,older,73.27272727272727,-0.013563227144309908,FALSE,older
liberal,Distinctiveness,Between-person,Auditory,74,74.04040404040404,-0.014803830284949249,FALSE,older,74.04040404040404,-0.014821841629007848,FALSE,older
liberal,Distinctiveness,Between-person,Auditory,75,74.8080808080808,-0.016060915314732638,FALSE,older,74.8080808080808,-0.016080456113705677,FALSE,older
liberal,Distinctiveness,Between-person,Auditory,76,75.57575757575756,-0.017318000344516027,FALSE,older,75.57575757575756,-0.01733907059840356,FALSE,older
liberal,Distinctiveness,Between-person,Auditory,77,76.34343434343434,-0.018575085374299416,FALSE,older,76.34343434343434,-0.018597685083101445,FALSE,older
liberal,Distinctiveness,Between-person,Auditory,78,77.11111111111111,-0.01983217040408286,FALSE,older,77.11111111111111,-0.01985629956779933,FALSE,older
liberal,Distinctiveness,Between-person,Auditory,79,77.87878787878788,-0.02108925543386625,FALSE,older,77.87878787878788,-0.021114914052497158,FALSE,older
liberal,Distinctiveness,Between-person,Auditory,80,78.64646464646464,-0.02234634046364964,FALSE,older,78.64646464646464,-0.022373528537195042,FALSE,older
liberal,Distinctiveness,Between-person,Auditory,81,79.41414141414141,-0.023603425493433083,FALSE,older,79.41414141414141,-0.023632143021892926,FALSE,older
liberal,Distinctiveness,Between-person,Auditory,82,80.18181818181819,-0.024860510523216472,FALSE,older,80.18181818181819,-0.02489075750659081,FALSE,older
liberal,Distinctiveness,Between-person,Auditory,83,80.94949494949495,-0.02611759555299986,FALSE,older,80.94949494949495,-0.02614937199128864,FALSE,older
liberal,Distinctiveness,Between-person,Auditory,84,81.71717171717171,-0.02737468058278325,FALSE,older,81.71717171717171,-0.027407986475986523,FALSE,older
liberal,Distinctiveness,Between-person,Auditory,85,82.48484848484848,-0.028631765612566695,FALSE,older,82.48484848484848,-0.028666600960684407,FALSE,older
liberal,Distinctiveness,Between-person,Auditory,86,83.25252525252525,-0.029888850642350084,FALSE,older,83.25252525252525,-0.029925215445382236,FALSE,older
liberal,Distinctiveness,Between-person,Auditory,87,84.02020202020202,-0.031145935672133473,FALSE,older,84.02020202020202,-0.03118382993008012,FALSE,older
liberal,Distinctiveness,Between-person,Auditory,88,84.78787878787878,-0.03240302070191686,FALSE,older,84.78787878787878,-0.03244244441477798,FALSE,older
liberal,Distinctiveness,Between-person,Auditory,89,85.55555555555556,-0.03366010573170031,FALSE,older,85.55555555555556,-0.03370105889947589,FALSE,older
liberal,Distinctiveness,Between-person,Auditory,90,86.32323232323232,-0.034917190761483696,FALSE,older,86.32323232323232,-0.034959673384173745,FALSE,older
liberal,Distinctiveness,Between-person,Auditory,91,87.09090909090908,-0.03617427579126706,FALSE,older,87.09090909090908,-0.036218287868871574,FALSE,older
liberal,Distinctiveness,Between-person,Auditory,92,87.85858585858585,-0.037431360821050474,FALSE,older,87.85858585858585,-0.037476902353569486,FALSE,older
liberal,Distinctiveness,Between-person,Auditory,93,88.62626262626262,-0.03868844585083389,FALSE,older,88.62626262626262,-0.03873551683826734,FALSE,older
liberal,Distinctiveness,Between-person,Auditory,94,89.39393939393939,-0.03994553088061731,FALSE,older,89.39393939393939,-0.039994131322965226,FALSE,older
liberal,Distinctiveness,Between-person,Auditory,95,90.16161616161615,-0.04120261591040067,FALSE,older,90.16161616161615,-0.04125274580766308,FALSE,older
liberal,Distinctiveness,Between-person,Auditory,96,90.92929292929293,-0.04245970094018414,FALSE,older,90.92929292929293,-0.04251136029236097,FALSE,older
liberal,Distinctiveness,Between-person,Auditory,97,91.69696969696969,-0.0437167859699675,FALSE,older,91.69696969696969,-0.04376997477705882,FALSE,older
liberal,Distinctiveness,Between-person,Auditory,98,92.46464646464646,-0.04497387099975092,FALSE,older,92.46464646464646,-0.04502858926175671,FALSE,older
liberal,Distinctiveness,Between-person,Auditory,99,93.23232323232322,-0.04623095602953428,FALSE,older,93.23232323232322,-0.046287203746454564,FALSE,older
liberal,Distinctiveness,Between-person,Auditory,100,94,-0.047488041059317754,FALSE,older,94,-0.04754581823115245,FALSE,older
liberal,Distinctiveness,Between-person,Visual,1,18,0.20085108127666307,FALSE,young,18,0.2009553262318945,FALSE,young
liberal,Distinctiveness,Between-person,Visual,2,18.767676767676768,0.19757047044987908,FALSE,young,18.767676767676768,0.1976730127151044,FALSE,young
liberal,Distinctiveness,Between-person,Visual,3,19.535353535353536,0.19428985962309497,FALSE,young,19.535353535353536,0.1943906991983143,FALSE,young
liberal,Distinctiveness,Between-person,Visual,4,20.303030303030305,0.19100924879631087,FALSE,young,20.303030303030305,0.19110838568152433,FALSE,young
liberal,Distinctiveness,Between-person,Visual,5,21.07070707070707,0.18772863796952677,FALSE,young,21.07070707070707,0.18782607216473446,FALSE,young
liberal,Distinctiveness,Between-person,Visual,6,21.838383838383837,0.18444802714274278,FALSE,young,21.838383838383837,0.18454375864794448,FALSE,young
liberal,Distinctiveness,Between-person,Visual,7,22.606060606060606,0.18116741631595856,FALSE,young,22.606060606060606,0.1812614451311544,FALSE,young
liberal,Distinctiveness,Between-person,Visual,8,23.373737373737374,0.17788680548917446,FALSE,young,23.373737373737374,0.1779791316143643,FALSE,young
liberal,Distinctiveness,Between-person,Visual,9,24.141414141414142,0.17460619466239036,FALSE,young,24.141414141414142,0.1746968180975742,FALSE,young
liberal,Distinctiveness,Between-person,Visual,10,24.909090909090907,0.17132558383560625,FALSE,young,24.909090909090907,0.17141450458078422,FALSE,young
liberal,Distinctiveness,Between-person,Visual,11,25.676767676767675,0.16804497300882226,FALSE,young,25.676767676767675,0.16813219106399413,FALSE,young
liberal,Distinctiveness,Between-person,Visual,12,26.444444444444443,0.16476436218203805,FALSE,young,26.444444444444443,0.16484987754720426,FALSE,young
liberal,Distinctiveness,Between-person,Visual,13,27.21212121212121,0.16148375135525406,FALSE,young,27.21212121212121,0.16156756403041428,FALSE,young
liberal,Distinctiveness,Between-person,Visual,14,27.97979797979798,0.15820314052846995,FALSE,young,27.97979797979798,0.1582852505136242,FALSE,young
liberal,Distinctiveness,Between-person,Visual,15,28.747474747474747,0.15492252970168574,FALSE,young,28.747474747474747,0.1550029369968341,FALSE,young
liberal,Distinctiveness,Between-person,Visual,16,29.515151515151516,0.15164191887490175,TRUE,NA,29.515151515151516,0.15172062348004411,TRUE,NA
liberal,Distinctiveness,Between-person,Visual,17,30.282828282828284,0.14836130804811754,TRUE,NA,30.282828282828284,0.14843830996325402,TRUE,NA
liberal,Distinctiveness,Between-person,Visual,18,31.050505050505052,0.14508069722133354,TRUE,NA,31.050505050505052,0.14515599644646393,TRUE,NA
liberal,Distinctiveness,Between-person,Visual,19,31.818181818181817,0.14180008639454944,TRUE,NA,31.818181818181817,0.14187368292967417,TRUE,NA
liberal,Distinctiveness,Between-person,Visual,20,32.58585858585859,0.13851947556776534,TRUE,NA,32.58585858585859,0.13859136941288408,TRUE,NA
liberal,Distinctiveness,Between-person,Visual,21,33.35353535353535,0.13523886474098124,TRUE,NA,33.35353535353535,0.1353090558960941,TRUE,NA
liberal,Distinctiveness,Between-person,Visual,22,34.121212121212125,0.13195825391419713,TRUE,NA,34.121212121212125,0.132026742379304,TRUE,NA
liberal,Distinctiveness,Between-person,Visual,23,34.888888888888886,0.12867764308741303,TRUE,NA,34.888888888888886,0.12874442886251392,TRUE,NA
liberal,Distinctiveness,Between-person,Visual,24,35.656565656565654,0.12539703226062893,TRUE,NA,35.656565656565654,0.12546211534572393,TRUE,NA
liberal,Distinctiveness,Between-person,Visual,25,36.42424242424242,0.12211642143384493,TRUE,NA,36.42424242424242,0.12217980182893384,TRUE,NA
liberal,Distinctiveness,Between-person,Visual,26,37.19191919191919,0.11883581060706072,TRUE,NA,37.19191919191919,0.11889748831214375,TRUE,NA
liberal,Distinctiveness,Between-person,Visual,27,37.95959595959596,0.11555519978027673,TRUE,NA,37.95959595959596,0.11561517479535388,TRUE,NA
liberal,Distinctiveness,Between-person,Visual,28,38.72727272727273,0.11227458895349263,TRUE,NA,38.72727272727273,0.1123328612785639,TRUE,NA
liberal,Distinctiveness,Between-person,Visual,29,39.494949494949495,0.10899397812670841,TRUE,NA,39.494949494949495,0.10905054776177381,TRUE,NA
liberal,Distinctiveness,Between-person,Visual,30,40.262626262626256,0.10571336729992442,TRUE,NA,40.262626262626256,0.10576823424498383,TRUE,NA
liberal,Distinctiveness,Between-person,Visual,31,41.03030303030303,0.10243275647314021,TRUE,NA,41.03030303030303,0.10248592072819374,TRUE,NA
liberal,Distinctiveness,Between-person,Visual,32,41.79797979797979,0.09915214564635622,TRUE,NA,41.79797979797979,0.09920360721140364,TRUE,NA
liberal,Distinctiveness,Between-person,Visual,33,42.56565656565657,0.09587153481957211,TRUE,NA,42.56565656565657,0.09592129369461355,TRUE,NA
liberal,Distinctiveness,Between-person,Visual,34,43.33333333333333,0.09259092399278801,TRUE,NA,43.33333333333333,0.0926389801778238,TRUE,NA
liberal,Distinctiveness,Between-person,Visual,35,44.101010101010104,0.08931031316600391,TRUE,NA,44.101010101010104,0.0893566666610337,TRUE,NA
liberal,Distinctiveness,Between-person,Visual,36,44.868686868686865,0.08602970233921992,TRUE,NA,44.868686868686865,0.08607435314424372,TRUE,NA
liberal,Distinctiveness,Between-person,Visual,37,45.63636363636363,0.0827490915124357,TRUE,NA,45.63636363636363,0.08279203962745363,TRUE,NA
liberal,Distinctiveness,Between-person,Visual,38,46.4040404040404,0.0794684806856516,TRUE,NA,46.4040404040404,0.07950972611066365,TRUE,NA
liberal,Distinctiveness,Between-person,Visual,39,47.17171717171717,0.07618786985886761,TRUE,NA,47.17171717171717,0.07622741259387367,TRUE,NA
liberal,Distinctiveness,Between-person,Visual,40,47.93939393939394,0.0729072590320834,TRUE,NA,47.93939393939394,0.072945099077083575,TRUE,NA
liberal,Distinctiveness,Between-person,Visual,41,48.707070707070706,0.0696266482052994,TRUE,NA,48.707070707070706,0.0696627855602936,TRUE,NA
liberal,Distinctiveness,Between-person,Visual,42,49.474747474747474,0.06634603737851519,TRUE,NA,49.474747474747474,0.0663804720435035,TRUE,NA
liberal,Distinctiveness,Between-person,Visual,43,50.24242424242424,0.0630654265517312,TRUE,NA,50.24242424242424,0.06309815852671352,TRUE,NA
liberal,Distinctiveness,Between-person,Visual,44,51.01010101010101,0.059784815724947094,TRUE,NA,51.01010101010101,0.05981584500992343,TRUE,NA
liberal,Distinctiveness,Between-person,Visual,45,51.77777777777778,0.05650420489816288,TRUE,NA,51.77777777777778,0.05653353149313345,TRUE,NA
liberal,Distinctiveness,Between-person,Visual,46,52.54545454545454,0.05322359407137889,TRUE,NA,52.54545454545454,0.05325121797634347,TRUE,NA
liberal,Distinctiveness,Between-person,Visual,47,53.31313131313131,0.049942983244594785,TRUE,NA,53.31313131313131,0.049968904459553376,TRUE,NA
liberal,Distinctiveness,Between-person,Visual,48,54.080808080808076,0.04666237241781068,TRUE,NA,54.080808080808076,0.046686590942763506,TRUE,NA
liberal,Distinctiveness,Between-person,Visual,49,54.848484848484844,0.04338176159102658,TRUE,NA,54.848484848484844,0.043404277425973414,TRUE,NA
liberal,Distinctiveness,Between-person,Visual,50,55.61616161616161,0.04010115076424259,TRUE,NA,55.61616161616161,0.04012196390918332,TRUE,NA
liberal,Distinctiveness,Between-person,Visual,51,56.38383838383838,0.036820539937458374,TRUE,NA,56.38383838383838,0.03683965039239334,TRUE,NA
liberal,Distinctiveness,Between-person,Visual,52,57.15151515151515,0.03353992911067438,TRUE,NA,57.15151515151515,0.03355733687560336,TRUE,NA
liberal,Distinctiveness,Between-person,Visual,53,57.91919191919192,0.03025931828389028,TRUE,NA,57.91919191919192,0.03027502335881327,TRUE,NA
liberal,Distinctiveness,Between-person,Visual,54,58.686868686868685,0.026978707457106177,TRUE,NA,58.686868686868685,0.026992709842023288,TRUE,NA
liberal,Distinctiveness,Between-person,Visual,55,59.45454545454545,0.023698096630322185,TRUE,NA,59.45454545454545,0.023710396325233196,TRUE,NA
liberal,Distinctiveness,Between-person,Visual,56,60.22222222222222,0.02041748580353797,TRUE,NA,60.22222222222222,0.020428082808443215,TRUE,NA
liberal,Distinctiveness,Between-person,Visual,57,60.98989898989899,0.01713687497675398,TRUE,NA,60.98989898989899,0.017145769291653123,TRUE,NA
liberal,Distinctiveness,Between-person,Visual,58,61.75757575757576,0.013856264149969877,TRUE,NA,61.75757575757576,0.013863455774863143,TRUE,NA
liberal,Distinctiveness,Between-person,Visual,59,62.52525252525252,0.010575653323185774,TRUE,NA,62.52525252525252,0.010581142258073162,TRUE,NA
liberal,Distinctiveness,Between-person,Visual,60,63.29292929292929,0.007295042496401671,TRUE,NA,63.29292929292929,0.007298828741283181,TRUE,NA
liberal,Distinctiveness,Between-person,Visual,61,64.06060606060606,0.0040144316696174576,TRUE,NA,64.06060606060606,0.004016515224493089,TRUE,NA
liberal,Distinctiveness,Between-person,Visual,62,64.82828282828282,7.338208428334658e-4,TRUE,NA,64.82828282828282,7.342017077031082e-4,TRUE,NA
liberal,Distinctiveness,Between-person,Visual,63,65.59595959595958,-0.002546789983950637,FALSE,older,65.59595959595958,-0.0025481118090868726,FALSE,older
liberal,Distinctiveness,Between-person,Visual,64,66.36363636363636,-0.00582740081073474,FALSE,older,66.36363636363636,-0.0058304253258769645,FALSE,older
liberal,Distinctiveness,Between-person,Visual,65,67.13131313131314,-0.009108011637518842,FALSE,older,67.13131313131314,-0.009112738842667056,FALSE,older
liberal,Distinctiveness,Between-person,Visual,66,67.8989898989899,-0.012388622464302945,FALSE,older,67.8989898989899,-0.012395052359456926,FALSE,older
liberal,Distinctiveness,Between-person,Visual,67,68.66666666666666,-0.015669233291087048,FALSE,older,68.66666666666666,-0.015677365876247018,FALSE,older
liberal,Distinctiveness,Between-person,Visual,68,69.43434343434343,-0.01894984411787115,FALSE,older,69.43434343434343,-0.01895967939303711,FALSE,older
liberal,Distinctiveness,Between-person,Visual,69,70.20202020202021,-0.022230454944655254,FALSE,older,70.20202020202021,-0.022241992909827202,FALSE,older
liberal,Distinctiveness,Between-person,Visual,70,70.96969696969697,-0.025511065771439356,FALSE,older,70.96969696969697,-0.02552430642661707,FALSE,older
liberal,Distinctiveness,Between-person,Visual,71,71.73737373737373,-0.028791676598223348,FALSE,older,71.73737373737373,-0.028806619943407163,FALSE,older
liberal,Distinctiveness,Between-person,Visual,72,72.50505050505049,-0.03207228742500745,FALSE,older,72.50505050505049,-0.03208893346019703,FALSE,older
liberal,Distinctiveness,Between-person,Visual,73,73.27272727272727,-0.035352898251791554,FALSE,older,73.27272727272727,-0.035371246976987125,FALSE,older
liberal,Distinctiveness,Between-person,Visual,74,74.04040404040404,-0.03863350907857577,FALSE,older,74.04040404040404,-0.03865356049377722,FALSE,older
liberal,Distinctiveness,Between-person,Visual,75,74.8080808080808,-0.04191411990535987,FALSE,older,74.8080808080808,-0.0419358740105672,FALSE,older
liberal,Distinctiveness,Between-person,Visual,76,75.57575757575756,-0.04519473073214386,FALSE,older,75.57575757575756,-0.04521818752735718,FALSE,older
liberal,Distinctiveness,Between-person,Visual,77,76.34343434343434,-0.048475341558927965,FALSE,older,76.34343434343434,-0.04850050104414727,FALSE,older
liberal,Distinctiveness,Between-person,Visual,78,77.11111111111111,-0.05175595238571207,FALSE,older,77.11111111111111,-0.05178281456093736,FALSE,older
liberal,Distinctiveness,Between-person,Visual,79,77.87878787878788,-0.05503656321249617,FALSE,older,77.87878787878788,-0.05506512807772734,FALSE,older
liberal,Distinctiveness,Between-person,Visual,80,78.64646464646464,-0.05831717403928016,FALSE,older,78.64646464646464,-0.058347441594517324,FALSE,older
liberal,Distinctiveness,Between-person,Visual,81,79.41414141414141,-0.061597784866064376,FALSE,older,79.41414141414141,-0.061629755111307305,FALSE,older
liberal,Distinctiveness,Between-person,Visual,82,80.18181818181819,-0.06487839569284859,FALSE,older,80.18181818181819,-0.0649120686280974,FALSE,older
liberal,Distinctiveness,Between-person,Visual,83,80.94949494949495,-0.06815900651963258,FALSE,older,80.94949494949495,-0.06819438214488749,FALSE,older
liberal,Distinctiveness,Between-person,Visual,84,81.71717171717171,-0.07143961734641668,FALSE,older,81.71717171717171,-0.07147669566167736,FALSE,older
liberal,Distinctiveness,Between-person,Visual,85,82.48484848484848,-0.07472022817320079,FALSE,older,82.48484848484848,-0.07475900917846745,FALSE,older
liberal,Distinctiveness,Between-person,Visual,86,83.25252525252525,-0.07800083899998489,FALSE,older,83.25252525252525,-0.07804132269525754,FALSE,older
liberal,Distinctiveness,Between-person,Visual,87,84.02020202020202,-0.08128144982676888,FALSE,older,84.02020202020202,-0.08132363621204763,FALSE,older
liberal,Distinctiveness,Between-person,Visual,88,84.78787878787878,-0.08456206065355298,FALSE,older,84.78787878787878,-0.0846059497288375,FALSE,older
liberal,Distinctiveness,Between-person,Visual,89,85.55555555555556,-0.0878426714803372,FALSE,older,85.55555555555556,-0.0878882632456276,FALSE,older
liberal,Distinctiveness,Between-person,Visual,90,86.32323232323232,-0.09112328230712119,FALSE,older,86.32323232323232,-0.09117057676241758,FALSE,older
liberal,Distinctiveness,Between-person,Visual,91,87.09090909090908,-0.09440389313390529,FALSE,older,87.09090909090908,-0.09445289027920756,FALSE,older
liberal,Distinctiveness,Between-person,Visual,92,87.85858585858585,-0.0976845039606894,FALSE,older,87.85858585858585,-0.09773520379599765,FALSE,older
liberal,Distinctiveness,Between-person,Visual,93,88.62626262626262,-0.1009651147874735,FALSE,older,88.62626262626262,-0.10101751731278763,FALSE,older
liberal,Distinctiveness,Between-person,Visual,94,89.39393939393939,-0.1042457256142576,FALSE,older,89.39393939393939,-0.10429983082957772,FALSE,older
liberal,Distinctiveness,Between-person,Visual,95,90.16161616161615,-0.1075263364410417,FALSE,older,90.16161616161615,-0.1075821443463677,FALSE,older
liberal,Distinctiveness,Between-person,Visual,96,90.92929292929293,-0.1108069472678258,FALSE,older,90.92929292929293,-0.11086445786315768,FALSE,older
liberal,Distinctiveness,Between-person,Visual,97,91.69696969696969,-0.11408755809460991,FALSE,older,91.69696969696969,-0.11414677137994778,FALSE,older
liberal,Distinctiveness,Between-person,Visual,98,92.46464646464646,-0.11736816892139401,FALSE,older,92.46464646464646,-0.11742908489673787,FALSE,older
liberal,Distinctiveness,Between-person,Visual,99,93.23232323232322,-0.120648779748178,FALSE,older,93.23232323232322,-0.12071139841352774,FALSE,older
liberal,Distinctiveness,Between-person,Visual,100,94,-0.12392939057496222,FALSE,older,94,-0.12399371193031783,FALSE,older
liberal,Distinctiveness,Between-person,Motor,1,18,0.186542386142317,FALSE,young,18,0.18684489153544703,FALSE,young
liberal,Distinctiveness,Between-person,Motor,2,18.767676767676768,0.183495487077882,FALSE,young,18.767676767676768,0.18379305148457759,FALSE,young
liberal,Distinctiveness,Between-person,Motor,3,19.535353535353536,0.18044858801344654,FALSE,young,19.535353535353536,0.18074121143370858,FALSE,young
liberal,Distinctiveness,Between-person,Motor,4,20.303030303030305,0.17740168894901154,FALSE,young,20.303030303030305,0.17768937138283936,FALSE,young
liberal,Distinctiveness,Between-person,Motor,5,21.07070707070707,0.17435478988457676,FALSE,young,21.07070707070707,0.17463753133197035,FALSE,young
liberal,Distinctiveness,Between-person,Motor,6,21.838383838383837,0.17130789082014197,FALSE,young,21.838383838383837,0.17158569128110135,FALSE,young
liberal,Distinctiveness,Between-person,Motor,7,22.606060606060606,0.16826099175570697,FALSE,young,22.606060606060606,0.16853385123023212,FALSE,young
liberal,Distinctiveness,Between-person,Motor,8,23.373737373737374,0.16521409269127174,FALSE,young,23.373737373737374,0.16548201117936312,FALSE,young
liberal,Distinctiveness,Between-person,Motor,9,24.141414141414142,0.16216719362683674,FALSE,young,24.141414141414142,0.1624301711284939,FALSE,young
liberal,Distinctiveness,Between-person,Motor,10,24.909090909090907,0.15912029456240173,FALSE,young,24.909090909090907,0.1593783310776249,FALSE,young
liberal,Distinctiveness,Between-person,Motor,11,25.676767676767675,0.15607339549796673,FALSE,young,25.676767676767675,0.15632649102675567,FALSE,young
liberal,Distinctiveness,Between-person,Motor,12,26.444444444444443,0.1530264964335315,FALSE,young,26.444444444444443,0.15327465097588666,FALSE,young
liberal,Distinctiveness,Between-person,Motor,13,27.21212121212121,0.14997959736909672,FALSE,young,27.21212121212121,0.15022281092501744,FALSE,young
liberal,Distinctiveness,Between-person,Motor,14,27.97979797979798,0.1469326983046617,FALSE,young,27.97979797979798,0.1471709708741482,FALSE,young
liberal,Distinctiveness,Between-person,Motor,15,28.747474747474747,0.1438857992402267,FALSE,young,28.747474747474747,0.1441191308232792,FALSE,young
liberal,Distinctiveness,Between-person,Motor,16,29.515151515151516,0.1408389001757917,TRUE,NA,29.515151515151516,0.1410672907724102,TRUE,NA
liberal,Distinctiveness,Between-person,Motor,17,30.282828282828284,0.13779200111135648,TRUE,NA,30.282828282828284,0.1380154507215412,TRUE,NA
liberal,Distinctiveness,Between-person,Motor,18,31.050505050505052,0.1347451020469217,TRUE,NA,31.050505050505052,0.13496361067067197,TRUE,NA
liberal,Distinctiveness,Between-person,Motor,19,31.818181818181817,0.1316982029824867,TRUE,NA,31.818181818181817,0.13191177061980297,TRUE,NA
liberal,Distinctiveness,Between-person,Motor,20,32.58585858585859,0.12865130391805168,TRUE,NA,32.58585858585859,0.12885993056893352,TRUE,NA
liberal,Distinctiveness,Between-person,Motor,21,33.35353535353535,0.12560440485361646,TRUE,NA,33.35353535353535,0.12580809051806452,TRUE,NA
liberal,Distinctiveness,Between-person,Motor,22,34.121212121212125,0.12255750578918145,TRUE,NA,34.121212121212125,0.12275625046719552,TRUE,NA
liberal,Distinctiveness,Between-person,Motor,23,34.888888888888886,0.11951060672474645,TRUE,NA,34.888888888888886,0.11970441041632651,TRUE,NA
liberal,Distinctiveness,Between-person,Motor,24,35.656565656565654,0.11646370766031167,TRUE,NA,35.656565656565654,0.11665257036545751,TRUE,NA
liberal,Distinctiveness,Between-person,Motor,25,36.42424242424242,0.11341680859587688,TRUE,NA,36.42424242424242,0.11360073031458828,TRUE,NA
liberal,Distinctiveness,Between-person,Motor,26,37.19191919191919,0.11036990953144166,TRUE,NA,37.19191919191919,0.11054889026371906,TRUE,NA
liberal,Distinctiveness,Between-person,Motor,27,37.95959595959596,0.10732301046700643,TRUE,NA,37.95959595959596,0.10749705021284983,TRUE,NA
liberal,Distinctiveness,Between-person,Motor,28,38.72727272727273,0.10427611140257143,TRUE,NA,38.72727272727273,0.10444521016198083,TRUE,NA
liberal,Distinctiveness,Between-person,Motor,29,39.494949494949495,0.10122921233813642,TRUE,NA,39.494949494949495,0.10139337011111182,TRUE,NA
liberal,Distinctiveness,Between-person,Motor,30,40.262626262626256,0.09818231327370164,TRUE,NA,40.262626262626256,0.09834153006024282,TRUE,NA
liberal,Distinctiveness,Between-person,Motor,31,41.03030303030303,0.09513541420926641,TRUE,NA,41.03030303030303,0.09528969000937382,TRUE,NA
liberal,Distinctiveness,Between-person,Motor,32,41.79797979797979,0.09208851514483163,TRUE,NA,41.79797979797979,0.09223784995850437,TRUE,NA
liberal,Distinctiveness,Between-person,Motor,33,42.56565656565657,0.08904161608039662,TRUE,NA,42.56565656565657,0.08918600990763537,TRUE,NA
liberal,Distinctiveness,Between-person,Motor,34,43.33333333333333,0.08599471701596162,TRUE,NA,43.33333333333333,0.08613416985676614,TRUE,NA
liberal,Distinctiveness,Between-person,Motor,35,44.101010101010104,0.08294781795152639,TRUE,NA,44.101010101010104,0.08308232980589714,TRUE,NA
liberal,Distinctiveness,Between-person,Motor,36,44.868686868686865,0.07990091888709139,TRUE,NA,44.868686868686865,0.08003048975502813,TRUE,NA
liberal,Distinctiveness,Between-person,Motor,37,45.63636363636363,0.07685401982265638,TRUE,NA,45.63636363636363,0.07697864970415891,TRUE,NA
liberal,Distinctiveness,Between-person,Motor,38,46.4040404040404,0.0738071207582216,TRUE,NA,46.4040404040404,0.0739268096532899,TRUE,NA
liberal,Distinctiveness,Between-person,Motor,39,47.17171717171717,0.0707602216937866,TRUE,NA,47.17171717171717,0.07087496960242068,TRUE,NA
liberal,Distinctiveness,Between-person,Motor,40,47.93939393939394,0.06771332262935137,TRUE,NA,47.93939393939394,0.06782312955155168,TRUE,NA
liberal,Distinctiveness,Between-person,Motor,41,48.707070707070706,0.06466642356491659,TRUE,NA,48.707070707070706,0.06477128950068245,TRUE,NA
liberal,Distinctiveness,Between-person,Motor,42,49.474747474747474,0.06161952450048158,TRUE,NA,49.474747474747474,0.061719449449813446,TRUE,NA
liberal,Distinctiveness,Between-person,Motor,43,50.24242424242424,0.05857262543604658,TRUE,NA,50.24242424242424,0.05866760939894444,TRUE,NA
liberal,Distinctiveness,Between-person,Motor,44,51.01010101010101,0.05552572637161157,TRUE,NA,51.01010101010101,0.055615769348074995,TRUE,NA
liberal,Distinctiveness,Between-person,Motor,45,51.77777777777778,0.052478827307176346,TRUE,NA,51.77777777777778,0.05256392929720621,TRUE,NA
liberal,Distinctiveness,Between-person,Motor,46,52.54545454545454,0.04943192824274134,TRUE,NA,52.54545454545454,0.04951208924633699,TRUE,NA
liberal,Distinctiveness,Between-person,Motor,47,53.31313131313131,0.04638502917830656,TRUE,NA,53.31313131313131,0.046460249195467984,TRUE,NA
liberal,Distinctiveness,Between-person,Motor,48,54.080808080808076,0.043338130113871554,TRUE,NA,54.080808080808076,0.04340840914459876,TRUE,NA
liberal,Distinctiveness,Between-person,Motor,49,54.848484848484844,0.04029123104943633,TRUE,NA,54.848484848484844,0.040356569093729755,TRUE,NA
liberal,Distinctiveness,Between-person,Motor,50,55.61616161616161,0.037244331985001544,TRUE,NA,55.61616161616161,0.03730472904286053,TRUE,NA
liberal,Distinctiveness,Between-person,Motor,51,56.38383838383838,0.03419743292056654,TRUE,NA,56.38383838383838,0.034252888991991304,TRUE,NA
liberal,Distinctiveness,Between-person,Motor,52,57.15151515151515,0.031150533856131313,TRUE,NA,57.15151515151515,0.031201048941122522,TRUE,NA
liberal,Distinctiveness,Between-person,Motor,53,57.91919191919192,0.028103634791696308,TRUE,NA,57.91919191919192,0.028149208890253297,TRUE,NA
liberal,Distinctiveness,Between-person,Motor,54,58.686868686868685,0.025056735727261303,TRUE,NA,58.686868686868685,0.025097368839384293,TRUE,NA
liberal,Distinctiveness,Between-person,Motor,55,59.45454545454545,0.0220098366628263,TRUE,NA,59.45454545454545,0.022045528788515067,TRUE,NA
liberal,Distinctiveness,Between-person,Motor,56,60.22222222222222,0.018962937598391294,TRUE,NA,60.22222222222222,0.018993688737645842,TRUE,NA
liberal,Distinctiveness,Between-person,Motor,57,60.98989898989899,0.01591603853395651,TRUE,NA,60.98989898989899,0.015941848686776616,TRUE,NA
liberal,Distinctiveness,Between-person,Motor,58,61.75757575757576,0.012869139469521285,TRUE,NA,61.75757575757576,0.012890008635907613,TRUE,NA
liberal,Distinctiveness,Between-person,Motor,59,62.52525252525252,0.009822240405086502,TRUE,NA,62.52525252525252,0.00983816858503861,TRUE,NA
liberal,Distinctiveness,Between-person,Motor,60,63.29292929292929,0.006775341340651275,TRUE,NA,63.29292929292929,0.0067863285341693835,TRUE,NA
liberal,Distinctiveness,Between-person,Motor,61,64.06060606060606,0.0037284422762164926,TRUE,NA,64.06060606060606,0.003734488483300158,TRUE,NA
liberal,Distinctiveness,Between-person,Motor,62,64.82828282828282,6.815432117812659e-4,TRUE,NA,64.82828282828282,6.826484324311544e-4,TRUE,NA
liberal,Distinctiveness,Between-person,Motor,63,65.59595959595958,-0.0023653558526535168,FALSE,older,65.59595959595958,-0.002369191618437849,FALSE,older
liberal,Distinctiveness,Between-person,Motor,64,66.36363636363636,-0.0054122549170885215,FALSE,older,66.36363636363636,-0.005421031669307075,FALSE,older
liberal,Distinctiveness,Between-person,Motor,65,67.13131313131314,-0.008459153981523748,FALSE,older,67.13131313131314,-0.0084728717201763,FALSE,older
liberal,Distinctiveness,Between-person,Motor,66,67.8989898989899,-0.011506053045958753,FALSE,older,67.8989898989899,-0.011524711771045304,FALSE,older
liberal,Distinctiveness,Between-person,Motor,67,68.66666666666666,-0.014552952110393536,FALSE,older,68.66666666666666,-0.014576551821914308,FALSE,older
liberal,Distinctiveness,Between-person,Motor,68,69.43434343434343,-0.017599851174828762,FALSE,older,69.43434343434343,-0.01762839187278331,FALSE,older
liberal,Distinctiveness,Between-person,Motor,69,70.20202020202021,-0.020646750239263545,FALSE,older,70.20202020202021,-0.020680231923652537,FALSE,older
liberal,Distinctiveness,Between-person,Motor,70,70.96969696969697,-0.02369364930369877,FALSE,older,70.96969696969697,-0.023732071974521762,FALSE,older
liberal,Distinctiveness,Between-person,Motor,71,71.73737373737373,-0.026740548368133554,FALSE,older,71.73737373737373,-0.026783912025390766,FALSE,older
liberal,Distinctiveness,Between-person,Motor,72,72.50505050505049,-0.02978744743256878,FALSE,older,72.50505050505049,-0.02983575207625977,FALSE,older
liberal,Distinctiveness,Between-person,Motor,73,73.27272727272727,-0.032834346497003564,FALSE,older,73.27272727272727,-0.03288759212712877,FALSE,older
liberal,Distinctiveness,Between-person,Motor,74,74.04040404040404,-0.03588124556143879,FALSE,older,74.04040404040404,-0.035939432177998,FALSE,older
liberal,Distinctiveness,Between-person,Motor,75,74.8080808080808,-0.03892814462587357,FALSE,older,74.8080808080808,-0.038991272228867224,FALSE,older
liberal,Distinctiveness,Between-person,Motor,76,75.57575757575756,-0.0419750436903088,FALSE,older,75.57575757575756,-0.04204311227973623,FALSE,older
liberal,Distinctiveness,Between-person,Motor,77,76.34343434343434,-0.045021942754743804,FALSE,older,76.34343434343434,-0.04509495233060545,FALSE,older
liberal,Distinctiveness,Between-person,Motor,78,77.11111111111111,-0.04806884181917881,FALSE,older,77.11111111111111,-0.04814679238147446,FALSE,older
liberal,Distinctiveness,Between-person,Motor,79,77.87878787878788,-0.051115740883613814,FALSE,older,77.87878787878788,-0.05119863243234346,FALSE,older
liberal,Distinctiveness,Between-person,Motor,80,78.64646464646464,-0.05416263994804882,FALSE,older,78.64646464646464,-0.054250472483212686,FALSE,older
liberal,Distinctiveness,Between-person,Motor,81,79.41414141414141,-0.05720953901248382,FALSE,older,79.41414141414141,-0.05730231253408191,FALSE,older
liberal,Distinctiveness,Between-person,Motor,82,80.18181818181819,-0.06025643807691883,FALSE,older,80.18181818181819,-0.06035415258495114,FALSE,older
liberal,Distinctiveness,Between-person,Motor,83,80.94949494949495,-0.06330333714135361,FALSE,older,80.94949494949495,-0.06340599263582014,FALSE,older
liberal,Distinctiveness,Between-person,Motor,84,81.71717171717171,-0.06635023620578884,FALSE,older,81.71717171717171,-0.06645783268668914,FALSE,older
liberal,Distinctiveness,Between-person,Motor,85,82.48484848484848,-0.06939713527022384,FALSE,older,82.48484848484848,-0.06950967273755815,FALSE,older
liberal,Distinctiveness,Between-person,Motor,86,83.25252525252525,-0.07244403433465885,FALSE,older,83.25252525252525,-0.07256151278842715,FALSE,older
liberal,Distinctiveness,Between-person,Motor,87,84.02020202020202,-0.07549093339909385,FALSE,older,84.02020202020202,-0.07561335283929638,FALSE,older
liberal,Distinctiveness,Between-person,Motor,88,84.78787878787878,-0.07853783246352886,FALSE,older,84.78787878787878,-0.0786651928901656,FALSE,older
liberal,Distinctiveness,Between-person,Motor,89,85.55555555555556,-0.08158473152796386,FALSE,older,85.55555555555556,-0.0817170329410346,FALSE,older
liberal,Distinctiveness,Between-person,Motor,90,86.32323232323232,-0.08463163059239887,FALSE,older,86.32323232323232,-0.08476887299190361,FALSE,older
liberal,Distinctiveness,Between-person,Motor,91,87.09090909090908,-0.08767852965683387,FALSE,older,87.09090909090908,-0.08782071304277284,FALSE,older
liberal,Distinctiveness,Between-person,Motor,92,87.85858585858585,-0.09072542872126887,FALSE,older,87.85858585858585,-0.09087255309364184,FALSE,older
liberal,Distinctiveness,Between-person,Motor,93,88.62626262626262,-0.09377232778570388,FALSE,older,88.62626262626262,-0.09392439314451106,FALSE,older
liberal,Distinctiveness,Between-person,Motor,94,89.39393939393939,-0.09681922685013888,FALSE,older,89.39393939393939,-0.09697623319538029,FALSE,older
liberal,Distinctiveness,Between-person,Motor,95,90.16161616161615,-0.09986612591457389,FALSE,older,90.16161616161615,-0.1000280732462493,FALSE,older
liberal,Distinctiveness,Between-person,Motor,96,90.92929292929293,-0.1029130249790089,FALSE,older,90.92929292929293,-0.10307991329711852,FALSE,older
liberal,Distinctiveness,Between-person,Motor,97,91.69696969696969,-0.1059599240434439,FALSE,older,91.69696969696969,-0.10613175334798752,FALSE,older
liberal,Distinctiveness,Between-person,Motor,98,92.46464646464646,-0.1090068231078789,FALSE,older,92.46464646464646,-0.10918359339885653,FALSE,older
liberal,Distinctiveness,Between-person,Motor,99,93.23232323232322,-0.11205372217231391,FALSE,older,93.23232323232322,-0.11223543344972575,FALSE,older
liberal,Distinctiveness,Between-person,Motor,100,94,-0.11510062123674891,FALSE,older,94,-0.11528727350059498,FALSE,older
liberal,Reliability,Within-person,All modalities,1,0,0,FALSE,all,0,0,FALSE,all
liberal,Reliability,Within-person,All modalities,2,0.05562289562289562,-5.19609875222371e-4,FALSE,all,0.05563973063973064,-5.089584465763908e-4,FALSE,all
liberal,Reliability,Within-person,All modalities,3,0.11124579124579125,-0.001039219750444631,FALSE,all,0.11127946127946128,-0.0010179168931527816,FALSE,all
liberal,Reliability,Within-person,All modalities,4,0.16686868686868686,-0.001558829625666891,FALSE,all,0.1669191919191919,-0.0015268753397291723,FALSE,all
liberal,Reliability,Within-person,All modalities,5,0.2224915824915825,-0.002078439500889262,FALSE,all,0.22255892255892257,-0.002035833786305563,FALSE,all
liberal,Reliability,Within-person,All modalities,6,0.2781144781144781,-0.002598049376111522,FALSE,all,0.2781986531986532,-0.002544792232882065,FALSE,all
liberal,Reliability,Within-person,All modalities,7,0.3337373737373737,-0.003117659251333782,FALSE,all,0.3338383838383838,-0.0030537506794584557,FALSE,all
liberal,Reliability,Within-person,All modalities,8,0.38936026936026935,-0.003637269126556042,FALSE,all,0.3894781144781145,-0.0035627091260348465,FALSE,all
liberal,Reliability,Within-person,All modalities,9,0.444983164983165,-0.004156879001778413,FALSE,all,0.44511784511784513,-0.004071667572611237,FALSE,all
liberal,Reliability,Within-person,All modalities,10,0.5006060606060606,-0.004676488877000673,FALSE,all,0.5007575757575757,-0.004580626019187628,FALSE,all
liberal,Reliability,Within-person,All modalities,11,0.5562289562289562,-0.005196098752222933,FALSE,all,0.5563973063973064,-0.00508958446576413,FALSE,all
liberal,Reliability,Within-person,All modalities,12,0.6118518518518519,-0.005715708627445193,FALSE,all,0.612037037037037,-0.005598542912340521,FALSE,all
liberal,Reliability,Within-person,All modalities,13,0.6674747474747474,-0.006235318502667564,FALSE,all,0.6676767676767676,-0.006107501358916911,FALSE,all
liberal,Reliability,Within-person,All modalities,14,0.7230976430976431,-0.006754928377889824,FALSE,all,0.7233164983164984,-0.006616459805493302,FALSE,all
liberal,Reliability,Within-person,All modalities,15,0.7787205387205387,-0.007274538253112084,FALSE,all,0.778956228956229,-0.007125418252069693,FALSE,all
liberal,Reliability,Within-person,All modalities,16,0.8343434343434344,-0.007794148128334344,FALSE,all,0.8345959595959597,-0.007634376698646084,FALSE,all
liberal,Reliability,Within-person,All modalities,17,0.88996632996633,-0.008313758003556715,FALSE,all,0.8902356902356903,-0.008143335145222586,FALSE,all
liberal,Reliability,Within-person,All modalities,18,0.9455892255892255,-0.008833367878778975,FALSE,all,0.9458754208754209,-0.008652293591798976,FALSE,all
liberal,Reliability,Within-person,All modalities,19,1.0012121212121212,-0.009352977754001235,FALSE,all,1.0015151515151515,-0.009161252038375367,FALSE,all
liberal,Reliability,Within-person,All modalities,20,1.056835016835017,-0.009872587629223606,FALSE,all,1.0571548821548822,-0.009670210484951758,FALSE,all
liberal,Reliability,Within-person,All modalities,21,1.1124579124579124,-0.010392197504445866,FALSE,all,1.112794612794613,-0.010179168931528149,FALSE,all
liberal,Reliability,Within-person,All modalities,22,1.168080808080808,-0.010911807379668126,FALSE,all,1.1684343434343434,-0.01068812737810465,FALSE,all
liberal,Reliability,Within-person,All modalities,23,1.2237037037037037,-0.011431417254890386,FALSE,all,1.224074074074074,-0.011197085824681041,FALSE,all
liberal,Reliability,Within-person,All modalities,24,1.2793265993265994,-0.011951027130112757,FALSE,all,1.2797138047138048,-0.011706044271257432,FALSE,all
liberal,Reliability,Within-person,All modalities,25,1.3349494949494949,-0.012470637005335017,FALSE,all,1.3353535353535353,-0.012215002717833823,FALSE,all
liberal,Reliability,Within-person,All modalities,26,1.3905723905723906,-0.012990246880557277,FALSE,all,1.390993265993266,-0.012723961164410214,FALSE,all
liberal,Reliability,Within-person,All modalities,27,1.4461952861952863,-0.013509856755779537,FALSE,all,1.4466329966329967,-0.013232919610986715,FALSE,all
liberal,Reliability,Within-person,All modalities,28,1.5018181818181817,-0.014029466631001908,FALSE,all,1.5022727272727274,-0.013741878057563106,FALSE,all
liberal,Reliability,Within-person,All modalities,29,1.5574410774410774,-0.014549076506224168,FALSE,all,1.557912457912458,-0.014250836504139497,FALSE,all
liberal,Reliability,Within-person,All modalities,30,1.613063973063973,-0.015068686381446428,FALSE,all,1.6135521885521886,-0.014759794950715888,FALSE,all
liberal,Reliability,Within-person,All modalities,31,1.6686868686868688,-0.015588296256668688,FALSE,all,1.6691919191919193,-0.015268753397292278,FALSE,all
liberal,Reliability,Within-person,All modalities,32,1.7243097643097642,-0.01610790613189106,FALSE,all,1.7248316498316498,-0.01577771184386867,FALSE,all
liberal,Reliability,Within-person,All modalities,33,1.77993265993266,-0.01662751600711332,FALSE,all,1.7804713804713805,-0.01628667029044517,FALSE,all
liberal,Reliability,Within-person,All modalities,34,1.8355555555555556,-0.01714712588233558,FALSE,all,1.8361111111111112,-0.016795628737021562,FALSE,all
liberal,Reliability,Within-person,All modalities,35,1.891178451178451,-0.01766673575755795,FALSE,all,1.8917508417508417,-0.017304587183597953,FALSE,all
liberal,Reliability,Within-person,All modalities,36,1.9468013468013468,-0.01818634563278021,FALSE,all,1.9473905723905724,-0.017813545630174343,FALSE,all
liberal,Reliability,Within-person,All modalities,37,2.0024242424242424,-0.01870595550800247,FALSE,all,2.003030303030303,-0.018322504076750734,FALSE,all
liberal,Reliability,Within-person,All modalities,38,2.058047138047138,-0.01922556538322473,FALSE,all,2.0586700336700336,-0.018831462523327236,FALSE,all
liberal,Reliability,Within-person,All modalities,39,2.113670033670034,-0.0197451752584471,FALSE,all,2.1143097643097644,-0.019340420969903627,FALSE,all
liberal,Reliability,Within-person,All modalities,40,2.1692929292929293,-0.02026478513366936,FALSE,all,2.169949494949495,-0.019849379416480017,FALSE,all
liberal,Reliability,Within-person,All modalities,41,2.2249158249158247,-0.02078439500889162,FALSE,all,2.225589225589226,-0.020358337863056408,FALSE,all
liberal,Reliability,Within-person,All modalities,42,2.2805387205387206,-0.02130400488411388,FALSE,all,2.2812289562289565,-0.0208672963096328,FALSE,all
liberal,Reliability,Within-person,All modalities,43,2.336161616161616,-0.02182361475933625,FALSE,all,2.3368686868686868,-0.02137625475620919,FALSE,all
liberal,Reliability,Within-person,All modalities,44,2.3917845117845116,-0.02234322463455851,FALSE,all,2.3925084175084175,-0.02188521320278569,FALSE,all
liberal,Reliability,Within-person,All modalities,45,2.4474074074074075,-0.02286283450978077,FALSE,all,2.448148148148148,-0.022394171649362082,FALSE,all
liberal,Reliability,Within-person,All modalities,46,2.503030303030303,-0.02338244438500303,FALSE,all,2.503787878787879,-0.022903130095938473,FALSE,all
liberal,Reliability,Within-person,All modalities,47,2.558653198653199,-0.023902054260225403,FALSE,all,2.5594276094276096,-0.023412088542514864,FALSE,all
liberal,Reliability,Within-person,All modalities,48,2.6142760942760943,-0.024421664135447663,FALSE,all,2.6150673400673403,-0.023921046989091255,FALSE,all
liberal,Reliability,Within-person,All modalities,49,2.6698989898989898,-0.024941274010669923,FALSE,all,2.6707070707070706,-0.024430005435667757,FALSE,all
liberal,Reliability,Within-person,All modalities,50,2.7255218855218857,-0.025460883885892294,FALSE,all,2.7263468013468013,-0.024938963882244147,FALSE,all
liberal,Reliability,Within-person,All modalities,51,2.781144781144781,-0.025980493761114554,FALSE,all,2.781986531986532,-0.025447922328820538,FALSE,all
liberal,Reliability,Within-person,All modalities,52,2.8367676767676766,-0.026500103636336814,FALSE,all,2.8376262626262627,-0.02595688077539693,FALSE,all
liberal,Reliability,Within-person,All modalities,53,2.8923905723905725,-0.027019713511559074,FALSE,all,2.8932659932659934,-0.02646583922197332,FALSE,all
liberal,Reliability,Within-person,All modalities,54,2.948013468013468,-0.027539323386781445,FALSE,all,2.948905723905724,-0.02697479766854982,FALSE,all
liberal,Reliability,Within-person,All modalities,55,3.0036363636363634,-0.028058933262003705,FALSE,all,3.004545454545455,-0.027483756115126212,FALSE,all
liberal,Reliability,Within-person,All modalities,56,3.0592592592592593,-0.028578543137225965,FALSE,all,3.060185185185185,-0.027992714561702603,FALSE,all
liberal,Reliability,Within-person,All modalities,57,3.114882154882155,-0.029098153012448225,FALSE,all,3.115824915824916,-0.028501673008278994,FALSE,all
liberal,Reliability,Within-person,All modalities,58,3.1705050505050503,-0.029617762887670596,FALSE,all,3.1714646464646465,-0.029010631454855385,FALSE,all
liberal,Reliability,Within-person,All modalities,59,3.226127946127946,-0.030137372762892856,FALSE,all,3.2271043771043773,-0.029519589901431775,FALSE,all
liberal,Reliability,Within-person,All modalities,60,3.2817508417508416,-0.030656982638115116,FALSE,all,3.282744107744108,-0.030028548348008277,FALSE,all
liberal,Reliability,Within-person,All modalities,61,3.3373737373737375,-0.031176592513337376,FALSE,all,3.3383838383838387,-0.030537506794584668,FALSE,all
liberal,Reliability,Within-person,All modalities,62,3.392996632996633,-0.03169620238855975,FALSE,all,3.394023569023569,-0.03104646524116106,FALSE,all
liberal,Reliability,Within-person,All modalities,63,3.4486195286195285,-0.03221581226378201,FALSE,all,3.4496632996632997,-0.03155542368773745,FALSE,all
liberal,Reliability,Within-person,All modalities,64,3.5042424242424244,-0.03273542213900427,FALSE,all,3.5053030303030304,-0.03206438213431384,FALSE,all
liberal,Reliability,Within-person,All modalities,65,3.55986531986532,-0.03325503201422653,FALSE,all,3.560942760942761,-0.03257334058089034,FALSE,all
liberal,Reliability,Within-person,All modalities,66,3.6154882154882153,-0.0337746418894489,FALSE,all,3.616582491582492,-0.03308229902746673,FALSE,all
liberal,Reliability,Within-person,All modalities,67,3.671111111111111,-0.03429425176467116,FALSE,all,3.6722222222222225,-0.033591257474043124,FALSE,all
liberal,Reliability,Within-person,All modalities,68,3.7267340067340067,-0.03481386163989342,FALSE,all,3.727861952861953,-0.034100215920619514,FALSE,all
liberal,Reliability,Within-person,All modalities,69,3.782356902356902,-0.03533347151511579,FALSE,all,3.7835016835016835,-0.034609174367195905,FALSE,all
liberal,Reliability,Within-person,All modalities,70,3.837979797979798,-0.03585308139033805,FALSE,all,3.839141414141414,-0.03511813281377241,FALSE,all
liberal,Reliability,Within-person,All modalities,71,3.8936026936026935,-0.03637269126556031,FALSE,all,3.894781144781145,-0.0356270912603488,FALSE,all
liberal,Reliability,Within-person,All modalities,72,3.9492255892255894,-0.03689230114078257,FALSE,all,3.9504208754208756,-0.03613604970692519,FALSE,all
liberal,Reliability,Within-person,All modalities,73,4.004848484848485,-0.03741191101600494,FALSE,all,4.006060606060606,-0.03664500815350158,FALSE,all
liberal,Reliability,Within-person,All modalities,74,4.06047138047138,-0.0379315208912272,FALSE,all,4.061700336700337,-0.03715396660007797,FALSE,all
liberal,Reliability,Within-person,All modalities,75,4.116094276094276,-0.03845113076644946,FALSE,all,4.117340067340067,-0.03766292504665436,FALSE,all
liberal,Reliability,Within-person,All modalities,76,4.171717171717171,-0.03897074064167172,FALSE,all,4.1729797979797985,-0.03817188349323086,FALSE,all
liberal,Reliability,Within-person,All modalities,77,4.227340067340068,-0.03949035051689409,FALSE,all,4.228619528619529,-0.03868084193980725,FALSE,all
liberal,Reliability,Within-person,All modalities,78,4.282962962962963,-0.04000996039211635,FALSE,all,4.284259259259259,-0.039189800386383644,FALSE,all
liberal,Reliability,Within-person,All modalities,79,4.3385858585858585,-0.04052957026733861,FALSE,all,4.33989898989899,-0.039698758832960035,FALSE,all
liberal,Reliability,Within-person,All modalities,80,4.394208754208754,-0.04104918014256087,FALSE,all,4.39553872053872,-0.040207717279536426,FALSE,all
liberal,Reliability,Within-person,All modalities,81,4.4498316498316495,-0.04156879001778324,FALSE,all,4.451178451178452,-0.04071667572611293,FALSE,all
liberal,Reliability,Within-person,All modalities,82,4.505454545454546,-0.0420883998930055,FALSE,all,4.506818181818182,-0.04122563417268932,FALSE,all
liberal,Reliability,Within-person,All modalities,83,4.561077441077441,-0.04260800976822776,FALSE,all,4.562457912457913,-0.04173459261926571,FALSE,all
liberal,Reliability,Within-person,All modalities,84,4.616700336700337,-0.04312761964345013,FALSE,all,4.618097643097643,-0.0422435510658421,FALSE,all
liberal,Reliability,Within-person,All modalities,85,4.672323232323232,-0.04364722951867239,FALSE,all,4.6737373737373735,-0.04275250951241849,FALSE,all
liberal,Reliability,Within-person,All modalities,86,4.727946127946128,-0.04416683939389465,FALSE,all,4.729377104377105,-0.04326146795899499,FALSE,all
liberal,Reliability,Within-person,All modalities,87,4.783569023569023,-0.04468644926911691,FALSE,all,4.785016835016835,-0.04377042640557138,FALSE,all
liberal,Reliability,Within-person,All modalities,88,4.8391919191919195,-0.04520605914433928,FALSE,all,4.840656565656566,-0.044279384852147774,FALSE,all
liberal,Reliability,Within-person,All modalities,89,4.894814814814815,-0.04572566901956154,FALSE,all,4.896296296296296,-0.044788343298724165,FALSE,all
liberal,Reliability,Within-person,All modalities,90,4.95043771043771,-0.0462452788947838,FALSE,all,4.9519360269360275,-0.045297301745300556,FALSE,all
liberal,Reliability,Within-person,All modalities,91,5.006060606060606,-0.04676488877000606,FALSE,all,5.007575757575758,-0.045806260191876946,FALSE,all
liberal,Reliability,Within-person,All modalities,92,5.061683501683501,-0.047284498645228434,FALSE,all,5.063215488215488,-0.04631521863845345,FALSE,all
liberal,Reliability,Within-person,All modalities,93,5.117306397306398,-0.047804108520450694,FALSE,all,5.118855218855219,-0.04682417708502984,FALSE,all
liberal,Reliability,Within-person,All modalities,94,5.172929292929293,-0.048323718395672954,FALSE,all,5.1744949494949495,-0.04733313553160623,FALSE,all
liberal,Reliability,Within-person,All modalities,95,5.228552188552189,-0.048843328270895214,FALSE,all,5.230134680134681,-0.04784209397818262,FALSE,all
liberal,Reliability,Within-person,All modalities,96,5.284175084175084,-0.049362938146117585,FALSE,all,5.285774410774411,-0.04835105242475901,FALSE,all
liberal,Reliability,Within-person,All modalities,97,5.3397979797979795,-0.049882548021339845,FALSE,all,5.341414141414141,-0.04886001087133551,FALSE,all
liberal,Reliability,Within-person,All modalities,98,5.395420875420875,-0.050402157896562105,FALSE,all,5.397053872053872,-0.049368969317911904,FALSE,all
liberal,Reliability,Within-person,All modalities,99,5.451043771043771,-0.050921767771784476,FALSE,all,5.452693602693603,-0.049877927764488295,FALSE,all
liberal,Reliability,Within-person,All modalities,100,5.506666666666667,-0.051441377647006736,FALSE,all,5.508333333333334,-0.050386886211064685,FALSE,all
liberal,Confusability,Within-person,All modalities,1,0,0,FALSE,all,0,0,FALSE,all
liberal,Confusability,Within-person,All modalities,2,0.05562289562289562,8.749379716899153e-6,FALSE,all,0.05563973063973064,8.580213727210628e-6,FALSE,all
liberal,Confusability,Within-person,All modalities,3,0.11124579124579125,1.749875943382606e-5,FALSE,all,0.11127946127946128,1.71604274543935e-5,FALSE,all
liberal,Confusability,Within-person,All modalities,4,0.16686868686868686,2.624813915075297e-5,FALSE,all,0.1669191919191919,2.5740641181631885e-5,FALSE,all
liberal,Confusability,Within-person,All modalities,5,0.2224915824915825,3.499751886765212e-5,FALSE,all,0.22255892255892257,3.432085490881476e-5,FALSE,all
liberal,Confusability,Within-person,All modalities,6,0.2781144781144781,4.374689858457903e-5,FALSE,all,0.2781986531986532,4.2901068636025386e-5,FALSE,all
liberal,Confusability,Within-person,All modalities,7,0.3337373737373737,5.249627830150594e-5,FALSE,all,0.3338383838383838,5.1481282363236014e-5,FALSE,all
liberal,Confusability,Within-person,All modalities,8,0.38936026936026935,6.124565801840509e-5,FALSE,all,0.3894781144781145,6.0061496090418887e-5,FALSE,all
liberal,Confusability,Within-person,All modalities,9,0.444983164983165,6.9995037735332e-5,FALSE,all,0.44511784511784513,6.864170981762951e-5,FALSE,all
liberal,Confusability,Within-person,All modalities,10,0.5006060606060606,7.874441745225891e-5,FALSE,all,0.5007575757575757,7.722192354484014e-5,FALSE,all
liberal,Confusability,Within-person,All modalities,11,0.5562289562289562,8.749379716915806e-5,FALSE,all,0.5563973063973064,8.580213727205077e-5,FALSE,all
liberal,Confusability,Within-person,All modalities,12,0.6118518518518519,9.624317688608497e-5,FALSE,all,0.612037037037037,9.43823509992614e-5,FALSE,all
liberal,Confusability,Within-person,All modalities,13,0.6674747474747474,1.0499255660301188e-4,FALSE,all,0.6676767676767676,1.0296256472644427e-4,FALSE,all
liberal,Confusability,Within-person,All modalities,14,0.7230976430976431,1.1374193631991103e-4,FALSE,all,0.7233164983164984,1.115427784536549e-4,FALSE,all
liberal,Confusability,Within-person,All modalities,15,0.7787205387205387,1.224913160368657e-4,FALSE,all,0.778956228956229,1.2012299218086553e-4,FALSE,all
liberal,Confusability,Within-person,All modalities,16,0.8343434343434344,1.3124069575376485e-4,FALSE,all,0.8345959595959597,1.2870320590807616e-4,FALSE,all
liberal,Confusability,Within-person,All modalities,17,0.88996632996633,1.39990075470664e-4,FALSE,all,0.8902356902356903,1.3728341963528679e-4,FALSE,all
liberal,Confusability,Within-person,All modalities,18,0.9455892255892255,1.4873945518761866e-4,FALSE,all,0.9458754208754209,1.4586363336246966e-4,FALSE,all
liberal,Confusability,Within-person,All modalities,19,1.0012121212121212,1.5748883490451782e-4,FALSE,all,1.0015151515151515,1.5444384708968029e-4,FALSE,all
liberal,Confusability,Within-person,All modalities,20,1.056835016835017,1.6623821462144472e-4,FALSE,all,1.0571548821548822,1.6302406081689091e-4,FALSE,all
liberal,Confusability,Within-person,All modalities,21,1.1124579124579124,1.7498759433837163e-4,FALSE,all,1.112794612794613,1.716042745440738e-4,FALSE,all
liberal,Confusability,Within-person,All modalities,22,1.168080808080808,1.8373697405527079e-4,FALSE,all,1.1684343434343434,1.8018448827131217e-4,FALSE,all
liberal,Confusability,Within-person,All modalities,23,1.2237037037037037,1.924863537721977e-4,FALSE,all,1.224074074074074,1.8876470199849504e-4,FALSE,all
liberal,Confusability,Within-person,All modalities,24,1.2793265993265994,2.012357334891246e-4,FALSE,all,1.2797138047138048,1.9734491572570567e-4,FALSE,all
liberal,Confusability,Within-person,All modalities,25,1.3349494949494949,2.0998511320602375e-4,FALSE,all,1.3353535353535353,2.059251294529163e-4,FALSE,all
liberal,Confusability,Within-person,All modalities,26,1.3905723905723906,2.1873449292295066e-4,FALSE,all,1.390993265993266,2.1450534318009917e-4,FALSE,all
liberal,Confusability,Within-person,All modalities,27,1.4461952861952863,2.2748387263987757e-4,FALSE,all,1.4466329966329967,2.230855569073098e-4,FALSE,all
liberal,Confusability,Within-person,All modalities,28,1.5018181818181817,2.3623325235677672e-4,FALSE,all,1.5022727272727274,2.3166577063452043e-4,FALSE,all
liberal,Confusability,Within-person,All modalities,29,1.5574410774410774,2.4498263207370363e-4,FALSE,all,1.557912457912458,2.4024598436173106e-4,FALSE,all
liberal,Confusability,Within-person,All modalities,30,1.613063973063973,2.5373201179063054e-4,FALSE,all,1.6135521885521886,2.488261980889417e-4,FALSE,all
liberal,Confusability,Within-person,All modalities,31,1.6686868686868688,2.624813915075297e-4,FALSE,all,1.6691919191919193,2.5740641181612456e-4,FALSE,all
liberal,Confusability,Within-person,All modalities,32,1.7243097643097642,2.712307712244566e-4,FALSE,all,1.7248316498316498,2.659866255433352e-4,FALSE,all
liberal,Confusability,Within-person,All modalities,33,1.77993265993266,2.799801509413835e-4,FALSE,all,1.7804713804713805,2.745668392705458e-4,FALSE,all
liberal,Confusability,Within-person,All modalities,34,1.8355555555555556,2.8872953065828266e-4,FALSE,all,1.8361111111111112,2.8314705299775644e-4,FALSE,all
liberal,Confusability,Within-person,All modalities,35,1.891178451178451,2.9747891037520957e-4,FALSE,all,1.8917508417508417,2.9172726672496707e-4,FALSE,all
liberal,Confusability,Within-person,All modalities,36,1.9468013468013468,3.062282900921365e-4,FALSE,all,1.9473905723905724,3.0030748045214994e-4,FALSE,all
liberal,Confusability,Within-person,All modalities,37,2.0024242424242424,3.1497766980903563e-4,FALSE,all,2.003030303030303,3.0888769417936057e-4,FALSE,all
liberal,Confusability,Within-person,All modalities,38,2.058047138047138,3.2372704952596254e-4,FALSE,all,2.0586700336700336,3.174679079065712e-4,FALSE,all
liberal,Confusability,Within-person,All modalities,39,2.113670033670034,3.3247642924288945e-4,FALSE,all,2.1143097643097644,3.260481216337541e-4,FALSE,all
liberal,Confusability,Within-person,All modalities,40,2.1692929292929293,3.412258089597886e-4,FALSE,all,2.169949494949495,3.3462833536099246e-4,FALSE,all
liberal,Confusability,Within-person,All modalities,41,2.2249158249158247,3.499751886767155e-4,FALSE,all,2.225589225589226,3.4320854908817533e-4,FALSE,all
liberal,Confusability,Within-person,All modalities,42,2.2805387205387206,3.587245683936424e-4,FALSE,all,2.2812289562289565,3.5178876281538596e-4,FALSE,all
liberal,Confusability,Within-person,All modalities,43,2.336161616161616,3.6747394811054157e-4,FALSE,all,2.3368686868686868,3.603689765425966e-4,FALSE,all
liberal,Confusability,Within-person,All modalities,44,2.3917845117845116,3.762233278274685e-4,FALSE,all,2.3925084175084175,3.6894919026977946e-4,FALSE,all
liberal,Confusability,Within-person,All modalities,45,2.4474074074074075,3.849727075443954e-4,FALSE,all,2.448148148148148,3.7752940399701784e-4,FALSE,all
liberal,Confusability,Within-person,All modalities,46,2.503030303030303,3.9372208726129454e-4,FALSE,all,2.503787878787879,3.861096177242007e-4,FALSE,all
liberal,Confusability,Within-person,All modalities,47,2.558653198653199,4.0247146697822145e-4,FALSE,all,2.5594276094276096,3.9468983145141134e-4,FALSE,all
liberal,Confusability,Within-person,All modalities,48,2.6142760942760943,4.1122084669514836e-4,FALSE,all,2.6150673400673403,4.0327004517862197e-4,FALSE,all
liberal,Confusability,Within-person,All modalities,49,2.6698989898989898,4.199702264120475e-4,FALSE,all,2.6707070707070706,4.1185025890580484e-4,FALSE,all
liberal,Confusability,Within-person,All modalities,50,2.7255218855218857,4.287196061289744e-4,FALSE,all,2.7263468013468013,0.00042043047263301547,FALSE,all
liberal,Confusability,Within-person,All modalities,51,2.781144781144781,4.374689858459013e-4,FALSE,all,2.781986531986532,4.290106863602261e-4,FALSE,all
liberal,Confusability,Within-person,All modalities,52,2.8367676767676766,4.462183655628005e-4,FALSE,all,2.8376262626262627,4.3759090008743673e-4,FALSE,all
liberal,Confusability,Within-person,All modalities,53,2.8923905723905725,4.549677452797274e-4,FALSE,all,2.8932659932659934,4.4617111381464736e-4,FALSE,all
liberal,Confusability,Within-person,All modalities,54,2.948013468013468,4.637171249966543e-4,FALSE,all,2.948905723905724,4.5475132754183023e-4,FALSE,all
liberal,Confusability,Within-person,All modalities,55,3.0036363636363634,4.7246650471355345e-4,FALSE,all,3.004545454545455,4.6333154126904086e-4,FALSE,all
liberal,Confusability,Within-person,All modalities,56,3.0592592592592593,4.8121588443048036e-4,FALSE,all,3.060185185185185,4.719117549962515e-4,FALSE,all
liberal,Confusability,Within-person,All modalities,57,3.114882154882155,4.899652641474073e-4,FALSE,all,3.115824915824916,4.804919687234621e-4,FALSE,all
liberal,Confusability,Within-person,All modalities,58,3.1705050505050503,4.987146438643064e-4,FALSE,all,3.1714646464646465,4.890721824506727e-4,FALSE,all
liberal,Confusability,Within-person,All modalities,59,3.226127946127946,5.074640235812333e-4,FALSE,all,3.2271043771043773,4.976523961778556e-4,FALSE,all
liberal,Confusability,Within-person,All modalities,60,3.2817508417508416,5.162134032981602e-4,FALSE,all,3.282744107744108,5.062326099050662e-4,FALSE,all
liberal,Confusability,Within-person,All modalities,61,3.3373737373737375,5.249627830150594e-4,FALSE,all,3.3383838383838387,5.148128236322769e-4,FALSE,all
liberal,Confusability,Within-person,All modalities,62,3.392996632996633,5.337121627319863e-4,FALSE,all,3.394023569023569,5.233930373594597e-4,FALSE,all
liberal,Confusability,Within-person,All modalities,63,3.4486195286195285,5.424615424489132e-4,FALSE,all,3.4496632996632997,5.319732510866981e-4,FALSE,all
liberal,Confusability,Within-person,All modalities,64,3.5042424242424244,5.512109221658124e-4,FALSE,all,3.5053030303030304,5.40553464813881e-4,FALSE,all
liberal,Confusability,Within-person,All modalities,65,3.55986531986532,5.599603018827393e-4,FALSE,all,3.560942760942761,5.491336785410916e-4,FALSE,all
liberal,Confusability,Within-person,All modalities,66,3.6154882154882153,5.687096815996662e-4,FALSE,all,3.616582491582492,5.577138922683023e-4,FALSE,all
liberal,Confusability,Within-person,All modalities,67,3.671111111111111,5.774590613165653e-4,FALSE,all,3.6722222222222225,5.662941059954851e-4,FALSE,all
liberal,Confusability,Within-person,All modalities,68,3.7267340067340067,5.862084410334922e-4,FALSE,all,3.727861952861953,5.748743197226958e-4,FALSE,all
liberal,Confusability,Within-person,All modalities,69,3.782356902356902,5.949578207504191e-4,FALSE,all,3.7835016835016835,5.834545334499064e-4,FALSE,all
liberal,Confusability,Within-person,All modalities,70,3.837979797979798,6.037072004673183e-4,FALSE,all,3.839141414141414,5.92034747177117e-4,FALSE,all
liberal,Confusability,Within-person,All modalities,71,3.8936026936026935,6.124565801842452e-4,FALSE,all,3.894781144781145,6.006149609043276e-4,FALSE,all
liberal,Confusability,Within-person,All modalities,72,3.9492255892255894,6.212059599011721e-4,FALSE,all,3.9504208754208756,6.091951746315105e-4,FALSE,all
liberal,Confusability,Within-person,All modalities,73,4.004848484848485,6.299553396180713e-4,FALSE,all,4.006060606060606,6.177753883587211e-4,FALSE,all
liberal,Confusability,Within-person,All modalities,74,4.06047138047138,6.387047193349982e-4,FALSE,all,4.061700336700337,6.263556020859318e-4,FALSE,all
liberal,Confusability,Within-person,All modalities,75,4.116094276094276,6.474540990519251e-4,FALSE,all,4.117340067340067,6.349358158131424e-4,FALSE,all
liberal,Confusability,Within-person,All modalities,76,4.171717171717171,6.562034787688242e-4,FALSE,all,4.1729797979797985,6.43516029540353e-4,FALSE,all
liberal,Confusability,Within-person,All modalities,77,4.227340067340068,6.649528584857511e-4,FALSE,all,4.228619528619529,6.520962432675359e-4,FALSE,all
liberal,Confusability,Within-person,All modalities,78,4.282962962962963,6.73702238202678e-4,FALSE,all,4.284259259259259,6.606764569947465e-4,FALSE,all
liberal,Confusability,Within-person,All modalities,79,4.3385858585858585,6.824516179195772e-4,FALSE,all,4.33989898989899,6.692566707219572e-4,FALSE,all
liberal,Confusability,Within-person,All modalities,80,4.394208754208754,6.912009976365041e-4,FALSE,all,4.39553872053872,6.7783688444914e-4,FALSE,all
liberal,Confusability,Within-person,All modalities,81,4.4498316498316495,6.99950377353431e-4,FALSE,all,4.451178451178452,6.864170981763784e-4,FALSE,all
liberal,Confusability,Within-person,All modalities,82,4.505454545454546,7.086997570703302e-4,FALSE,all,4.506818181818182,6.949973119035613e-4,FALSE,all
liberal,Confusability,Within-person,All modalities,83,4.561077441077441,7.174491367872571e-4,FALSE,all,4.562457912457913,7.035775256307719e-4,FALSE,all
liberal,Confusability,Within-person,All modalities,84,4.616700336700337,7.26198516504184e-4,FALSE,all,4.618097643097643,7.121577393579825e-4,FALSE,all
liberal,Confusability,Within-person,All modalities,85,4.672323232323232,7.349478962210831e-4,FALSE,all,4.6737373737373735,7.207379530851654e-4,FALSE,all
liberal,Confusability,Within-person,All modalities,86,4.727946127946128,7.436972759380378e-4,FALSE,all,4.729377104377105,7.293181668124038e-4,FALSE,all
liberal,Confusability,Within-person,All modalities,87,4.783569023569023,7.52446655654937e-4,FALSE,all,4.785016835016835,7.378983805395867e-4,FALSE,all
liberal,Confusability,Within-person,All modalities,88,4.8391919191919195,7.611960353718639e-4,FALSE,all,4.840656565656566,7.464785942667973e-4,FALSE,all
liberal,Confusability,Within-person,All modalities,89,4.894814814814815,7.699454150887908e-4,FALSE,all,4.896296296296296,7.550588079940079e-4,FALSE,all
liberal,Confusability,Within-person,All modalities,90,4.95043771043771,7.786947948056899e-4,FALSE,all,4.9519360269360275,7.636390217211908e-4,FALSE,all
liberal,Confusability,Within-person,All modalities,91,5.006060606060606,7.874441745226168e-4,FALSE,all,5.007575757575758,7.722192354484014e-4,FALSE,all
liberal,Confusability,Within-person,All modalities,92,5.061683501683501,7.961935542395437e-4,FALSE,all,5.063215488215488,7.807994491756121e-4,FALSE,all
liberal,Confusability,Within-person,All modalities,93,5.117306397306398,8.049429339564429e-4,FALSE,all,5.118855218855219,7.893796629028227e-4,FALSE,all
liberal,Confusability,Within-person,All modalities,94,5.172929292929293,8.136923136733698e-4,FALSE,all,5.1744949494949495,7.979598766300333e-4,FALSE,all
liberal,Confusability,Within-person,All modalities,95,5.228552188552189,8.224416933902967e-4,FALSE,all,5.230134680134681,8.065400903572162e-4,FALSE,all
liberal,Confusability,Within-person,All modalities,96,5.284175084175084,8.311910731071959e-4,FALSE,all,5.285774410774411,8.151203040844268e-4,FALSE,all
liberal,Confusability,Within-person,All modalities,97,5.3397979797979795,8.399404528241228e-4,FALSE,all,5.341414141414141,8.237005178116374e-4,FALSE,all
liberal,Confusability,Within-person,All modalities,98,5.395420875420875,8.486898325410497e-4,FALSE,all,5.397053872053872,8.322807315388481e-4,FALSE,all
liberal,Confusability,Within-person,All modalities,99,5.451043771043771,8.574392122579488e-4,FALSE,all,5.452693602693603,8.408609452660587e-4,FALSE,all
liberal,Confusability,Within-person,All modalities,100,5.506666666666667,8.661885919748757e-4,FALSE,all,5.508333333333334,8.494411589932416e-4,FALSE,all
liberal,Distinctiveness,Within-person,All modalities,1,0,0,FALSE,all,0,0,FALSE,all
liberal,Distinctiveness,Within-person,All modalities,2,0.05562289562289562,-5.283295039351099e-4,FALSE,all,0.05563973063973064,-5.088952883280928e-4,FALSE,all
liberal,Distinctiveness,Within-person,All modalities,3,0.11124579124579125,-0.0010566590078701088,FALSE,all,0.11127946127946128,-0.0010177905766562967,FALSE,all
liberal,Distinctiveness,Within-person,All modalities,4,0.16686868686868686,-0.0015849885118052187,FALSE,all,0.1669191919191919,-0.0015266858649845005,FALSE,all
liberal,Distinctiveness,Within-person,All modalities,5,0.2224915824915825,-0.0021133180157403286,FALSE,all,0.22255892255892257,-0.0020355811533125934,FALSE,all
liberal,Distinctiveness,Within-person,All modalities,6,0.2781144781144781,-0.0026416475196754385,FALSE,all,0.2781986531986532,-0.0025444764416407972,FALSE,all
liberal,Distinctiveness,Within-person,All modalities,7,0.3337373737373737,-0.0031699770236104374,FALSE,all,0.3338383838383838,-0.003053371729969001,FALSE,all
liberal,Distinctiveness,Within-person,All modalities,8,0.38936026936026935,-0.0036983065275455473,FALSE,all,0.3894781144781145,-0.003562267018297205,FALSE,all
liberal,Distinctiveness,Within-person,All modalities,9,0.444983164983165,-0.004226636031480657,FALSE,all,0.44511784511784513,-0.004071162306625298,FALSE,all
liberal,Distinctiveness,Within-person,All modalities,10,0.5006060606060606,-0.004754965535415767,FALSE,all,0.5007575757575757,-0.004580057594953502,FALSE,all
liberal,Distinctiveness,Within-person,All modalities,11,0.5562289562289562,-0.005283295039350766,FALSE,all,0.5563973063973064,-0.0050889528832817055,FALSE,all
liberal,Distinctiveness,Within-person,All modalities,12,0.6118518518518519,-0.005811624543285876,FALSE,all,0.612037037037037,-0.005597848171609798,FALSE,all
liberal,Distinctiveness,Within-person,All modalities,13,0.6674747474747474,-0.006339954047220986,FALSE,all,0.6676767676767676,-0.006106743459938002,FALSE,all
liberal,Distinctiveness,Within-person,All modalities,14,0.7230976430976431,-0.006868283551156096,FALSE,all,0.7233164983164984,-0.006615638748266206,FALSE,all
liberal,Distinctiveness,Within-person,All modalities,15,0.7787205387205387,-0.007396613055091095,FALSE,all,0.778956228956229,-0.00712453403659441,FALSE,all
liberal,Distinctiveness,Within-person,All modalities,16,0.8343434343434344,-0.007924942559026205,FALSE,all,0.8345959595959597,-0.007633429324922503,FALSE,all
liberal,Distinctiveness,Within-person,All modalities,17,0.88996632996633,-0.008453272062961315,FALSE,all,0.8902356902356903,-0.008142324613250707,FALSE,all
liberal,Distinctiveness,Within-person,All modalities,18,0.9455892255892255,-0.008981601566896424,FALSE,all,0.9458754208754209,-0.00865121990157891,FALSE,all
liberal,Distinctiveness,Within-person,All modalities,19,1.0012121212121212,-0.009509931070831534,FALSE,all,1.0015151515151515,-0.009160115189907003,FALSE,all
liberal,Distinctiveness,Within-person,All modalities,20,1.056835016835017,-0.010038260574766533,FALSE,all,1.0571548821548822,-0.009669010478235207,FALSE,all
liberal,Distinctiveness,Within-person,All modalities,21,1.1124579124579124,-0.010566590078701643,FALSE,all,1.112794612794613,-0.010177905766563411,FALSE,all
liberal,Distinctiveness,Within-person,All modalities,22,1.168080808080808,-0.011094919582636753,FALSE,all,1.1684343434343434,-0.010686801054891615,FALSE,all
liberal,Distinctiveness,Within-person,All modalities,23,1.2237037037037037,-0.011623249086571863,FALSE,all,1.224074074074074,-0.011195696343219708,FALSE,all
liberal,Distinctiveness,Within-person,All modalities,24,1.2793265993265994,-0.012151578590506862,FALSE,all,1.2797138047138048,-0.011704591631547911,FALSE,all
liberal,Distinctiveness,Within-person,All modalities,25,1.3349494949494949,-0.012679908094441972,FALSE,all,1.3353535353535353,-0.012213486919876115,FALSE,all
liberal,Distinctiveness,Within-person,All modalities,26,1.3905723905723906,-0.013208237598377082,FALSE,all,1.390993265993266,-0.012722382208204208,FALSE,all
liberal,Distinctiveness,Within-person,All modalities,27,1.4461952861952863,-0.013736567102312192,FALSE,all,1.4466329966329967,-0.013231277496532412,FALSE,all
liberal,Distinctiveness,Within-person,All modalities,28,1.5018181818181817,-0.01426489660624719,FALSE,all,1.5022727272727274,-0.013740172784860616,FALSE,all
liberal,Distinctiveness,Within-person,All modalities,29,1.5574410774410774,-0.0147932261101823,FALSE,all,1.557912457912458,-0.01424906807318882,FALSE,all
liberal,Distinctiveness,Within-person,All modalities,30,1.613063973063973,-0.01532155561411741,FALSE,all,1.6135521885521886,-0.014757963361516913,FALSE,all
liberal,Distinctiveness,Within-person,All modalities,31,1.6686868686868688,-0.01584988511805252,FALSE,all,1.6691919191919193,-0.015266858649845116,FALSE,all
liberal,Distinctiveness,Within-person,All modalities,32,1.7243097643097642,-0.01637821462198752,FALSE,all,1.7248316498316498,-0.01577575393817332,FALSE,all
liberal,Distinctiveness,Within-person,All modalities,33,1.77993265993266,-0.01690654412592263,FALSE,all,1.7804713804713805,-0.016284649226501413,FALSE,all
liberal,Distinctiveness,Within-person,All modalities,34,1.8355555555555556,-0.01743487362985774,FALSE,all,1.8361111111111112,-0.016793544514829617,FALSE,all
liberal,Distinctiveness,Within-person,All modalities,35,1.891178451178451,-0.01796320313379285,FALSE,all,1.8917508417508417,-0.01730243980315782,FALSE,all
liberal,Distinctiveness,Within-person,All modalities,36,1.9468013468013468,-0.018491532637727848,FALSE,all,1.9473905723905724,-0.017811335091485914,FALSE,all
liberal,Distinctiveness,Within-person,All modalities,37,2.0024242424242424,-0.019019862141662958,FALSE,all,2.003030303030303,-0.018320230379814118,FALSE,all
liberal,Distinctiveness,Within-person,All modalities,38,2.058047138047138,-0.019548191645598068,FALSE,all,2.0586700336700336,-0.01882912566814232,FALSE,all
liberal,Distinctiveness,Within-person,All modalities,39,2.113670033670034,-0.020076521149533066,FALSE,all,2.1143097643097644,-0.019338020956470525,FALSE,all
liberal,Distinctiveness,Within-person,All modalities,40,2.1692929292929293,-0.020604850653468176,FALSE,all,2.169949494949495,-0.019846916244798618,FALSE,all
liberal,Distinctiveness,Within-person,All modalities,41,2.2249158249158247,-0.021133180157403286,FALSE,all,2.225589225589226,-0.020355811533126822,FALSE,all
liberal,Distinctiveness,Within-person,All modalities,42,2.2805387205387206,-0.021661509661338396,FALSE,all,2.2812289562289565,-0.020864706821455026,FALSE,all
liberal,Distinctiveness,Within-person,All modalities,43,2.336161616161616,-0.022189839165273395,FALSE,all,2.3368686868686868,-0.02137360210978312,FALSE,all
liberal,Distinctiveness,Within-person,All modalities,44,2.3917845117845116,-0.022718168669208505,FALSE,all,2.3925084175084175,-0.021882497398111322,FALSE,all
liberal,Distinctiveness,Within-person,All modalities,45,2.4474074074074075,-0.023246498173143615,FALSE,all,2.448148148148148,-0.022391392686439526,FALSE,all
liberal,Distinctiveness,Within-person,All modalities,46,2.503030303030303,-0.023774827677078725,FALSE,all,2.503787878787879,-0.02290028797476773,FALSE,all
liberal,Distinctiveness,Within-person,All modalities,47,2.558653198653199,-0.024303157181013835,FALSE,all,2.5594276094276096,-0.023409183263095823,FALSE,all
liberal,Distinctiveness,Within-person,All modalities,48,2.6142760942760943,-0.024831486684948834,FALSE,all,2.6150673400673403,-0.023918078551424027,FALSE,all
liberal,Distinctiveness,Within-person,All modalities,49,2.6698989898989898,-0.025359816188883944,FALSE,all,2.6707070707070706,-0.02442697383975223,FALSE,all
liberal,Distinctiveness,Within-person,All modalities,50,2.7255218855218857,-0.025888145692819053,FALSE,all,2.7263468013468013,-0.024935869128080324,FALSE,all
liberal,Distinctiveness,Within-person,All modalities,51,2.781144781144781,-0.026416475196754163,FALSE,all,2.781986531986532,-0.025444764416408527,FALSE,all
liberal,Distinctiveness,Within-person,All modalities,52,2.8367676767676766,-0.026944804700689162,FALSE,all,2.8376262626262627,-0.02595365970473673,FALSE,all
liberal,Distinctiveness,Within-person,All modalities,53,2.8923905723905725,-0.027473134204624272,FALSE,all,2.8932659932659934,-0.026462554993064935,FALSE,all
liberal,Distinctiveness,Within-person,All modalities,54,2.948013468013468,-0.028001463708559382,FALSE,all,2.948905723905724,-0.026971450281393028,FALSE,all
liberal,Distinctiveness,Within-person,All modalities,55,3.0036363636363634,-0.028529793212494492,FALSE,all,3.004545454545455,-0.027480345569721232,FALSE,all
liberal,Distinctiveness,Within-person,All modalities,56,3.0592592592592593,-0.02905812271642949,FALSE,all,3.060185185185185,-0.027989240858049436,FALSE,all
liberal,Distinctiveness,Within-person,All modalities,57,3.114882154882155,-0.0295864522203646,FALSE,all,3.115824915824916,-0.02849813614637753,FALSE,all
liberal,Distinctiveness,Within-person,All modalities,58,3.1705050505050503,-0.03011478172429971,FALSE,all,3.1714646464646465,-0.029007031434705732,FALSE,all
liberal,Distinctiveness,Within-person,All modalities,59,3.226127946127946,-0.03064311122823482,FALSE,all,3.2271043771043773,-0.029515926723033936,FALSE,all
liberal,Distinctiveness,Within-person,All modalities,60,3.2817508417508416,-0.03117144073216982,FALSE,all,3.282744107744108,-0.03002482201136214,FALSE,all
liberal,Distinctiveness,Within-person,All modalities,61,3.3373737373737375,-0.03169977023610493,FALSE,all,3.3383838383838387,-0.030533717299690233,FALSE,all
liberal,Distinctiveness,Within-person,All modalities,62,3.392996632996633,-0.03222809974004004,FALSE,all,3.394023569023569,-0.031042612588018437,FALSE,all
liberal,Distinctiveness,Within-person,All modalities,63,3.4486195286195285,-0.03275642924397515,FALSE,all,3.4496632996632997,-0.03155150787634664,FALSE,all
liberal,Distinctiveness,Within-person,All modalities,64,3.5042424242424244,-0.03328475874791015,FALSE,all,3.5053030303030304,-0.03206040316467473,FALSE,all
liberal,Distinctiveness,Within-person,All modalities,65,3.55986531986532,-0.03381308825184526,FALSE,all,3.560942760942761,-0.03256929845300294,FALSE,all
liberal,Distinctiveness,Within-person,All modalities,66,3.6154882154882153,-0.03434141775578037,FALSE,all,3.616582491582492,-0.03307819374133114,FALSE,all
liberal,Distinctiveness,Within-person,All modalities,67,3.671111111111111,-0.03486974725971548,FALSE,all,3.6722222222222225,-0.033587089029659345,FALSE,all
liberal,Distinctiveness,Within-person,All modalities,68,3.7267340067340067,-0.03539807676365048,FALSE,all,3.727861952861953,-0.03409598431798744,FALSE,all
liberal,Distinctiveness,Within-person,All modalities,69,3.782356902356902,-0.03592640626758559,FALSE,all,3.7835016835016835,-0.03460487960631564,FALSE,all
liberal,Distinctiveness,Within-person,All modalities,70,3.837979797979798,-0.0364547357715207,FALSE,all,3.839141414141414,-0.035113774894643845,FALSE,all
liberal,Distinctiveness,Within-person,All modalities,71,3.8936026936026935,-0.036983065275455806,FALSE,all,3.894781144781145,-0.03562267018297194,FALSE,all
liberal,Distinctiveness,Within-person,All modalities,72,3.9492255892255894,-0.037511394779390916,FALSE,all,3.9504208754208756,-0.03613156547130014,FALSE,all
liberal,Distinctiveness,Within-person,All modalities,73,4.004848484848485,-0.038039724283325915,FALSE,all,4.006060606060606,-0.036640460759628346,FALSE,all
liberal,Distinctiveness,Within-person,All modalities,74,4.06047138047138,-0.038568053787261025,FALSE,all,4.061700336700337,-0.03714935604795655,FALSE,all
liberal,Distinctiveness,Within-person,All modalities,75,4.116094276094276,-0.039096383291196135,FALSE,all,4.117340067340067,-0.03765825133628464,FALSE,all
liberal,Distinctiveness,Within-person,All modalities,76,4.171717171717171,-0.039624712795131245,FALSE,all,4.1729797979797985,-0.03816714662461285,FALSE,all
liberal,Distinctiveness,Within-person,All modalities,77,4.227340067340068,-0.040153042299066244,FALSE,all,4.228619528619529,-0.03867604191294105,FALSE,all
liberal,Distinctiveness,Within-person,All modalities,78,4.282962962962963,-0.040681371803001354,FALSE,all,4.284259259259259,-0.03918493720126914,FALSE,all
liberal,Distinctiveness,Within-person,All modalities,79,4.3385858585858585,-0.041209701306936464,FALSE,all,4.33989898989899,-0.03969383248959735,FALSE,all
liberal,Distinctiveness,Within-person,All modalities,80,4.394208754208754,-0.041738030810871574,FALSE,all,4.39553872053872,-0.04020272777792555,FALSE,all
liberal,Distinctiveness,Within-person,All modalities,81,4.4498316498316495,-0.04226636031480657,FALSE,all,4.451178451178452,-0.040711623066253755,FALSE,all
liberal,Distinctiveness,Within-person,All modalities,82,4.505454545454546,-0.04279468981874168,FALSE,all,4.506818181818182,-0.04122051835458185,FALSE,all
liberal,Distinctiveness,Within-person,All modalities,83,4.561077441077441,-0.04332301932267679,FALSE,all,4.562457912457913,-0.04172941364291005,FALSE,all
liberal,Distinctiveness,Within-person,All modalities,84,4.616700336700337,-0.0438513488266119,FALSE,all,4.618097643097643,-0.042238308931238255,FALSE,all
liberal,Distinctiveness,Within-person,All modalities,85,4.672323232323232,-0.0443796783305469,FALSE,all,4.6737373737373735,-0.04274720421956635,FALSE,all
liberal,Distinctiveness,Within-person,All modalities,86,4.727946127946128,-0.04490800783448201,FALSE,all,4.729377104377105,-0.04325609950789455,FALSE,all
liberal,Distinctiveness,Within-person,All modalities,87,4.783569023569023,-0.04543633733841712,FALSE,all,4.785016835016835,-0.043764994796222756,FALSE,all
liberal,Distinctiveness,Within-person,All modalities,88,4.8391919191919195,-0.04596466684235223,FALSE,all,4.840656565656566,-0.04427389008455096,FALSE,all
liberal,Distinctiveness,Within-person,All modalities,89,4.894814814814815,-0.04649299634628723,FALSE,all,4.896296296296296,-0.04478278537287905,FALSE,all
liberal,Distinctiveness,Within-person,All modalities,90,4.95043771043771,-0.04702132585022234,FALSE,all,4.9519360269360275,-0.045291680661207256,FALSE,all
liberal,Distinctiveness,Within-person,All modalities,91,5.006060606060606,-0.04754965535415745,FALSE,all,5.007575757575758,-0.04580057594953546,FALSE,all
liberal,Distinctiveness,Within-person,All modalities,92,5.061683501683501,-0.04807798485809256,FALSE,all,5.063215488215488,-0.04630947123786355,FALSE,all
liberal,Distinctiveness,Within-person,All modalities,93,5.117306397306398,-0.04860631436202767,FALSE,all,5.118855218855219,-0.04681836652619176,FALSE,all
liberal,Distinctiveness,Within-person,All modalities,94,5.172929292929293,-0.04913464386596267,FALSE,all,5.1744949494949495,-0.04732726181451996,FALSE,all
liberal,Distinctiveness,Within-person,All modalities,95,5.228552188552189,-0.04966297336989778,FALSE,all,5.230134680134681,-0.047836157102848165,FALSE,all
liberal,Distinctiveness,Within-person,All modalities,96,5.284175084175084,-0.05019130287383289,FALSE,all,5.285774410774411,-0.04834505239117626,FALSE,all
liberal,Distinctiveness,Within-person,All modalities,97,5.3397979797979795,-0.050719632377768,FALSE,all,5.341414141414141,-0.04885394767950446,FALSE,all
liberal,Distinctiveness,Within-person,All modalities,98,5.395420875420875,-0.051247961881703,FALSE,all,5.397053872053872,-0.049362842967832665,FALSE,all
liberal,Distinctiveness,Within-person,All modalities,99,5.451043771043771,-0.05177629138563811,FALSE,all,5.452693602693603,-0.04987173825616076,FALSE,all
liberal,Distinctiveness,Within-person,All modalities,100,5.506666666666667,-0.05230462088957322,FALSE,all,5.508333333333334,-0.05038063354448896,FALSE,all
liberal,Reliability,Within-person,Auditory,1,0,0,FALSE,all,0,0,FALSE,all
liberal,Reliability,Within-person,Auditory,2,0.055452833418935116,3.4878366713453346e-5,FALSE,all,0.05555555555555555,3.842021135191942e-5,FALSE,all
liberal,Reliability,Within-person,Auditory,3,0.11090566683787023,6.975673342723976e-5,FALSE,all,0.1111111111111111,7.684042270372782e-5,FALSE,all
liberal,Reliability,Within-person,Auditory,4,0.16635850025680535,1.0463510014091515e-4,FALSE,all,0.16666666666666666,1.1526063405564724e-4,FALSE,all
liberal,Reliability,Within-person,Auditory,5,0.22181133367574046,1.3951346685459054e-4,FALSE,all,0.2222222222222222,1.5368084540756666e-4,FALSE,all
liberal,Reliability,Within-person,Auditory,6,0.2772641670946756,1.743918335681549e-4,FALSE,all,0.2777777777777778,1.9210105675937506e-4,FALSE,all
liberal,Reliability,Within-person,Auditory,7,0.3327170005136107,2.092702002818303e-4,FALSE,all,0.3333333333333333,2.3052126811129448e-4,FALSE,all
liberal,Reliability,Within-person,Auditory,8,0.3881698339325458,2.441485669955057e-4,FALSE,all,0.38888888888888884,2.689414794632139e-4,FALSE,all
liberal,Reliability,Within-person,Auditory,9,0.4436226673514809,2.7902693370907006e-4,FALSE,all,0.4444444444444444,3.073616908150223e-4,FALSE,all
liberal,Reliability,Within-person,Auditory,10,0.49907550077041607,3.1390530042274545e-4,FALSE,all,0.5,3.457819021669417e-4,FALSE,all
liberal,Reliability,Within-person,Auditory,11,0.5545283341893512,3.4878366713653186e-4,FALSE,all,0.5555555555555556,3.842021135187501e-4,FALSE,all
liberal,Reliability,Within-person,Auditory,12,0.6099811676082862,3.8366203385020725e-4,FALSE,all,0.611111111111111,4.2262232487066953e-4,FALSE,all
liberal,Reliability,Within-person,Auditory,13,0.6654340010272214,4.185404005636606e-4,FALSE,all,0.6666666666666666,4.6104253622258895e-4,FALSE,all
liberal,Reliability,Within-person,Auditory,14,0.7208868344461565,4.53418767277447e-4,FALSE,all,0.7222222222222222,4.994627475743973e-4,FALSE,all
liberal,Reliability,Within-person,Auditory,15,0.7763396678650916,4.882971339911224e-4,FALSE,all,0.7777777777777777,5.378829589263168e-4,FALSE,all
liberal,Reliability,Within-person,Auditory,16,0.8317925012840267,5.231755007046868e-4,FALSE,all,0.8333333333333333,5.763031702782362e-4,FALSE,all
liberal,Reliability,Within-person,Auditory,17,0.8872453347029619,5.580538674183622e-4,FALSE,all,0.8888888888888888,6.147233816300446e-4,FALSE,all
liberal,Reliability,Within-person,Auditory,18,0.942698168121897,0.00059293223413203755,FALSE,all,0.9444444444444444,6.53143592981964e-4,FALSE,all
liberal,Reliability,Within-person,Auditory,19,0.9981510015408321,6.278106008456019e-4,FALSE,all,1,6.915638043338834e-4,FALSE,all
liberal,Reliability,Within-person,Auditory,20,1.0536038349597672,6.626889675592773e-4,FALSE,all,1.0555555555555556,7.299840156856918e-4,FALSE,all
liberal,Reliability,Within-person,Auditory,21,1.1090566683787024,6.975673342729527e-4,FALSE,all,1.1111111111111112,7.684042270376112e-4,FALSE,all
liberal,Reliability,Within-person,Auditory,22,1.1645095017976375,7.324457009867391e-4,FALSE,all,1.1666666666666665,8.068244383894196e-4,FALSE,all
liberal,Reliability,Within-person,Auditory,23,1.2199623352165725,7.673240677001925e-4,FALSE,all,1.222222222222222,8.452446497413391e-4,FALSE,all
liberal,Reliability,Within-person,Auditory,24,1.2754151686355077,8.022024344139789e-4,FALSE,all,1.2777777777777777,8.836648610932585e-4,FALSE,all
liberal,Reliability,Within-person,Auditory,25,1.3308680020544428,8.370808011276543e-4,FALSE,all,1.3333333333333333,9.220850724449559e-4,FALSE,all
liberal,Reliability,Within-person,Auditory,26,1.3863208354733778,8.719591678411076e-4,FALSE,all,1.3888888888888888,9.605052837968753e-4,FALSE,all
liberal,Reliability,Within-person,Auditory,27,1.441773668892313,9.06837534554894e-4,FALSE,all,1.4444444444444444,9.989254951487947e-4,FALSE,all
liberal,Reliability,Within-person,Auditory,28,1.497226502311248,9.417159012685694e-4,FALSE,all,1.5,0.001037345706500603,FALSE,all
liberal,Reliability,Within-person,Auditory,29,1.5526793357301831,9.765942679822448e-4,FALSE,all,1.5555555555555554,0.0010757659178525225,FALSE,all
liberal,Reliability,Within-person,Auditory,30,1.6081321691491184,0.0010114726346958092,FALSE,all,1.611111111111111,0.001114186129204442,FALSE,all
liberal,Reliability,Within-person,Auditory,31,1.6635850025680534,0.0010463510014094846,FALSE,all,1.6666666666666665,0.0011526063405562503,FALSE,all
liberal,Reliability,Within-person,Auditory,32,1.7190378359869887,0.001081229368123271,FALSE,all,1.722222222222222,0.0011910265519081698,FALSE,all
liberal,Reliability,Within-person,Auditory,33,1.7744906694059237,0.0011161077348367243,FALSE,all,1.7777777777777777,0.0012294467632599781,FALSE,all
liberal,Reliability,Within-person,Auditory,34,1.8299435028248587,0.0011509861015503997,FALSE,all,1.8333333333333333,0.0012678669746118976,FALSE,all
liberal,Reliability,Within-person,Auditory,35,1.885396336243794,0.0011858644682641861,FALSE,all,1.8888888888888888,0.001306287185963817,FALSE,all
liberal,Reliability,Within-person,Auditory,36,1.940849169662729,0.0012207428349776395,FALSE,all,1.9444444444444444,0.0013447073973156254,FALSE,all
liberal,Reliability,Within-person,Auditory,37,1.9963020030816643,0.0012556212016913149,FALSE,all,2,0.0013831276086675448,FALSE,all
liberal,Reliability,Within-person,Auditory,38,2.0517548365005993,0.0012904995684051013,FALSE,all,2.0555555555555554,0.0014215478200194642,FALSE,all
liberal,Reliability,Within-person,Auditory,39,2.1072076699195343,0.0013253779351186656,FALSE,all,2.111111111111111,0.0014599680313712726,FALSE,all
liberal,Reliability,Within-person,Auditory,40,2.1626605033384694,0.001360256301832341,FALSE,all,2.1666666666666665,0.001498388242723303,FALSE,all
liberal,Reliability,Within-person,Auditory,41,2.218113336757405,0.0013951346685460164,FALSE,all,2.2222222222222223,0.0015368084540751115,FALSE,all
liberal,Reliability,Within-person,Auditory,42,2.27356617017634,0.0014300130352595808,FALSE,all,2.2777777777777777,0.0015752286654269199,FALSE,all
liberal,Reliability,Within-person,Auditory,43,2.329019003595275,0.0014648914019732562,FALSE,all,2.333333333333333,0.0016136488767789503,FALSE,all
liberal,Reliability,Within-person,Auditory,44,2.38447183701421,0.0014997697686869316,FALSE,all,2.388888888888889,0.0016520690881307587,FALSE,all
liberal,Reliability,Within-person,Auditory,45,2.439924670433145,0.001534648135400496,FALSE,all,2.444444444444444,0.001690489299482567,FALSE,all
liberal,Reliability,Within-person,Auditory,46,2.49537750385208,0.0015695265021142824,FALSE,all,2.5,0.0017289095108345975,FALSE,all
liberal,Reliability,Within-person,Auditory,47,2.5508303372710155,0.0016044048688278467,FALSE,all,2.5555555555555554,0.001767329722186406,FALSE,all
liberal,Reliability,Within-person,Auditory,48,2.6062831706899505,0.0016392832355415221,FALSE,all,2.611111111111111,0.0018057499335382143,FALSE,all
liberal,Reliability,Within-person,Auditory,49,2.6617360041088856,0.0016741616022551975,FALSE,all,2.6666666666666665,0.0018441701448902448,FALSE,all
liberal,Reliability,Within-person,Auditory,50,2.7171888375278206,0.0017090399689687619,FALSE,all,2.722222222222222,0.0018825903562419422,FALSE,all
liberal,Reliability,Within-person,Auditory,51,2.7726416709467556,0.0017439183356825483,FALSE,all,2.7777777777777777,0.0019210105675937506,FALSE,all
liberal,Reliability,Within-person,Auditory,52,2.828094504365691,0.0017787967023961127,FALSE,all,2.833333333333333,0.001959430778945781,FALSE,all
liberal,Reliability,Within-person,Auditory,53,2.883547337784626,0.001813675069109677,FALSE,all,2.888888888888889,0.0019978509902975894,FALSE,all
liberal,Reliability,Within-person,Auditory,54,2.939000171203561,0.0018485534358234634,FALSE,all,2.944444444444444,0.002036271201649398,FALSE,all
liberal,Reliability,Within-person,Auditory,55,2.994453004622496,0.0018834318025370278,FALSE,all,3,0.002074691413001206,FALSE,all
liberal,Reliability,Within-person,Auditory,56,3.0499058380414312,0.0019183101692508142,FALSE,all,3.0555555555555554,0.0021131116243532366,FALSE,all
liberal,Reliability,Within-person,Auditory,57,3.1053586714603663,0.0019531885359643786,FALSE,all,3.1111111111111107,0.002151531835705045,FALSE,all
liberal,Reliability,Within-person,Auditory,58,3.1608115048793017,0.001988066902678054,FALSE,all,3.1666666666666665,0.0021899520470568534,FALSE,all
liberal,Reliability,Within-person,Auditory,59,3.2162643382982368,0.0020229452693917294,FALSE,all,3.222222222222222,0.002228372258408884,FALSE,all
liberal,Reliability,Within-person,Auditory,60,3.271717171717172,0.0020578236361052937,FALSE,all,3.2777777777777777,0.0022667924697606923,FALSE,all
liberal,Reliability,Within-person,Auditory,61,3.327170005136107,0.002092702002818969,FALSE,all,3.333333333333333,0.0023052126811125007,FALSE,all
liberal,Reliability,Within-person,Auditory,62,3.382622838555042,0.0021275803695326445,FALSE,all,3.388888888888889,0.002343632892464531,FALSE,all
liberal,Reliability,Within-person,Auditory,63,3.4380756719739773,0.00216245873624632,FALSE,all,3.444444444444444,0.0023820531038163395,FALSE,all
liberal,Reliability,Within-person,Auditory,64,3.4935285053929124,0.0021973371029599953,FALSE,all,3.5,0.002420473315168148,FALSE,all
liberal,Reliability,Within-person,Auditory,65,3.5489813388118474,0.0022322154696735597,FALSE,all,3.5555555555555554,0.0024588935265201783,FALSE,all
liberal,Reliability,Within-person,Auditory,66,3.6044341722307824,0.002267093836387235,FALSE,all,3.6111111111111107,0.0024973137378719867,FALSE,all
liberal,Reliability,Within-person,Auditory,67,3.6598870056497175,0.0023019722031009104,FALSE,all,3.6666666666666665,0.002535733949223795,FALSE,all
liberal,Reliability,Within-person,Auditory,68,3.715339839068653,0.002336850569814586,FALSE,all,3.722222222222222,0.0025741541605758256,FALSE,all
liberal,Reliability,Within-person,Auditory,69,3.770792672487588,0.0023717289365282612,FALSE,all,3.7777777777777777,0.002612574371927634,FALSE,all
liberal,Reliability,Within-person,Auditory,70,3.826245505906523,0.0024066073032419366,FALSE,all,3.833333333333333,0.0026509945832794424,FALSE,all
liberal,Reliability,Within-person,Auditory,71,3.881698339325458,0.002441485669955501,FALSE,all,3.888888888888889,0.002689414794631473,FALSE,all
liberal,Reliability,Within-person,Auditory,72,3.937151172744393,0.0024763640366691764,FALSE,all,3.944444444444444,0.002727835005983281,FALSE,all
liberal,Reliability,Within-person,Auditory,73,3.9926040061633286,0.0025112424033828518,FALSE,all,4,0.0027662552173350896,FALSE,all
liberal,Reliability,Within-person,Auditory,74,4.048056839582263,0.002546120770096416,FALSE,all,4.055555555555555,0.00280467542868712,FALSE,all
liberal,Reliability,Within-person,Auditory,75,4.103509673001199,0.0025809991368102025,FALSE,all,4.111111111111111,0.0028430956400388174,FALSE,all
liberal,Reliability,Within-person,Auditory,76,4.158962506420134,0.002615877503523767,FALSE,all,4.166666666666666,0.002881515851390626,FALSE,all
liberal,Reliability,Within-person,Auditory,77,4.214415339839069,0.0026507558702374423,FALSE,all,4.222222222222222,0.0029199360627426563,FALSE,all
liberal,Reliability,Within-person,Auditory,78,4.269868173258004,0.0026856342369511177,FALSE,all,4.277777777777778,0.0029583562740944647,FALSE,all
liberal,Reliability,Within-person,Auditory,79,4.325321006676939,0.002720512603664682,FALSE,all,4.333333333333333,0.002996776485446273,FALSE,all
liberal,Reliability,Within-person,Auditory,80,4.380773840095874,0.0027553909703784685,FALSE,all,4.388888888888888,0.0030351966967980815,FALSE,all
liberal,Reliability,Within-person,Auditory,81,4.43622667351481,0.002790269337092033,FALSE,all,4.444444444444445,0.003073616908150112,FALSE,all
liberal,Reliability,Within-person,Auditory,82,4.491679506933744,0.0028251477038057082,FALSE,all,4.5,0.0031120371195019203,FALSE,all
liberal,Reliability,Within-person,Auditory,83,4.54713234035268,0.0028600260705193836,FALSE,all,4.555555555555555,0.0031504573308537287,FALSE,all
liberal,Reliability,Within-person,Auditory,84,4.602585173771614,0.002894904437232948,FALSE,all,4.611111111111111,0.003188877542205759,FALSE,all
liberal,Reliability,Within-person,Auditory,85,4.65803800719055,0.0029297828039467344,FALSE,all,4.666666666666666,0.0032272977535575675,FALSE,all
liberal,Reliability,Within-person,Auditory,86,4.713490840609484,0.0029646611706602988,FALSE,all,4.722222222222222,0.003265717964909376,FALSE,all
liberal,Reliability,Within-person,Auditory,87,4.76894367402842,0.002999539537373974,FALSE,all,4.777777777777778,0.0033041381762614064,FALSE,all
liberal,Reliability,Within-person,Auditory,88,4.824396507447355,0.0030344179040876496,FALSE,all,4.833333333333333,0.0033425583876132148,FALSE,all
liberal,Reliability,Within-person,Auditory,89,4.87984934086629,0.003069296270801214,FALSE,all,4.888888888888888,0.003380978598965023,FALSE,all
liberal,Reliability,Within-person,Auditory,90,4.935302174285225,0.0031041746375148893,FALSE,all,4.944444444444444,0.0034193988103170536,FALSE,all
liberal,Reliability,Within-person,Auditory,91,4.99075500770416,0.0031390530042285647,FALSE,all,5,0.003457819021668862,FALSE,all
liberal,Reliability,Within-person,Auditory,92,5.0462078411230955,0.00317393137094224,FALSE,all,5.055555555555555,0.0034962392330206704,FALSE,all
liberal,Reliability,Within-person,Auditory,93,5.101660674542031,0.0032088097376559155,FALSE,all,5.111111111111111,0.003534659444372701,FALSE,all
liberal,Reliability,Within-person,Auditory,94,5.157113507960966,0.003243688104369591,FALSE,all,5.166666666666666,0.0035730796557245093,FALSE,all
liberal,Reliability,Within-person,Auditory,95,5.212566341379901,0.0032785664710831552,FALSE,all,5.222222222222222,0.0036114998670763176,FALSE,all
liberal,Reliability,Within-person,Auditory,96,5.268019174798836,0.0033134448377968306,FALSE,all,5.277777777777778,0.003649920078428348,FALSE,all
liberal,Reliability,Within-person,Auditory,97,5.323472008217771,0.003348323204510506,FALSE,all,5.333333333333333,0.0036883402897801565,FALSE,all
liberal,Reliability,Within-person,Auditory,98,5.378924841636707,0.0033832015712240704,FALSE,all,5.388888888888888,0.003726760501131965,FALSE,all
liberal,Reliability,Within-person,Auditory,99,5.434377675055641,0.003418079937937857,FALSE,all,5.444444444444444,0.0037651807124838843,FALSE,all
liberal,Reliability,Within-person,Auditory,100,5.489830508474577,0.003452958304651421,FALSE,all,5.5,0.0038036009238356927,FALSE,all
liberal,Reliability,Within-person,Motor,1,0,0,FALSE,all,0,0,FALSE,all
liberal,Reliability,Within-person,Motor,2,0.055839092681197945,-7.646079538620176e-4,FALSE,all,0.055821371610845286,-7.530870401621925e-4,FALSE,all
liberal,Reliability,Within-person,Motor,3,0.11167818536239589,-0.0015292159077241463,FALSE,all,0.11164274322169057,-0.001506174080324607,FALSE,all
liberal,Reliability,Within-person,Motor,4,0.16751727804359384,-0.002293823861586386,FALSE,all,0.16746411483253587,-0.0022592611204867996,FALSE,all
liberal,Reliability,Within-person,Motor,5,0.22335637072479178,-0.0030584318154484036,FALSE,all,0.22328548644338114,-0.003012348160648881,FALSE,all
liberal,Reliability,Within-person,Motor,6,0.2791954634059897,-0.0038230397693105322,FALSE,all,0.2791068580542264,-0.0037654352008112957,FALSE,all
liberal,Reliability,Within-person,Motor,7,0.3350345560871877,-0.00458764772317255,FALSE,all,0.33492822966507174,-0.004518522240973488,FALSE,all
liberal,Reliability,Within-person,Motor,8,0.3908736487683856,-0.005352255677034901,FALSE,all,0.390749601275917,-0.005271609281135681,FALSE,all
liberal,Reliability,Within-person,Motor,9,0.44671274144958356,-0.006116863630896918,FALSE,all,0.4465709728867623,-0.006024696321297984,FALSE,all
liberal,Reliability,Within-person,Motor,10,0.5025518341307815,-0.006881471584758936,FALSE,all,0.5023923444976076,-0.006777783361460177,FALSE,all
liberal,Reliability,Within-person,Motor,11,0.5583909268119794,-0.0076460795386212865,FALSE,all,0.5582137161084528,-0.007530870401622591,FALSE,all
liberal,Reliability,Within-person,Motor,12,0.6142300194931773,-0.008410687492483304,FALSE,all,0.6140350877192982,-0.008283957441784784,FALSE,all
liberal,Reliability,Within-person,Motor,13,0.6700691121743754,-0.009175295446345322,FALSE,all,0.6698564593301435,-0.009037044481946865,FALSE,all
liberal,Reliability,Within-person,Motor,14,0.7259082048555733,-0.009939903400207672,FALSE,all,0.7256778309409887,-0.00979013152210928,FALSE,all
liberal,Reliability,Within-person,Motor,15,0.7817472975367712,-0.010704511354069579,FALSE,all,0.781499202551834,-0.010543218562271361,FALSE,all
liberal,Reliability,Within-person,Motor,16,0.8375863902179692,-0.011469119307931708,FALSE,all,0.8373205741626792,-0.011296305602433665,FALSE,all
liberal,Reliability,Within-person,Motor,17,0.8934254828991671,-0.012233727261793947,FALSE,all,0.8931419457735246,-0.012049392642595969,FALSE,all
liberal,Reliability,Within-person,Motor,18,0.949264575580365,-0.012998335215655965,FALSE,all,0.9489633173843699,-0.012802479682758161,FALSE,all
liberal,Reliability,Within-person,Motor,19,1.005103668261563,-0.013762943169518094,FALSE,all,1.0047846889952152,-0.013555566722920465,FALSE,all
liberal,Reliability,Within-person,Motor,20,1.0609427609427609,-0.014527551123380111,FALSE,all,1.0606060606060603,-0.014308653763082768,FALSE,all
liberal,Reliability,Within-person,Motor,21,1.1167818536239589,-0.015292159077242351,FALSE,all,1.1164274322169057,-0.01506174080324485,FALSE,all
liberal,Reliability,Within-person,Motor,22,1.172620946305157,-0.01605676703110448,FALSE,all,1.172248803827751,-0.015814827843407264,FALSE,all
liberal,Reliability,Within-person,Motor,23,1.2284600389863547,-0.016821374984966497,FALSE,all,1.2280701754385963,-0.016567914883569346,FALSE,all
liberal,Reliability,Within-person,Motor,24,1.2842991316675527,-0.017585982938828848,FALSE,all,1.2838915470494416,-0.01732100192373165,FALSE,all
liberal,Reliability,Within-person,Motor,25,1.3401382243487507,-0.018350590892690866,FALSE,all,1.339712918660287,-0.018074088963893953,FALSE,all
liberal,Reliability,Within-person,Motor,26,1.3959773170299485,-0.019115198846552883,FALSE,all,1.395534290271132,-0.018827176004056145,FALSE,all
liberal,Reliability,Within-person,Motor,27,1.4518164097111466,-0.019879806800415234,FALSE,all,1.4513556618819774,-0.01958026304421845,FALSE,all
liberal,Reliability,Within-person,Motor,28,1.5076555023923446,-0.02064441475427725,FALSE,all,1.5071770334928227,-0.020333350084380752,FALSE,all
liberal,Reliability,Within-person,Motor,29,1.5634945950735424,-0.02140902270813927,FALSE,all,1.562998405103668,-0.021086437124542834,FALSE,all
liberal,Reliability,Within-person,Motor,30,1.6193336877547404,-0.022173630662001398,FALSE,all,1.6188197767145134,-0.021839524164705137,FALSE,all
liberal,Reliability,Within-person,Motor,31,1.6751727804359384,-0.022938238615863638,FALSE,all,1.6746411483253585,-0.02259261120486733,FALSE,all
liberal,Reliability,Within-person,Motor,32,1.7310118731171362,-0.023702846569725655,FALSE,all,1.7304625199362038,-0.02334569824502941,FALSE,all
liberal,Reliability,Within-person,Motor,33,1.7868509657983342,-0.024467454523587784,FALSE,all,1.7862838915470491,-0.024098785285191937,FALSE,all
liberal,Reliability,Within-person,Motor,34,1.8426900584795323,-0.025232062477450024,FALSE,all,1.8421052631578945,-0.02485187232535402,FALSE,all
liberal,Reliability,Within-person,Motor,35,1.89852915116073,-0.025996670431312152,FALSE,all,1.8979266347687398,-0.025604959365516433,FALSE,all
liberal,Reliability,Within-person,Motor,36,1.954368243841928,-0.02676127838517417,FALSE,all,1.953748006379585,-0.026358046405678515,FALSE,all
liberal,Reliability,Within-person,Motor,37,2.010207336523126,-0.02752588633903641,FALSE,all,2.0095693779904304,-0.027111133445840818,FALSE,all
liberal,Reliability,Within-person,Motor,38,2.066046429204324,-0.028290494292898538,FALSE,all,2.0653907496012756,-0.027864220486003122,FALSE,all
liberal,Reliability,Within-person,Motor,39,2.1218855218855217,-0.029055102246760556,FALSE,all,2.1212121212121207,-0.028617307526165314,FALSE,all
liberal,Reliability,Within-person,Motor,40,2.1777246145667197,-0.029819710200622795,FALSE,all,2.177033492822966,-0.029370394566327396,FALSE,all
liberal,Reliability,Within-person,Motor,41,2.2335637072479178,-0.030584318154484813,FALSE,all,2.2328548644338113,-0.03012348160648992,FALSE,all
liberal,Reliability,Within-person,Motor,42,2.2894027999291158,-0.03134892610834683,FALSE,all,2.288676236044657,-0.030876568646652003,FALSE,all
liberal,Reliability,Within-person,Motor,43,2.345241892610314,-0.03211353406220896,FALSE,all,2.344497607655502,-0.03162965568681442,FALSE,all
liberal,Reliability,Within-person,Motor,44,2.401080985291512,-0.0328781420160712,FALSE,all,2.400318979266347,-0.0323827427269765,FALSE,all
liberal,Reliability,Within-person,Motor,45,2.4569200779727094,-0.03364274996993322,FALSE,all,2.4561403508771926,-0.03313582976713869,FALSE,all
liberal,Reliability,Within-person,Motor,46,2.5127591706539074,-0.034407357923795345,FALSE,all,2.5119617224880377,-0.033888916807301106,FALSE,all
liberal,Reliability,Within-person,Motor,47,2.5685982633351054,-0.035171965877657585,FALSE,all,2.5677830940988833,-0.0346420038474633,FALSE,all
liberal,Reliability,Within-person,Motor,48,2.6244373560163035,-0.0359365738315196,FALSE,all,2.6236044657097284,-0.03539509088762538,FALSE,all
liberal,Reliability,Within-person,Motor,49,2.6802764486975015,-0.03670118178538173,FALSE,all,2.679425837320574,-0.036148177927787795,FALSE,all
liberal,Reliability,Within-person,Motor,50,2.7361155413786995,-0.03746578973924397,FALSE,all,2.735247208931419,-0.03690126496794999,FALSE,all
liberal,Reliability,Within-person,Motor,51,2.791954634059897,-0.0382303976931061,FALSE,all,2.791068580542264,-0.0376543520081124,FALSE,all
liberal,Reliability,Within-person,Motor,52,2.847793726741095,-0.03899500564696812,FALSE,all,2.8468899521531097,-0.03840743904827448,FALSE,all
liberal,Reliability,Within-person,Motor,53,2.903632819422293,-0.039759613600830135,FALSE,all,2.902711323763955,-0.039160526088436676,FALSE,all
liberal,Reliability,Within-person,Motor,54,2.959471912103491,-0.040524221554692486,FALSE,all,2.9585326953748003,-0.03991361312859909,FALSE,all
liberal,Reliability,Within-person,Motor,55,3.015311004784689,-0.0412888295085545,FALSE,all,3.0143540669856455,-0.04066670016876128,FALSE,all
liberal,Reliability,Within-person,Motor,56,3.071150097465887,-0.04205343746241652,FALSE,all,3.0701754385964906,-0.041419787208923586,FALSE,all
liberal,Reliability,Within-person,Motor,57,3.1269891901470848,-0.04281804541627887,FALSE,all,3.125996810207336,-0.04217287424908578,FALSE,all
liberal,Reliability,Within-person,Motor,58,3.182828282828283,-0.04358265337014089,FALSE,all,3.181818181818181,-0.04292596128924797,FALSE,all
liberal,Reliability,Within-person,Motor,59,3.238667375509481,-0.04434726132400291,FALSE,all,3.2376395534290268,-0.043679048329410386,FALSE,all
liberal,Reliability,Within-person,Motor,60,3.294506468190679,-0.04511186927786526,FALSE,all,3.293460925039872,-0.04443213536957247,FALSE,all
liberal,Reliability,Within-person,Motor,61,3.350345560871877,-0.045876477231727275,FALSE,all,3.349282296650717,-0.04518522240973466,FALSE,all
liberal,Reliability,Within-person,Motor,62,3.406184653553075,-0.046641085185589404,FALSE,all,3.4051036682615625,-0.045938309449896964,FALSE,all
liberal,Reliability,Within-person,Motor,63,3.4620237462342724,-0.04740569313945164,FALSE,all,3.4609250398724076,-0.046691396490059156,FALSE,all
liberal,Reliability,Within-person,Motor,64,3.5178628389154705,-0.04817030109331366,FALSE,all,3.516746411483253,-0.04744448353022157,FALSE,all
liberal,Reliability,Within-person,Motor,65,3.5737019315966685,-0.04893490904717579,FALSE,all,3.5725677830940983,-0.04819757057038365,FALSE,all
liberal,Reliability,Within-person,Motor,66,3.6295410242778665,-0.04969951700103781,FALSE,all,3.6283891547049434,-0.048950657610545845,FALSE,all
liberal,Reliability,Within-person,Motor,67,3.6853801169590645,-0.05046412495490005,FALSE,all,3.684210526315789,-0.04970374465070826,FALSE,all
liberal,Reliability,Within-person,Motor,68,3.741219209640262,-0.051228732908762065,FALSE,all,3.740031897926634,-0.05045683169087045,FALSE,all
liberal,Reliability,Within-person,Motor,69,3.79705830232146,-0.05199334086262408,FALSE,all,3.7958532695374796,-0.05120991873103253,FALSE,all
liberal,Reliability,Within-person,Motor,70,3.852897395002658,-0.05275794881648643,FALSE,all,3.8516746411483247,-0.05196300577119495,FALSE,all
liberal,Reliability,Within-person,Motor,71,3.908736487683856,-0.05352255677034845,FALSE,all,3.90749601275917,-0.05271609281135714,FALSE,all
liberal,Reliability,Within-person,Motor,72,3.964575580365054,-0.05428716472421047,FALSE,all,3.9633173843700154,-0.053469179851519555,FALSE,all
liberal,Reliability,Within-person,Motor,73,4.020414673046252,-0.05505177267807282,FALSE,all,4.019138755980861,-0.054222266891681636,FALSE,all
liberal,Reliability,Within-person,Motor,74,4.07625376572745,-0.05581638063193484,FALSE,all,4.074960127591706,-0.05497535393184383,FALSE,all
liberal,Reliability,Within-person,Motor,75,4.132092858408648,-0.056580988585796854,FALSE,all,4.130781499202551,-0.05572844097200613,FALSE,all
liberal,Reliability,Within-person,Motor,76,4.187931951089846,-0.05734559653965898,FALSE,all,4.186602870813396,-0.056481528012168436,FALSE,all
liberal,Reliability,Within-person,Motor,77,4.243771043771043,-0.05811020449352122,FALSE,all,4.242424242424241,-0.05723461505233052,FALSE,all
liberal,Reliability,Within-person,Motor,78,4.299610136452242,-0.05887481244738335,FALSE,all,4.298245614035087,-0.05798770209249293,FALSE,all
liberal,Reliability,Within-person,Motor,79,4.3554492291334395,-0.05963942040124537,FALSE,all,4.354066985645932,-0.058740789132655014,FALSE,all
liberal,Reliability,Within-person,Motor,80,4.411288321814638,-0.06040402835510761,FALSE,all,4.4098883572567775,-0.05949387617281754,FALSE,all
liberal,Reliability,Within-person,Motor,81,4.4671274144958355,-0.06116863630896974,FALSE,all,4.465709728867623,-0.06024696321297962,FALSE,all
liberal,Reliability,Within-person,Motor,82,4.522966507177034,-0.061933244262831755,FALSE,all,4.521531100478468,-0.06100005025314181,FALSE,all
liberal,Reliability,Within-person,Motor,83,4.5788055998582315,-0.062697852216694,FALSE,all,4.577352472089314,-0.06175313729330412,FALSE,all
liberal,Reliability,Within-person,Motor,84,4.634644692539429,-0.06346246017055612,FALSE,all,4.633173843700159,-0.06250622433346642,FALSE,all
liberal,Reliability,Within-person,Motor,85,4.690483785220628,-0.06422706812441814,FALSE,all,4.688995215311004,-0.0632593113736285,FALSE,all
liberal,Reliability,Within-person,Motor,86,4.746322877901825,-0.06499167607828016,FALSE,all,4.744816586921849,-0.06401239841379092,FALSE,all
liberal,Reliability,Within-person,Motor,87,4.802161970583024,-0.06575628403214251,FALSE,all,4.800637958532694,-0.064765485453953,FALSE,all
liberal,Reliability,Within-person,Motor,88,4.858001063264221,-0.06652089198600453,FALSE,all,4.85645933014354,-0.06551857249411552,FALSE,all
liberal,Reliability,Within-person,Motor,89,4.913840155945419,-0.06728549993986666,FALSE,all,4.912280701754385,-0.0662716595342776,FALSE,all
liberal,Reliability,Within-person,Motor,90,4.969679248626617,-0.0680501078937289,FALSE,all,4.96810207336523,-0.0670247465744398,FALSE,all
liberal,Reliability,Within-person,Motor,91,5.025518341307815,-0.06881471584759091,FALSE,all,5.0239234449760755,-0.0677778336146021,FALSE,all
liberal,Reliability,Within-person,Motor,92,5.081357433989013,-0.06957932380145304,FALSE,all,5.079744816586921,-0.0685309206547643,FALSE,all
liberal,Reliability,Within-person,Motor,93,5.137196526670211,-0.07034393175531517,FALSE,all,5.135566188197767,-0.06928400769492671,FALSE,all
liberal,Reliability,Within-person,Motor,94,5.193035619351409,-0.07110853970917719,FALSE,all,5.191387559808612,-0.0700370947350889,FALSE,all
liberal,Reliability,Within-person,Motor,95,5.248874712032607,-0.07187314766303932,FALSE,all,5.247208931419457,-0.07079018177525098,FALSE,all
liberal,Reliability,Within-person,Motor,96,5.3047138047138045,-0.07263775561690156,FALSE,all,5.303030303030302,-0.07154326881541329,FALSE,all
liberal,Reliability,Within-person,Motor,97,5.360552897395003,-0.07340236357076368,FALSE,all,5.358851674641148,-0.07229635585557559,FALSE,all
liberal,Reliability,Within-person,Motor,98,5.4163919900762005,-0.0741669715246257,FALSE,all,5.414673046251993,-0.07304944289573778,FALSE,all
liberal,Reliability,Within-person,Motor,99,5.472231082757399,-0.07493157947848772,FALSE,all,5.470494417862838,-0.07380252993590009,FALSE,all
liberal,Reliability,Within-person,Motor,100,5.528070175438597,-0.07569618743235007,FALSE,all,5.526315789473683,-0.07455561697606217,FALSE,all
liberal,Reliability,Within-person,Visual,1,0,0,FALSE,all,0,0,FALSE,all
liberal,Reliability,Within-person,Visual,2,0.0556078021595263,-8.317238031561036e-4,FALSE,all,0.05555555555555555,-8.146089751716046e-4,FALSE,all
liberal,Reliability,Within-person,Visual,3,0.1112156043190526,-0.0016634476063123182,FALSE,all,0.1111111111111111,-0.0016292179503433202,FALSE,all
liberal,Reliability,Within-person,Visual,4,0.1668234064785789,-0.002495171409468533,FALSE,all,0.16666666666666666,-0.0024438269255150358,FALSE,all
liberal,Reliability,Within-person,Visual,5,0.2224312086381052,-0.0033268952126246365,FALSE,all,0.2222222222222222,-0.0032584359006866404,FALSE,all
liberal,Reliability,Within-person,Visual,6,0.2780390107976315,-0.004158619015780851,FALSE,all,0.2777777777777778,-0.004073044875858356,FALSE,all
liberal,Reliability,Within-person,Visual,7,0.3336468129571578,-0.004990342818936955,FALSE,all,0.3333333333333333,-0.004887653851030183,FALSE,all
liberal,Reliability,Within-person,Visual,8,0.3892546151166841,-0.005822066622093058,FALSE,all,0.38888888888888884,-0.005702262826201676,FALSE,all
liberal,Reliability,Within-person,Visual,9,0.4448624172762104,-0.006653790425249273,FALSE,all,0.4444444444444444,-0.006516871801373503,FALSE,all
liberal,Reliability,Within-person,Visual,10,0.5004702194357367,-0.007485514228405377,FALSE,all,0.5,-0.007331480776545218,FALSE,all
liberal,Reliability,Within-person,Visual,11,0.556078021595263,-0.00831723803156148,FALSE,all,0.5555555555555556,-0.008146089751717045,FALSE,all
liberal,Reliability,Within-person,Visual,12,0.6116858237547893,-0.009148961834717695,FALSE,all,0.611111111111111,-0.008960698726888539,FALSE,all
liberal,Reliability,Within-person,Visual,13,0.6672936259143156,-0.009980685637873798,FALSE,all,0.6666666666666666,-0.009775307702060254,FALSE,all
liberal,Reliability,Within-person,Visual,14,0.722901428073842,-0.010812409441030013,FALSE,all,0.7222222222222222,-0.01058991667723208,FALSE,all
liberal,Reliability,Within-person,Visual,15,0.7785092302333682,-0.011644133244186117,FALSE,all,0.7777777777777777,-0.011404525652403574,FALSE,all
liberal,Reliability,Within-person,Visual,16,0.8341170323928945,-0.01247585704734222,FALSE,all,0.8333333333333333,-0.012219134627575401,FALSE,all
liberal,Reliability,Within-person,Visual,17,0.8897248345524208,-0.013307580850498435,FALSE,all,0.8888888888888888,-0.013033743602747117,FALSE,all
liberal,Reliability,Within-person,Visual,18,0.9453326367119471,-0.014139304653654539,FALSE,all,0.9444444444444444,-0.013848352577918721,FALSE,all
liberal,Reliability,Within-person,Visual,19,1.0009404388714733,-0.014971028456810642,FALSE,all,1,-0.014662961553090437,FALSE,all
liberal,Reliability,Within-person,Visual,20,1.0565482410309996,-0.015802752259966857,FALSE,all,1.0555555555555556,-0.015477570528262263,FALSE,all
liberal,Reliability,Within-person,Visual,21,1.112156043190526,-0.01663447606312296,FALSE,all,1.1111111111111112,-0.016292179503433757,FALSE,all
liberal,Reliability,Within-person,Visual,22,1.1677638453500523,-0.017466199866279286,FALSE,all,1.1666666666666665,-0.017106788478605472,FALSE,all
liberal,Reliability,Within-person,Visual,23,1.2233716475095786,-0.01829792366943539,FALSE,all,1.222222222222222,-0.0179213974537773,FALSE,all
liberal,Reliability,Within-person,Visual,24,1.278979449669105,-0.019129647472591493,FALSE,all,1.2777777777777777,-0.018736006428948793,FALSE,all
liberal,Reliability,Within-person,Visual,25,1.3345872518286312,-0.019961371275747708,FALSE,all,1.3333333333333333,-0.01955061540412062,FALSE,all
liberal,Reliability,Within-person,Visual,26,1.3901950539881576,-0.02079309507890381,FALSE,all,1.3888888888888888,-0.020365224379292335,FALSE,all
liberal,Reliability,Within-person,Visual,27,1.445802856147684,-0.021624818882059915,FALSE,all,1.4444444444444444,-0.02117983335446394,FALSE,all
liberal,Reliability,Within-person,Visual,28,1.50141065830721,-0.02245654268521613,FALSE,all,1.5,-0.021994442329635655,FALSE,all
liberal,Reliability,Within-person,Visual,29,1.5570184604667363,-0.023288266488372233,FALSE,all,1.5555555555555554,-0.02280905130480737,FALSE,all
liberal,Reliability,Within-person,Visual,30,1.6126262626262626,-0.024119990291528337,FALSE,all,1.611111111111111,-0.023623660279978975,FALSE,all
liberal,Reliability,Within-person,Visual,31,1.668234064785789,-0.02495171409468455,FALSE,all,1.6666666666666665,-0.02443826925515069,FALSE,all
liberal,Reliability,Within-person,Visual,32,1.7238418669453153,-0.025783437897840655,FALSE,all,1.722222222222222,-0.025252878230322517,FALSE,all
liberal,Reliability,Within-person,Visual,33,1.7794496691048416,-0.02661516170099687,FALSE,all,1.7777777777777777,-0.026067487205494233,FALSE,all
liberal,Reliability,Within-person,Visual,34,1.835057471264368,-0.027446885504152974,FALSE,all,1.8333333333333333,-0.026882096180665838,FALSE,all
liberal,Reliability,Within-person,Visual,35,1.8906652734238942,-0.028278609307309077,FALSE,all,1.8888888888888888,-0.027696705155837553,FALSE,all
liberal,Reliability,Within-person,Visual,36,1.9462730755834206,-0.029110333110465292,FALSE,all,1.9444444444444444,-0.02851131413100938,FALSE,all
liberal,Reliability,Within-person,Visual,37,2.0018808777429467,-0.029942056913621395,FALSE,all,2,-0.029325923106180873,FALSE,all
liberal,Reliability,Within-person,Visual,38,2.057488679902473,-0.0307737807167775,FALSE,all,2.0555555555555554,-0.03014053208135259,FALSE,all
liberal,Reliability,Within-person,Visual,39,2.1130964820619993,-0.031605504519933825,FALSE,all,2.111111111111111,-0.030955141056524416,FALSE,all
liberal,Reliability,Within-person,Visual,40,2.168704284221526,-0.03243722832308993,FALSE,all,2.1666666666666665,-0.03176975003169591,FALSE,all
liberal,Reliability,Within-person,Visual,41,2.224312086381052,-0.03326895212624614,FALSE,all,2.2222222222222223,-0.032584359006867736,FALSE,all
liberal,Reliability,Within-person,Visual,42,2.2799198885405785,-0.03410067592940225,FALSE,all,2.2777777777777777,-0.03339896798203945,FALSE,all
liberal,Reliability,Within-person,Visual,43,2.3355276907001046,-0.03493239973255835,FALSE,all,2.333333333333333,-0.034213576957211056,FALSE,all
liberal,Reliability,Within-person,Visual,44,2.3911354928596307,-0.035764123535714565,FALSE,all,2.388888888888889,-0.03502818593238277,FALSE,all
liberal,Reliability,Within-person,Visual,45,2.446743295019157,-0.03659584733887067,FALSE,all,2.444444444444444,-0.0358427949075546,FALSE,all
liberal,Reliability,Within-person,Visual,46,2.5023510971786833,-0.03742757114202677,FALSE,all,2.5,-0.03665740388272609,FALSE,all
liberal,Reliability,Within-person,Visual,47,2.55795889933821,-0.03825929494518299,FALSE,all,2.5555555555555554,-0.03747201285789781,FALSE,all
liberal,Reliability,Within-person,Visual,48,2.613566701497736,-0.03909101874833909,FALSE,all,2.611111111111111,-0.038286621833069634,FALSE,all
liberal,Reliability,Within-person,Visual,49,2.6691745036572625,-0.039922742551495305,FALSE,all,2.6666666666666665,-0.03910123080824113,FALSE,all
liberal,Reliability,Within-person,Visual,50,2.7247823058167886,-0.04075446635465141,FALSE,all,2.722222222222222,-0.039915839783412954,FALSE,all
liberal,Reliability,Within-person,Visual,51,2.780390107976315,-0.04158619015780751,FALSE,all,2.7777777777777777,-0.04073044875858467,FALSE,all
liberal,Reliability,Within-person,Visual,52,2.8359979101358412,-0.04241791396096373,FALSE,all,2.833333333333333,-0.041545057733756274,FALSE,all
liberal,Reliability,Within-person,Visual,53,2.891605712295368,-0.04324963776411983,FALSE,all,2.888888888888889,-0.04235966670892799,FALSE,all
liberal,Reliability,Within-person,Visual,54,2.947213514454894,-0.044081361567275934,FALSE,all,2.944444444444444,-0.043174275684099706,FALSE,all
liberal,Reliability,Within-person,Visual,55,3.00282131661442,-0.04491308537043215,FALSE,all,3,-0.04398888465927153,FALSE,all
liberal,Reliability,Within-person,Visual,56,3.0584291187739465,-0.04574480917358825,FALSE,all,3.0555555555555554,-0.044803493634443026,FALSE,all
liberal,Reliability,Within-person,Visual,57,3.1140369209334726,-0.046576532976744356,FALSE,all,3.1111111111111107,-0.04561810260961474,FALSE,all
liberal,Reliability,Within-person,Visual,58,3.169644723092999,-0.04740825677990057,FALSE,all,3.1666666666666665,-0.04643271158478646,FALSE,all
liberal,Reliability,Within-person,Visual,59,3.2252525252525253,-0.048239980583056674,FALSE,all,3.222222222222222,-0.04724732055995817,FALSE,all
liberal,Reliability,Within-person,Visual,60,3.280860327412052,-0.04907170438621289,FALSE,all,3.2777777777777777,-0.04806192953512989,FALSE,all
liberal,Reliability,Within-person,Visual,61,3.336468129571578,-0.04990342818936899,FALSE,all,3.333333333333333,-0.048876538510301604,FALSE,all
liberal,Reliability,Within-person,Visual,62,3.3920759317311044,-0.050735151992525096,FALSE,all,3.388888888888889,-0.04969114748547332,FALSE,all
liberal,Reliability,Within-person,Visual,63,3.4476837338906305,-0.05156687579568131,FALSE,all,3.444444444444444,-0.050505756460644924,FALSE,all
liberal,Reliability,Within-person,Visual,64,3.503291536050157,-0.052398599598837414,FALSE,all,3.5,-0.05132036543581664,FALSE,all
liberal,Reliability,Within-person,Visual,65,3.558899338209683,-0.05323032340199363,FALSE,all,3.5555555555555554,-0.052134974410988355,FALSE,all
liberal,Reliability,Within-person,Visual,66,3.6145071403692093,-0.05406204720514973,FALSE,all,3.6111111111111107,-0.05294958338616007,FALSE,all
liberal,Reliability,Within-person,Visual,67,3.670114942528736,-0.05489377100830595,FALSE,all,3.6666666666666665,-0.053764192361331675,FALSE,all
liberal,Reliability,Within-person,Visual,68,3.725722744688262,-0.05572549481146205,FALSE,all,3.722222222222222,-0.05457880133650339,FALSE,all
liberal,Reliability,Within-person,Visual,69,3.7813305468477885,-0.056557218614618265,FALSE,all,3.7777777777777777,-0.055393410311675106,FALSE,all
liberal,Reliability,Within-person,Visual,70,3.8369383490073146,-0.05738894241777437,FALSE,all,3.833333333333333,-0.05620801928684682,FALSE,all
liberal,Reliability,Within-person,Visual,71,3.892546151166841,-0.05822066622093047,FALSE,all,3.888888888888889,-0.05702262826201854,FALSE,all
liberal,Reliability,Within-person,Visual,72,3.948153953326367,-0.05905239002408669,FALSE,all,3.944444444444444,-0.05783723723719025,FALSE,all
liberal,Reliability,Within-person,Visual,73,4.003761755485893,-0.05988411382724279,FALSE,all,4,-0.05865184621236186,FALSE,all
liberal,Reliability,Within-person,Visual,74,4.05936955764542,-0.060715837630399005,FALSE,all,4.055555555555555,-0.05946645518753357,FALSE,all
liberal,Reliability,Within-person,Visual,75,4.114977359804946,-0.06154756143355511,FALSE,all,4.111111111111111,-0.06028106416270529,FALSE,all
liberal,Reliability,Within-person,Visual,76,4.170585161964472,-0.06237928523671121,FALSE,all,4.166666666666666,-0.061095673137877005,FALSE,all
liberal,Reliability,Within-person,Visual,77,4.226192964123999,-0.06321100903986743,FALSE,all,4.222222222222222,-0.06191028211304872,FALSE,all
liberal,Reliability,Within-person,Visual,78,4.281800766283525,-0.06404273284302353,FALSE,all,4.277777777777778,-0.06272489108822032,FALSE,all
liberal,Reliability,Within-person,Visual,79,4.337408568443052,-0.06487445664617975,FALSE,all,4.333333333333333,-0.06353950006339204,FALSE,all
liberal,Reliability,Within-person,Visual,80,4.393016370602577,-0.0657061804493359,FALSE,all,4.388888888888888,-0.06435410903856376,FALSE,all
liberal,Reliability,Within-person,Visual,81,4.448624172762104,-0.06653790425249212,FALSE,all,4.444444444444445,-0.06516871801373547,FALSE,all
liberal,Reliability,Within-person,Visual,82,4.50423197492163,-0.06736962805564822,FALSE,all,4.5,-0.06598332698890719,FALSE,all
liberal,Reliability,Within-person,Visual,83,4.559839777081157,-0.06820135185880444,FALSE,all,4.555555555555555,-0.06679793596407879,FALSE,all
liberal,Reliability,Within-person,Visual,84,4.615447579240683,-0.06903307566196054,FALSE,all,4.611111111111111,-0.06761254493925051,FALSE,all
liberal,Reliability,Within-person,Visual,85,4.671055381400209,-0.06986479946511664,FALSE,all,4.666666666666666,-0.06842715391442222,FALSE,all
liberal,Reliability,Within-person,Visual,86,4.726663183559736,-0.07069652326827286,FALSE,all,4.722222222222222,-0.06924176288959394,FALSE,all
liberal,Reliability,Within-person,Visual,87,4.782270985719261,-0.07152824707142896,FALSE,all,4.777777777777778,-0.07005637186476565,FALSE,all
liberal,Reliability,Within-person,Visual,88,4.837878787878788,-0.07235997087458518,FALSE,all,4.833333333333333,-0.07087098083993726,FALSE,all
liberal,Reliability,Within-person,Visual,89,4.893486590038314,-0.07319169467774128,FALSE,all,4.888888888888888,-0.07168558981510897,FALSE,all
liberal,Reliability,Within-person,Visual,90,4.949094392197841,-0.07402341848089738,FALSE,all,4.944444444444444,-0.07250019879028069,FALSE,all
liberal,Reliability,Within-person,Visual,91,5.004702194357367,-0.0748551422840536,FALSE,all,5,-0.0733148077654524,FALSE,all
liberal,Reliability,Within-person,Visual,92,5.060309996516893,-0.0756868660872097,FALSE,all,5.055555555555555,-0.07412941674062412,FALSE,all
liberal,Reliability,Within-person,Visual,93,5.11591779867642,-0.07651858989036592,FALSE,all,5.111111111111111,-0.07494402571579573,FALSE,all
liberal,Reliability,Within-person,Visual,94,5.171525600835946,-0.07735031369352202,FALSE,all,5.166666666666666,-0.07575863469096744,FALSE,all
liberal,Reliability,Within-person,Visual,95,5.227133402995472,-0.07818203749667824,FALSE,all,5.222222222222222,-0.07657324366613916,FALSE,all
liberal,Reliability,Within-person,Visual,96,5.2827412051549985,-0.07901376129983434,FALSE,all,5.277777777777778,-0.07738785264131087,FALSE,all
liberal,Reliability,Within-person,Visual,97,5.338349007314525,-0.07984548510299055,FALSE,all,5.333333333333333,-0.07820246161648259,FALSE,all
liberal,Reliability,Within-person,Visual,98,5.393956809474051,-0.08067720890614666,FALSE,all,5.388888888888888,-0.07901707059165419,FALSE,all
liberal,Reliability,Within-person,Visual,99,5.449564611633577,-0.08150893270930276,FALSE,all,5.444444444444444,-0.07983167956682591,FALSE,all
liberal,Reliability,Within-person,Visual,100,5.505172413793104,-0.08234065651245898,FALSE,all,5.5,-0.08064628854199762,FALSE,all
liberal,Confusability,Within-person,Auditory,1,0,0,FALSE,all,0,0,FALSE,all
liberal,Confusability,Within-person,Auditory,2,0.055452833418935116,-1.0391468443365914e-4,FALSE,all,0.05555555555555555,-9.988923127451921e-5,FALSE,all
liberal,Confusability,Within-person,Auditory,3,0.11090566683787023,-2.078293688674293e-4,FALSE,all,0.1111111111111111,-1.997784625489274e-4,FALSE,all
liberal,Confusability,Within-person,Auditory,4,0.16635850025680535,-3.1174405330108845e-4,FALSE,all,0.16666666666666666,-2.996676938233356e-4,FALSE,all
liberal,Confusability,Within-person,Auditory,5,0.22181133367574046,-4.156587377348586e-4,FALSE,all,0.2222222222222222,-3.9955692509774376e-4,FALSE,all
liberal,Confusability,Within-person,Auditory,6,0.2772641670946756,-5.195734221684623e-4,FALSE,all,0.2777777777777778,-4.99446156372263e-4,FALSE,all
liberal,Confusability,Within-person,Auditory,7,0.3327170005136107,-6.234881066021214e-4,FALSE,all,0.3333333333333333,-5.993353876466156e-4,FALSE,all
liberal,Confusability,Within-person,Auditory,8,0.3881698339325458,-7.274027910358916e-4,FALSE,all,0.38888888888888884,-6.992246189210238e-4,FALSE,all
liberal,Confusability,Within-person,Auditory,9,0.4436226673514809,-8.313174754695507e-4,FALSE,all,0.4444444444444444,-7.99113850195543e-4,FALSE,all
liberal,Confusability,Within-person,Auditory,10,0.49907550077041607,-9.352321599033209e-4,FALSE,all,0.5,-8.990030814699512e-4,FALSE,all
liberal,Confusability,Within-person,Auditory,11,0.5545283341893512,-0.0010391468443369245,FALSE,all,0.5555555555555556,-9.988923127443594e-4,FALSE,all
liberal,Confusability,Within-person,Auditory,12,0.6099811676082862,-0.0011430615287706947,FALSE,all,0.611111111111111,-0.0010987815440188231,FALSE,all
liberal,Confusability,Within-person,Auditory,13,0.6654340010272214,-0.0012469762132043538,FALSE,all,0.6666666666666666,-0.0011986707752932313,FALSE,all
liberal,Confusability,Within-person,Auditory,14,0.7208868344461565,-0.001350890897638124,FALSE,all,0.7222222222222222,-0.0012985600065676395,FALSE,all
liberal,Confusability,Within-person,Auditory,15,0.7763396678650916,-0.0014548055820717831,FALSE,all,0.7777777777777777,-0.0013984492378421587,FALSE,all
liberal,Confusability,Within-person,Auditory,16,0.8317925012840267,-0.0015587202665053868,FALSE,all,0.8333333333333333,-0.0014983384691165669,FALSE,all
liberal,Confusability,Within-person,Auditory,17,0.8872453347029619,-0.001662634950939157,FALSE,all,0.8888888888888888,-0.001598227700390975,FALSE,all
liberal,Confusability,Within-person,Auditory,18,0.942698168121897,-0.001766549635372816,FALSE,all,0.9444444444444444,-0.0016981169316653277,FALSE,all
liberal,Confusability,Within-person,Auditory,19,0.9981510015408321,-0.0018704643198065862,FALSE,all,1,-0.001798006162939847,FALSE,all
liberal,Confusability,Within-person,Auditory,20,1.0536038349597672,-0.0019743790042402454,FALSE,all,1.0555555555555556,-0.0018978953942142551,FALSE,all
liberal,Confusability,Within-person,Auditory,21,1.1090566683787024,-0.00207829368867396,FALSE,all,1.1111111111111112,-0.0019977846254886633,FALSE,all
liberal,Confusability,Within-person,Auditory,22,1.1645095017976375,-0.002182208373107619,FALSE,all,1.1666666666666665,-0.0020976738567631825,FALSE,all
liberal,Confusability,Within-person,Auditory,23,1.2199623352165725,-0.0022861230575413893,FALSE,all,1.222222222222222,-0.0021975630880375907,FALSE,all
liberal,Confusability,Within-person,Auditory,24,1.2754151686355077,-0.0023900377419750485,FALSE,all,1.2777777777777777,-0.0022974523193119434,FALSE,all
liberal,Confusability,Within-person,Auditory,25,1.3308680020544428,-0.0024939524264088186,FALSE,all,1.3333333333333333,-0.0023973415505864626,FALSE,all
liberal,Confusability,Within-person,Auditory,26,1.3863208354733778,-0.0025978671108424223,FALSE,all,1.3888888888888888,-0.0024972307818608708,FALSE,all
liberal,Confusability,Within-person,Auditory,27,1.441773668892313,-0.0027017817952760814,FALSE,all,1.4444444444444444,-0.002597120013135279,FALSE,all
liberal,Confusability,Within-person,Auditory,28,1.497226502311248,-0.0028056964797098516,FALSE,all,1.5,-0.002697009244409798,FALSE,all
liberal,Confusability,Within-person,Auditory,29,1.5526793357301831,-0.0029096111641435107,FALSE,all,1.5555555555555554,-0.002796898475684151,FALSE,all
liberal,Confusability,Within-person,Auditory,30,1.6081321691491184,-0.003013525848577281,FALSE,all,1.611111111111111,-0.002896787706958559,FALSE,all
liberal,Confusability,Within-person,Auditory,31,1.6635850025680534,-0.0031174405330108845,FALSE,all,1.6666666666666665,-0.0029966769382330782,FALSE,all
liberal,Confusability,Within-person,Auditory,32,1.7190378359869887,-0.0032213552174446547,FALSE,all,1.722222222222222,-0.0030965661695074864,FALSE,all
liberal,Confusability,Within-person,Auditory,33,1.7744906694059237,-0.003325269901878314,FALSE,all,1.7777777777777777,-0.0031964554007818946,FALSE,all
liberal,Confusability,Within-person,Auditory,34,1.8299435028248587,-0.003429184586312084,FALSE,all,1.8333333333333333,-0.003296344632056303,FALSE,all
liberal,Confusability,Within-person,Auditory,35,1.885396336243794,-0.003533099270745743,FALSE,all,1.8888888888888888,-0.0033962338633307665,FALSE,all
liberal,Confusability,Within-person,Auditory,36,1.940849169662729,-0.0036370139551794023,FALSE,all,1.9444444444444444,-0.0034961230946051747,FALSE,all
liberal,Confusability,Within-person,Auditory,37,1.9963020030816643,-0.003740928639613117,FALSE,all,2,-0.003596012325879583,FALSE,all
liberal,Confusability,Within-person,Auditory,38,2.0517548365005993,-0.003844843324046776,FALSE,all,2.0555555555555554,-0.003695901557154102,FALSE,all
liberal,Confusability,Within-person,Auditory,39,2.1072076699195343,-0.003948758008480546,FALSE,all,2.111111111111111,-0.0037957907884285103,FALSE,all
liberal,Confusability,Within-person,Auditory,40,2.1626605033384694,-0.004052672692914205,FALSE,all,2.1666666666666665,-0.003895680019702863,FALSE,all
liberal,Confusability,Within-person,Auditory,41,2.218113336757405,-0.0041565873773479756,FALSE,all,2.2222222222222223,-0.003995569250977382,FALSE,all
liberal,Confusability,Within-person,Auditory,42,2.27356617017634,-0.004260502061781579,FALSE,all,2.2777777777777777,-0.00409545848225179,FALSE,all
liberal,Confusability,Within-person,Auditory,43,2.329019003595275,-0.004364416746215349,FALSE,all,2.333333333333333,-0.0041953477135261985,FALSE,all
liberal,Confusability,Within-person,Auditory,44,2.38447183701421,-0.0044683314306490085,FALSE,all,2.388888888888889,-0.004295236944800718,FALSE,all
liberal,Confusability,Within-person,Auditory,45,2.439924670433145,-0.004572246115082779,FALSE,all,2.444444444444444,-0.004395126176075126,FALSE,all
liberal,Confusability,Within-person,Auditory,46,2.49537750385208,-0.004676160799516438,FALSE,all,2.5,-0.004495015407349479,FALSE,all
liberal,Confusability,Within-person,Auditory,47,2.5508303372710155,-0.0047800754839500414,FALSE,all,2.5555555555555554,-0.004594904638623887,FALSE,all
liberal,Confusability,Within-person,Auditory,48,2.6062831706899505,-0.004883990168383812,FALSE,all,2.611111111111111,-0.004694793869898406,FALSE,all
liberal,Confusability,Within-person,Auditory,49,2.6617360041088856,-0.004987904852817471,FALSE,all,2.6666666666666665,-0.004794683101172814,FALSE,all
liberal,Confusability,Within-person,Auditory,50,2.7171888375278206,-0.005091819537251241,FALSE,all,2.722222222222222,-0.004894572332447222,FALSE,all
liberal,Confusability,Within-person,Auditory,51,2.7726416709467556,-0.0051957342216849,FALSE,all,2.7777777777777777,-0.004994461563721686,FALSE,all
liberal,Confusability,Within-person,Auditory,52,2.828094504365691,-0.005299648906118615,FALSE,all,2.833333333333333,-0.005094350794996094,FALSE,all
liberal,Confusability,Within-person,Auditory,53,2.883547337784626,-0.005403563590552274,FALSE,all,2.888888888888889,-0.005194240026270502,FALSE,all
liberal,Confusability,Within-person,Auditory,54,2.939000171203561,-0.005507478274986044,FALSE,all,2.944444444444444,-0.005294129257545022,FALSE,all
liberal,Confusability,Within-person,Auditory,55,2.994453004622496,-0.005611392959419703,FALSE,all,3,-0.00539401848881943,FALSE,all
liberal,Confusability,Within-person,Auditory,56,3.0499058380414312,-0.005715307643853362,FALSE,all,3.0555555555555554,-0.005493907720093838,FALSE,all
liberal,Confusability,Within-person,Auditory,57,3.1053586714603663,-0.005819222328287077,FALSE,all,3.1111111111111107,-0.005593796951368302,FALSE,all
liberal,Confusability,Within-person,Auditory,58,3.1608115048793017,-0.005923137012720736,FALSE,all,3.1666666666666665,-0.00569368618264271,FALSE,all
liberal,Confusability,Within-person,Auditory,59,3.2162643382982368,-0.006027051697154506,FALSE,all,3.222222222222222,-0.005793575413917118,FALSE,all
liberal,Confusability,Within-person,Auditory,60,3.271717171717172,-0.006130966381588165,FALSE,all,3.2777777777777777,-0.005893464645191526,FALSE,all
liberal,Confusability,Within-person,Auditory,61,3.327170005136107,-0.006234881066021936,FALSE,all,3.333333333333333,-0.0059933538764660454,FALSE,all
liberal,Confusability,Within-person,Auditory,62,3.382622838555042,-0.006338795750455539,FALSE,all,3.388888888888889,-0.006093243107740454,FALSE,all
liberal,Confusability,Within-person,Auditory,63,3.4380756719739773,-0.006442710434889309,FALSE,all,3.444444444444444,-0.006193132339014806,FALSE,all
liberal,Confusability,Within-person,Auditory,64,3.4935285053929124,-0.0065466251193229685,FALSE,all,3.5,-0.0062930215702893255,FALSE,all
liberal,Confusability,Within-person,Auditory,65,3.5489813388118474,-0.006650539803756739,FALSE,all,3.5555555555555554,-0.006392910801563734,FALSE,all
liberal,Confusability,Within-person,Auditory,66,3.6044341722307824,-0.006754454488190398,FALSE,all,3.6111111111111107,-0.006492800032838142,FALSE,all
liberal,Confusability,Within-person,Auditory,67,3.6598870056497175,-0.0068583691726240015,FALSE,all,3.6666666666666665,-0.006592689264112661,FALSE,all
liberal,Confusability,Within-person,Auditory,68,3.715339839068653,-0.006962283857057772,FALSE,all,3.722222222222222,-0.006692578495387014,FALSE,all
liberal,Confusability,Within-person,Auditory,69,3.770792672487588,-0.007066198541491431,FALSE,all,3.7777777777777777,-0.006792467726661422,FALSE,all
liberal,Confusability,Within-person,Auditory,70,3.826245505906523,-0.007170113225925201,FALSE,all,3.833333333333333,-0.006892356957935941,FALSE,all
liberal,Confusability,Within-person,Auditory,71,3.881698339325458,-0.00727402791035886,FALSE,all,3.888888888888889,-0.006992246189210349,FALSE,all
liberal,Confusability,Within-person,Auditory,72,3.937151172744393,-0.00737794259479263,FALSE,all,3.944444444444444,-0.0070921354204847575,FALSE,all
liberal,Confusability,Within-person,Auditory,73,3.9926040061633286,-0.007481857279226234,FALSE,all,4,-0.007192024651759166,FALSE,all
liberal,Confusability,Within-person,Auditory,74,4.048056839582263,-0.007585771963660004,FALSE,all,4.055555555555555,-0.007291913883033629,FALSE,all
liberal,Confusability,Within-person,Auditory,75,4.103509673001199,-0.007689686648093663,FALSE,all,4.111111111111111,-0.007391803114308038,FALSE,all
liberal,Confusability,Within-person,Auditory,76,4.158962506420134,-0.007793601332527322,FALSE,all,4.166666666666666,-0.007491692345582446,FALSE,all
liberal,Confusability,Within-person,Auditory,77,4.214415339839069,-0.007897516016961093,FALSE,all,4.222222222222222,-0.007591581576856965,FALSE,all
liberal,Confusability,Within-person,Auditory,78,4.269868173258004,-0.008001430701394696,FALSE,all,4.277777777777778,-0.007691470808131373,FALSE,all
liberal,Confusability,Within-person,Auditory,79,4.325321006676939,-0.008105345385828466,FALSE,all,4.333333333333333,-0.007791360039405726,FALSE,all
liberal,Confusability,Within-person,Auditory,80,4.380773840095874,-0.008209260070262125,FALSE,all,4.388888888888888,-0.007891249270680245,FALSE,all
liberal,Confusability,Within-person,Auditory,81,4.43622667351481,-0.008313174754695896,FALSE,all,4.444444444444445,-0.007991138501954653,FALSE,all
liberal,Confusability,Within-person,Auditory,82,4.491679506933744,-0.008417089439129555,FALSE,all,4.5,-0.008091027733229061,FALSE,all
liberal,Confusability,Within-person,Auditory,83,4.54713234035268,-0.00852100412356327,FALSE,all,4.555555555555555,-0.00819091696450358,FALSE,all
liberal,Confusability,Within-person,Auditory,84,4.602585173771614,-0.008624918807996929,FALSE,all,4.611111111111111,-0.008290806195777989,FALSE,all
liberal,Confusability,Within-person,Auditory,85,4.65803800719055,-0.008728833492430699,FALSE,all,4.666666666666666,-0.008390695427052342,FALSE,all
liberal,Confusability,Within-person,Auditory,86,4.713490840609484,-0.008832748176864358,FALSE,all,4.722222222222222,-0.00849058465832675,FALSE,all
liberal,Confusability,Within-person,Auditory,87,4.76894367402842,-0.008936662861298017,FALSE,all,4.777777777777778,-0.008590473889601269,FALSE,all
liberal,Confusability,Within-person,Auditory,88,4.824396507447355,-0.009040577545731732,FALSE,all,4.833333333333333,-0.008690363120875677,FALSE,all
liberal,Confusability,Within-person,Auditory,89,4.87984934086629,-0.00914449223016539,FALSE,all,4.888888888888888,-0.008790252352150085,FALSE,all
liberal,Confusability,Within-person,Auditory,90,4.935302174285225,-0.009248406914599161,FALSE,all,4.944444444444444,-0.008890141583424549,FALSE,all
liberal,Confusability,Within-person,Auditory,91,4.99075500770416,-0.00935232159903282,FALSE,all,5,-0.008990030814698957,FALSE,all
liberal,Confusability,Within-person,Auditory,92,5.0462078411230955,-0.00945623628346659,FALSE,all,5.055555555555555,-0.009089920045973365,FALSE,all
liberal,Confusability,Within-person,Auditory,93,5.101660674542031,-0.009560150967900194,FALSE,all,5.111111111111111,-0.009189809277247885,FALSE,all
liberal,Confusability,Within-person,Auditory,94,5.157113507960966,-0.009664065652333964,FALSE,all,5.166666666666666,-0.009289698508522293,FALSE,all
liberal,Confusability,Within-person,Auditory,95,5.212566341379901,-0.009767980336767623,FALSE,all,5.222222222222222,-0.009389587739796701,FALSE,all
liberal,Confusability,Within-person,Auditory,96,5.268019174798836,-0.009871895021201282,FALSE,all,5.277777777777778,-0.009489476971071165,FALSE,all
liberal,Confusability,Within-person,Auditory,97,5.323472008217771,-0.009975809705635053,FALSE,all,5.333333333333333,-0.009589366202345573,FALSE,all
liberal,Confusability,Within-person,Auditory,98,5.378924841636707,-0.010079724390068656,FALSE,all,5.388888888888888,-0.009689255433619981,FALSE,all
liberal,Confusability,Within-person,Auditory,99,5.434377675055641,-0.010183639074502426,FALSE,all,5.444444444444444,-0.0097891446648945,FALSE,all
liberal,Confusability,Within-person,Auditory,100,5.489830508474577,-0.010287553758936085,FALSE,all,5.5,-0.009889033896168908,FALSE,all
liberal,Confusability,Within-person,Motor,1,0,0,FALSE,all,0,0,FALSE,all
liberal,Confusability,Within-person,Motor,2,0.055839092681197945,5.704096809309167e-4,FALSE,all,0.055821371610845286,5.367131157736349e-4,FALSE,all
liberal,Confusability,Within-person,Motor,3,0.11167818536239589,0.0011408193618619444,FALSE,all,0.11164274322169057,0.0010734262315473808,FALSE,all
liberal,Confusability,Within-person,Motor,4,0.16751727804359384,0.0017112290427928611,FALSE,all,0.16746411483253587,0.0016101393473210157,FALSE,all
liberal,Confusability,Within-person,Motor,5,0.22335637072479178,0.002281638723723889,FALSE,all,0.22328548644338114,0.0021468524630947616,FALSE,all
liberal,Confusability,Within-person,Motor,6,0.2791954634059897,0.0028520484046549166,FALSE,all,0.2791068580542264,0.0026835655788685076,FALSE,all
liberal,Confusability,Within-person,Motor,7,0.3350345560871877,0.0034224580855858333,FALSE,all,0.33492822966507174,0.0032202786946421424,FALSE,all
liberal,Confusability,Within-person,Motor,8,0.3908736487683856,0.003992867766516861,FALSE,all,0.390749601275917,0.0037569918104157773,FALSE,all
liberal,Confusability,Within-person,Motor,9,0.44671274144958356,0.004563277447447889,FALSE,all,0.4465709728867623,0.004293704926189523,FALSE,all
liberal,Confusability,Within-person,Motor,10,0.5025518341307815,0.0051336871283789165,FALSE,all,0.5023923444976076,0.004830418041963269,FALSE,all
liberal,Confusability,Within-person,Motor,11,0.5583909268119794,0.005704096809309833,FALSE,all,0.5582137161084528,0.005367131157736904,FALSE,all
liberal,Confusability,Within-person,Motor,12,0.6142300194931773,0.00627450649024075,FALSE,all,0.6140350877192982,0.00590384427351065,FALSE,all
liberal,Confusability,Within-person,Motor,13,0.6700691121743754,0.006844916171171889,FALSE,all,0.6698564593301435,0.006440557389284285,FALSE,all
liberal,Confusability,Within-person,Motor,14,0.7259082048555733,0.007415325852102805,FALSE,all,0.7256778309409887,0.006977270505058031,FALSE,all
liberal,Confusability,Within-person,Motor,15,0.7817472975367712,0.007985735533033722,FALSE,all,0.781499202551834,0.007513983620831777,FALSE,all
liberal,Confusability,Within-person,Motor,16,0.8375863902179692,0.00855614521396486,FALSE,all,0.8373205741626792,0.008050696736605412,FALSE,all
liberal,Confusability,Within-person,Motor,17,0.8934254828991671,0.009126554894895778,FALSE,all,0.8931419457735246,0.008587409852379047,FALSE,all
liberal,Confusability,Within-person,Motor,18,0.949264575580365,0.009696964575826694,FALSE,all,0.9489633173843699,0.009124122968152792,FALSE,all
liberal,Confusability,Within-person,Motor,19,1.005103668261563,0.010267374256757833,FALSE,all,1.0047846889952152,0.009660836083926427,FALSE,all
liberal,Confusability,Within-person,Motor,20,1.0609427609427609,0.01083778393768875,FALSE,all,1.0606060606060603,0.010197549199700173,FALSE,all
liberal,Confusability,Within-person,Motor,21,1.1167818536239589,0.011408193618619777,FALSE,all,1.1164274322169057,0.010734262315473808,FALSE,all
liberal,Confusability,Within-person,Motor,22,1.172620946305157,0.011978603299550805,FALSE,all,1.172248803827751,0.011270975431247554,FALSE,all
liberal,Confusability,Within-person,Motor,23,1.2284600389863547,0.012549012980481722,FALSE,all,1.2280701754385963,0.0118076885470213,FALSE,all
liberal,Confusability,Within-person,Motor,24,1.2842991316675527,0.01311942266141275,FALSE,all,1.2838915470494416,0.012344401662795046,FALSE,all
liberal,Confusability,Within-person,Motor,25,1.3401382243487507,0.013689832342343666,FALSE,all,1.339712918660287,0.01288111477856868,FALSE,all
liberal,Confusability,Within-person,Motor,26,1.3959773170299485,0.014260242023274694,FALSE,all,1.395534290271132,0.013417827894342316,FALSE,all
liberal,Confusability,Within-person,Motor,27,1.4518164097111466,0.014830651704205722,FALSE,all,1.4513556618819774,0.01395454101011595,FALSE,all
liberal,Confusability,Within-person,Motor,28,1.5076555023923446,0.015401061385136638,FALSE,all,1.5071770334928227,0.014491254125889697,FALSE,all
liberal,Confusability,Within-person,Motor,29,1.5634945950735424,0.015971471066067666,FALSE,all,1.562998405103668,0.015027967241663331,FALSE,all
liberal,Confusability,Within-person,Motor,30,1.6193336877547404,0.016541880746998805,FALSE,all,1.6188197767145134,0.015564680357437077,FALSE,all
liberal,Confusability,Within-person,Motor,31,1.6751727804359384,0.01711229042792961,FALSE,all,1.6746411483253585,0.016101393473210934,FALSE,all
liberal,Confusability,Within-person,Motor,32,1.7310118731171362,0.01768270010886064,FALSE,all,1.7304625199362038,0.01663810658898457,FALSE,all
liberal,Confusability,Within-person,Motor,33,1.7868509657983342,0.018253109789791666,FALSE,all,1.7862838915470491,0.017174819704758315,FALSE,all
liberal,Confusability,Within-person,Motor,34,1.8426900584795323,0.018823519470722583,FALSE,all,1.8421052631578945,0.01771153282053195,FALSE,all
liberal,Confusability,Within-person,Motor,35,1.89852915116073,0.01939392915165361,FALSE,all,1.8979266347687398,0.018248245936305696,FALSE,all
liberal,Confusability,Within-person,Motor,36,1.954368243841928,0.019964338832584638,FALSE,all,1.953748006379585,0.01878495905207922,FALSE,all
liberal,Confusability,Within-person,Motor,37,2.010207336523126,0.020534748513515666,FALSE,all,2.0095693779904304,0.019321672167852966,FALSE,all
liberal,Confusability,Within-person,Motor,38,2.066046429204324,0.021105158194446583,FALSE,all,2.0653907496012756,0.0198583852836266,FALSE,all
liberal,Confusability,Within-person,Motor,39,2.1218855218855217,0.02167556787537761,FALSE,all,2.1212121212121207,0.020395098399400458,FALSE,all
liberal,Confusability,Within-person,Motor,40,2.1777246145667197,0.022245977556308638,FALSE,all,2.177033492822966,0.020931811515174092,FALSE,all
liberal,Confusability,Within-person,Motor,41,2.2335637072479178,0.022816387237239444,FALSE,all,2.2328548644338113,0.02146852463094784,FALSE,all
liberal,Confusability,Within-person,Motor,42,2.2894027999291158,0.023386796918170583,FALSE,all,2.288676236044657,0.022005237746721473,FALSE,all
liberal,Confusability,Within-person,Motor,43,2.345241892610314,0.02395720659910161,FALSE,all,2.344497607655502,0.02254195086249522,FALSE,all
liberal,Confusability,Within-person,Motor,44,2.401080985291512,0.024527616280032416,FALSE,all,2.400318979266347,0.023078663978268854,FALSE,all
liberal,Confusability,Within-person,Motor,45,2.4569200779727094,0.025098025960963555,FALSE,all,2.4561403508771926,0.02361537709404249,FALSE,all
liberal,Confusability,Within-person,Motor,46,2.5127591706539074,0.025668435641894582,FALSE,all,2.5119617224880377,0.024152090209816124,FALSE,all
liberal,Confusability,Within-person,Motor,47,2.5685982633351054,0.0262388453228255,FALSE,all,2.5677830940988833,0.02468880332558987,FALSE,all
liberal,Confusability,Within-person,Motor,48,2.6244373560163035,0.026809255003756527,FALSE,all,2.6236044657097284,0.025225516441363616,FALSE,all
liberal,Confusability,Within-person,Motor,49,2.6802764486975015,0.027379664684687444,FALSE,all,2.679425837320574,0.02576222955713736,FALSE,all
liberal,Confusability,Within-person,Motor,50,2.7361155413786995,0.027950074365618582,FALSE,all,2.735247208931419,0.026298942672910997,FALSE,all
liberal,Confusability,Within-person,Motor,51,2.791954634059897,0.0285204840465495,FALSE,all,2.791068580542264,0.026835655788684742,FALSE,all
liberal,Confusability,Within-person,Motor,52,2.847793726741095,0.029090893727480416,FALSE,all,2.8468899521531097,0.02737236890445849,FALSE,all
liberal,Confusability,Within-person,Motor,53,2.903632819422293,0.029661303408411555,FALSE,all,2.902711323763955,0.027909082020232123,FALSE,all
liberal,Confusability,Within-person,Motor,54,2.959471912103491,0.03023171308934236,FALSE,all,2.9585326953748003,0.02844579513600587,FALSE,all
liberal,Confusability,Within-person,Motor,55,3.015311004784689,0.030802122770273388,FALSE,all,3.0143540669856455,0.028982508251779393,FALSE,all
liberal,Confusability,Within-person,Motor,56,3.071150097465887,0.03137253245120453,FALSE,all,3.0701754385964906,0.02951922136755325,FALSE,all
liberal,Confusability,Within-person,Motor,57,3.1269891901470848,0.03194294213213544,FALSE,all,3.125996810207336,0.030055934483326885,FALSE,all
liberal,Confusability,Within-person,Motor,58,3.182828282828283,0.03251335181306636,FALSE,all,3.181818181818181,0.03059264759910063,FALSE,all
liberal,Confusability,Within-person,Motor,59,3.238667375509481,0.0330837614939975,FALSE,all,3.2376395534290268,0.031129360714874266,FALSE,all
liberal,Confusability,Within-person,Motor,60,3.294506468190679,0.033654171174928416,FALSE,all,3.293460925039872,0.03166607383064801,FALSE,all
liberal,Confusability,Within-person,Motor,61,3.350345560871877,0.03422458085585933,FALSE,all,3.349282296650717,0.032202786946421647,FALSE,all
liberal,Confusability,Within-person,Motor,62,3.406184653553075,0.03479499053679036,FALSE,all,3.4051036682615625,0.03273950006219539,FALSE,all
liberal,Confusability,Within-person,Motor,63,3.4620237462342724,0.03536540021772139,FALSE,all,3.4609250398724076,0.03327621317796903,FALSE,all
liberal,Confusability,Within-person,Motor,64,3.5178628389154705,0.035935809898652304,FALSE,all,3.516746411483253,0.03381292629374277,FALSE,all
liberal,Confusability,Within-person,Motor,65,3.5737019315966685,0.03650621957958333,FALSE,all,3.5725677830940983,0.03434963940951641,FALSE,all
liberal,Confusability,Within-person,Motor,66,3.6295410242778665,0.03707662926051436,FALSE,all,3.6283891547049434,0.034886352525290154,FALSE,all
liberal,Confusability,Within-person,Motor,67,3.6853801169590645,0.03764703894144539,FALSE,all,3.684210526315789,0.03542306564106379,FALSE,all
liberal,Confusability,Within-person,Motor,68,3.741219209640262,0.038217448622376304,FALSE,all,3.740031897926634,0.035959778756837535,FALSE,all
liberal,Confusability,Within-person,Motor,69,3.79705830232146,0.03878785830330733,FALSE,all,3.7958532695374796,0.03649649187261117,FALSE,all
liberal,Confusability,Within-person,Motor,70,3.852897395002658,0.03935826798423825,FALSE,all,3.8516746411483247,0.037033204988384916,FALSE,all
liberal,Confusability,Within-person,Motor,71,3.908736487683856,0.039928677665169277,FALSE,all,3.90749601275917,0.03756991810415855,FALSE,all
liberal,Confusability,Within-person,Motor,72,3.964575580365054,0.040499087346100304,FALSE,all,3.9633173843700154,0.038106631219932297,FALSE,all
liberal,Confusability,Within-person,Motor,73,4.020414673046252,0.04106949702703122,FALSE,all,4.019138755980861,0.038643344335706153,FALSE,all
liberal,Confusability,Within-person,Motor,74,4.07625376572745,0.04163990670796225,FALSE,all,4.074960127591706,0.03918005745147968,FALSE,all
liberal,Confusability,Within-person,Motor,75,4.132092858408648,0.042210316388893276,FALSE,all,4.130781499202551,0.03971677056725342,FALSE,all
liberal,Confusability,Within-person,Motor,76,4.187931951089846,0.04278072606982419,FALSE,all,4.186602870813396,0.04025348368302706,FALSE,all
liberal,Confusability,Within-person,Motor,77,4.243771043771043,0.04335113575075533,FALSE,all,4.242424242424241,0.040790196798800804,FALSE,all
liberal,Confusability,Within-person,Motor,78,4.299610136452242,0.04392154543168614,FALSE,all,4.298245614035087,0.04132690991457444,FALSE,all
liberal,Confusability,Within-person,Motor,79,4.3554492291334395,0.044491955112617276,FALSE,all,4.354066985645932,0.041863623030348185,FALSE,all
liberal,Confusability,Within-person,Motor,80,4.411288321814638,0.045062364793548304,FALSE,all,4.4098883572567775,0.04240033614612182,FALSE,all
liberal,Confusability,Within-person,Motor,81,4.4671274144958355,0.04563277447447911,FALSE,all,4.465709728867623,0.04293704926189568,FALSE,all
liberal,Confusability,Within-person,Motor,82,4.522966507177034,0.04620318415541025,FALSE,all,4.521531100478468,0.04347376237766931,FALSE,all
liberal,Confusability,Within-person,Motor,83,4.5788055998582315,0.046773593836341165,FALSE,all,4.577352472089314,0.044010475493442947,FALSE,all
liberal,Confusability,Within-person,Motor,84,4.634644692539429,0.04734400351727208,FALSE,all,4.633173843700159,0.04454718860921658,FALSE,all
liberal,Confusability,Within-person,Motor,85,4.690483785220628,0.04791441319820322,FALSE,all,4.688995215311004,0.04508390172499033,FALSE,all
liberal,Confusability,Within-person,Motor,86,4.746322877901825,0.04848482287913414,FALSE,all,4.744816586921849,0.04562061484076396,FALSE,all
liberal,Confusability,Within-person,Motor,87,4.802161970583024,0.049055232560065165,FALSE,all,4.800637958532694,0.04615732795653771,FALSE,all
liberal,Confusability,Within-person,Motor,88,4.858001063264221,0.04962564224099619,FALSE,all,4.85645933014354,0.04669404107231134,FALSE,all
liberal,Confusability,Within-person,Motor,89,4.913840155945419,0.05019605192192711,FALSE,all,4.912280701754385,0.0472307541880852,FALSE,all
liberal,Confusability,Within-person,Motor,90,4.969679248626617,0.05076646160285814,FALSE,all,4.96810207336523,0.047767467303858835,FALSE,all
liberal,Confusability,Within-person,Motor,91,5.025518341307815,0.051336871283789054,FALSE,all,5.0239234449760755,0.04830418041963258,FALSE,all
liberal,Confusability,Within-person,Motor,92,5.081357433989013,0.05190728096472008,FALSE,all,5.079744816586921,0.048840893535406216,FALSE,all
liberal,Confusability,Within-person,Motor,93,5.137196526670211,0.05247769064565111,FALSE,all,5.135566188197767,0.04937760665117985,FALSE,all
liberal,Confusability,Within-person,Motor,94,5.193035619351409,0.053048100326582026,FALSE,all,5.191387559808612,0.049914319766953597,FALSE,all
liberal,Confusability,Within-person,Motor,95,5.248874712032607,0.053618510007513054,FALSE,all,5.247208931419457,0.05045103288272723,FALSE,all
liberal,Confusability,Within-person,Motor,96,5.3047138047138045,0.05418891968844408,FALSE,all,5.303030303030302,0.05098774599850098,FALSE,all
liberal,Confusability,Within-person,Motor,97,5.360552897395003,0.05475932936937511,FALSE,all,5.358851674641148,0.05152445911427461,FALSE,all
liberal,Confusability,Within-person,Motor,98,5.4163919900762005,0.055329739050306026,FALSE,all,5.414673046251993,0.05206117223004847,FALSE,all
liberal,Confusability,Within-person,Motor,99,5.472231082757399,0.05590014873123694,FALSE,all,5.470494417862838,0.052597885345822104,FALSE,all
liberal,Confusability,Within-person,Motor,100,5.528070175438597,0.05647055841216808,FALSE,all,5.526315789473683,0.05313459846159585,FALSE,all
liberal,Confusability,Within-person,Visual,1,0,0,FALSE,all,0,0,FALSE,all
liberal,Confusability,Within-person,Visual,2,0.0556078021595263,-4.2101071547860636e-4,FALSE,all,0.05555555555555555,-3.963780745755707e-4,FALSE,all
liberal,Confusability,Within-person,Visual,3,0.1112156043190526,-8.420214309572127e-4,FALSE,all,0.1111111111111111,-7.927561491511692e-4,FALSE,all
liberal,Confusability,Within-person,Visual,4,0.1668234064785789,-0.001263032146435833,FALSE,all,0.16666666666666666,-0.0011891342237267677,FALSE,all
liberal,Confusability,Within-person,Visual,5,0.2224312086381052,-0.0016840428619144254,FALSE,all,0.2222222222222222,-0.0015855122983023523,FALSE,all
liberal,Confusability,Within-person,Visual,6,0.2780390107976315,-0.0021050535773930457,FALSE,all,0.2777777777777778,-0.001981890372877923,FALSE,all
liberal,Confusability,Within-person,Visual,7,0.3336468129571578,-0.002526064292871666,FALSE,all,0.3333333333333333,-0.0023782684474535215,FALSE,all
liberal,Confusability,Within-person,Visual,8,0.3892546151166841,-0.0029470750083502584,FALSE,all,0.38888888888888884,-0.002774646522029106,FALSE,all
liberal,Confusability,Within-person,Visual,9,0.4448624172762104,-0.0033680857238288647,FALSE,all,0.4444444444444444,-0.0031710245966047046,FALSE,all
liberal,Confusability,Within-person,Visual,10,0.5004702194357367,-0.003789096439307471,FALSE,all,0.5,-0.003567402671180289,FALSE,all
liberal,Confusability,Within-person,Visual,11,0.556078021595263,-0.004210107154786091,FALSE,all,0.5555555555555556,-0.003963780745755874,FALSE,all
liberal,Confusability,Within-person,Visual,12,0.6116858237547893,-0.004631117870264698,FALSE,all,0.611111111111111,-0.004360158820331458,FALSE,all
liberal,Confusability,Within-person,Visual,13,0.6672936259143156,-0.005052128585743304,FALSE,all,0.6666666666666666,-0.004756536894907057,FALSE,all
liberal,Confusability,Within-person,Visual,14,0.722901428073842,-0.00547313930122191,FALSE,all,0.7222222222222222,-0.0051529149694826415,FALSE,all
liberal,Confusability,Within-person,Visual,15,0.7785092302333682,-0.005894150016700531,FALSE,all,0.7777777777777777,-0.00554929304405824,FALSE,all
liberal,Confusability,Within-person,Visual,16,0.8341170323928945,-0.006315160732179137,FALSE,all,0.8333333333333333,-0.005945671118633811,FALSE,all
liberal,Confusability,Within-person,Visual,17,0.8897248345524208,-0.006736171447657743,FALSE,all,0.8888888888888888,-0.006342049193209409,FALSE,all
liberal,Confusability,Within-person,Visual,18,0.9453326367119471,-0.007157182163136364,FALSE,all,0.9444444444444444,-0.006738427267784994,FALSE,all
liberal,Confusability,Within-person,Visual,19,1.0009404388714733,-0.007578192878614956,FALSE,all,1,-0.007134805342360578,FALSE,all
liberal,Confusability,Within-person,Visual,20,1.0565482410309996,-0.007999203594093576,FALSE,all,1.0555555555555556,-0.007531183416936177,FALSE,all
liberal,Confusability,Within-person,Visual,21,1.112156043190526,-0.008420214309572197,FALSE,all,1.1111111111111112,-0.007927561491511761,FALSE,all
liberal,Confusability,Within-person,Visual,22,1.1677638453500523,-0.008841225025050789,FALSE,all,1.1666666666666665,-0.008323939566087346,FALSE,all
liberal,Confusability,Within-person,Visual,23,1.2233716475095786,-0.00926223574052941,FALSE,all,1.222222222222222,-0.00872031764066293,FALSE,all
liberal,Confusability,Within-person,Visual,24,1.278979449669105,-0.009683246456008002,FALSE,all,1.2777777777777777,-0.00911669571523853,FALSE,all
liberal,Confusability,Within-person,Visual,25,1.3345872518286312,-0.010104257171486622,FALSE,all,1.3333333333333333,-0.0095130737898141,FALSE,all
liberal,Confusability,Within-person,Visual,26,1.3901950539881576,-0.010525267886965242,FALSE,all,1.3888888888888888,-0.009909451864389698,FALSE,all
liberal,Confusability,Within-person,Visual,27,1.445802856147684,-0.010946278602443835,FALSE,all,1.4444444444444444,-0.010305829938965283,FALSE,all
liberal,Confusability,Within-person,Visual,28,1.50141065830721,-0.011367289317922441,FALSE,all,1.5,-0.010702208013540881,FALSE,all
liberal,Confusability,Within-person,Visual,29,1.5570184604667363,-0.011788300033401061,FALSE,all,1.5555555555555554,-0.011098586088116466,FALSE,all
liberal,Confusability,Within-person,Visual,30,1.6126262626262626,-0.012209310748879668,FALSE,all,1.611111111111111,-0.01149496416269205,FALSE,all
liberal,Confusability,Within-person,Visual,31,1.668234064785789,-0.012630321464358274,FALSE,all,1.6666666666666665,-0.011891342237267635,FALSE,all
liberal,Confusability,Within-person,Visual,32,1.7238418669453153,-0.013051332179836894,FALSE,all,1.722222222222222,-0.012287720311843234,FALSE,all
liberal,Confusability,Within-person,Visual,33,1.7794496691048416,-0.013472342895315487,FALSE,all,1.7777777777777777,-0.012684098386418818,FALSE,all
liberal,Confusability,Within-person,Visual,34,1.835057471264368,-0.013893353610794107,FALSE,all,1.8333333333333333,-0.013080476460994417,FALSE,all
liberal,Confusability,Within-person,Visual,35,1.8906652734238942,-0.014314364326272727,FALSE,all,1.8888888888888888,-0.013476854535569988,FALSE,all
liberal,Confusability,Within-person,Visual,36,1.9462730755834206,-0.01473537504175132,FALSE,all,1.9444444444444444,-0.013873232610145572,FALSE,all
liberal,Confusability,Within-person,Visual,37,2.0018808777429467,-0.01515638575722994,FALSE,all,2,-0.01426961068472117,FALSE,all
liberal,Confusability,Within-person,Visual,38,2.057488679902473,-0.015577396472708546,FALSE,all,2.0555555555555554,-0.01466598875929677,FALSE,all
liberal,Confusability,Within-person,Visual,39,2.1130964820619993,-0.015998407188187153,FALSE,all,2.111111111111111,-0.015062366833872354,FALSE,all
liberal,Confusability,Within-person,Visual,40,2.168704284221526,-0.016419417903665773,FALSE,all,2.1666666666666665,-0.015458744908447924,FALSE,all
liberal,Confusability,Within-person,Visual,41,2.224312086381052,-0.016840428619144365,FALSE,all,2.2222222222222223,-0.015855122983023523,FALSE,all
liberal,Confusability,Within-person,Visual,42,2.2799198885405785,-0.017261439334622986,FALSE,all,2.2777777777777777,-0.016251501057599108,FALSE,all
liberal,Confusability,Within-person,Visual,43,2.3355276907001046,-0.017682450050101592,FALSE,all,2.333333333333333,-0.016647879132174706,FALSE,all
liberal,Confusability,Within-person,Visual,44,2.3911354928596307,-0.018103460765580198,FALSE,all,2.388888888888889,-0.01704425720675029,FALSE,all
liberal,Confusability,Within-person,Visual,45,2.446743295019157,-0.01852447148105882,FALSE,all,2.444444444444444,-0.017440635281325875,FALSE,all
liberal,Confusability,Within-person,Visual,46,2.5023510971786833,-0.018945482196537425,FALSE,all,2.5,-0.01783701335590146,FALSE,all
liberal,Confusability,Within-person,Visual,47,2.55795889933821,-0.019366492912016017,FALSE,all,2.5555555555555554,-0.01823339143047706,FALSE,all
liberal,Confusability,Within-person,Visual,48,2.613566701497736,-0.019787503627494638,FALSE,all,2.611111111111111,-0.018629769505052643,FALSE,all
liberal,Confusability,Within-person,Visual,49,2.6691745036572625,-0.020208514342973258,FALSE,all,2.6666666666666665,-0.019026147579628228,FALSE,all
liberal,Confusability,Within-person,Visual,50,2.7247823058167886,-0.02062952505845185,FALSE,all,2.722222222222222,-0.019422525654203812,FALSE,all
liberal,Confusability,Within-person,Visual,51,2.780390107976315,-0.02105053577393047,FALSE,all,2.7777777777777777,-0.01981890372877941,FALSE,all
liberal,Confusability,Within-person,Visual,52,2.8359979101358412,-0.021471546489409063,FALSE,all,2.833333333333333,-0.020215281803354995,FALSE,all
liberal,Confusability,Within-person,Visual,53,2.891605712295368,-0.021892557204887683,FALSE,all,2.888888888888889,-0.02061165987793058,FALSE,all
liberal,Confusability,Within-person,Visual,54,2.947213514454894,-0.022313567920366303,FALSE,all,2.944444444444444,-0.021008037952506164,FALSE,all
liberal,Confusability,Within-person,Visual,55,3.00282131661442,-0.022734578635844896,FALSE,all,3,-0.021404416027081763,FALSE,all
liberal,Confusability,Within-person,Visual,56,3.0584291187739465,-0.023155589351323516,FALSE,all,3.0555555555555554,-0.021800794101657348,FALSE,all
liberal,Confusability,Within-person,Visual,57,3.1140369209334726,-0.023576600066802136,FALSE,all,3.1111111111111107,-0.022197172176232932,FALSE,all
liberal,Confusability,Within-person,Visual,58,3.169644723092999,-0.02399761078228073,FALSE,all,3.1666666666666665,-0.022593550250808517,FALSE,all
liberal,Confusability,Within-person,Visual,59,3.2252525252525253,-0.02441862149775935,FALSE,all,3.222222222222222,-0.022989928325384115,FALSE,all
liberal,Confusability,Within-person,Visual,60,3.280860327412052,-0.02483963221323794,FALSE,all,3.2777777777777777,-0.0233863063999597,FALSE,all
liberal,Confusability,Within-person,Visual,61,3.336468129571578,-0.025260642928716562,FALSE,all,3.333333333333333,-0.023782684474535284,FALSE,all
liberal,Confusability,Within-person,Visual,62,3.3920759317311044,-0.025681653644195182,FALSE,all,3.388888888888889,-0.024179062549110883,FALSE,all
liberal,Confusability,Within-person,Visual,63,3.4476837338906305,-0.026102664359673775,FALSE,all,3.444444444444444,-0.024575440623686468,FALSE,all
liberal,Confusability,Within-person,Visual,64,3.503291536050157,-0.026523675075152395,FALSE,all,3.5,-0.024971818698262052,FALSE,all
liberal,Confusability,Within-person,Visual,65,3.558899338209683,-0.026944685790630987,FALSE,all,3.5555555555555554,-0.025368196772837637,FALSE,all
liberal,Confusability,Within-person,Visual,66,3.6145071403692093,-0.027365696506109607,FALSE,all,3.6111111111111107,-0.02576457484741322,FALSE,all
liberal,Confusability,Within-person,Visual,67,3.670114942528736,-0.027786707221588228,FALSE,all,3.6666666666666665,-0.02616095292198882,FALSE,all
liberal,Confusability,Within-person,Visual,68,3.725722744688262,-0.02820771793706682,FALSE,all,3.722222222222222,-0.026557330996564404,FALSE,all
liberal,Confusability,Within-person,Visual,69,3.7813305468477885,-0.02862872865254544,FALSE,all,3.7777777777777777,-0.02695370907113999,FALSE,all
liberal,Confusability,Within-person,Visual,70,3.8369383490073146,-0.029049739368024033,FALSE,all,3.833333333333333,-0.027350087145715588,FALSE,all
liberal,Confusability,Within-person,Visual,71,3.892546151166841,-0.029470750083502653,FALSE,all,3.888888888888889,-0.027746465220291172,FALSE,all
liberal,Confusability,Within-person,Visual,72,3.948153953326367,-0.029891760798981273,FALSE,all,3.944444444444444,-0.028142843294866757,FALSE,all
liberal,Confusability,Within-person,Visual,73,4.003761755485893,-0.030312771514459866,FALSE,all,4,-0.028539221369442355,FALSE,all
liberal,Confusability,Within-person,Visual,74,4.05936955764542,-0.030733782229938486,FALSE,all,4.055555555555555,-0.02893559944401794,FALSE,all
liberal,Confusability,Within-person,Visual,75,4.114977359804946,-0.031154792945417106,FALSE,all,4.111111111111111,-0.029331977518593524,FALSE,all
liberal,Confusability,Within-person,Visual,76,4.170585161964472,-0.0315758036608957,FALSE,all,4.166666666666666,-0.02972835559316911,FALSE,all
liberal,Confusability,Within-person,Visual,77,4.226192964123999,-0.03199681437637432,FALSE,all,4.222222222222222,-0.030124733667744694,FALSE,all
liberal,Confusability,Within-person,Visual,78,4.281800766283525,-0.03241782509185291,FALSE,all,4.277777777777778,-0.030521111742320292,FALSE,all
liberal,Confusability,Within-person,Visual,79,4.337408568443052,-0.03283883580733153,FALSE,all,4.333333333333333,-0.030917489816895877,FALSE,all
liberal,Confusability,Within-person,Visual,80,4.393016370602577,-0.03325984652281015,FALSE,all,4.388888888888888,-0.03131386789147146,FALSE,all
liberal,Confusability,Within-person,Visual,81,4.448624172762104,-0.033680857238288744,FALSE,all,4.444444444444445,-0.03171024596604706,FALSE,all
liberal,Confusability,Within-person,Visual,82,4.50423197492163,-0.034101867953767365,FALSE,all,4.5,-0.032106624040622644,FALSE,all
liberal,Confusability,Within-person,Visual,83,4.559839777081157,-0.034522878669245985,FALSE,all,4.555555555555555,-0.03250300211519823,FALSE,all
liberal,Confusability,Within-person,Visual,84,4.615447579240683,-0.03494388938472458,FALSE,all,4.611111111111111,-0.032899380189773814,FALSE,all
liberal,Confusability,Within-person,Visual,85,4.671055381400209,-0.0353649001002032,FALSE,all,4.666666666666666,-0.0332957582643494,FALSE,all
liberal,Confusability,Within-person,Visual,86,4.726663183559736,-0.03578591081568179,FALSE,all,4.722222222222222,-0.03369213633892498,FALSE,all
liberal,Confusability,Within-person,Visual,87,4.782270985719261,-0.03620692153116041,FALSE,all,4.777777777777778,-0.03408851441350058,FALSE,all
liberal,Confusability,Within-person,Visual,88,4.837878787878788,-0.036627932246639,FALSE,all,4.833333333333333,-0.03448489248807618,FALSE,all
liberal,Confusability,Within-person,Visual,89,4.893486590038314,-0.03704894296211762,FALSE,all,4.888888888888888,-0.03488127056265178,FALSE,all
liberal,Confusability,Within-person,Visual,90,4.949094392197841,-0.03746995367759624,FALSE,all,4.944444444444444,-0.03527764863722732,FALSE,all
liberal,Confusability,Within-person,Visual,91,5.004702194357367,-0.037890964393074836,FALSE,all,5,-0.03567402671180292,FALSE,all
liberal,Confusability,Within-person,Visual,92,5.060309996516893,-0.038311975108553456,FALSE,all,5.055555555555555,-0.03607040478637852,FALSE,all
liberal,Confusability,Within-person,Visual,93,5.11591779867642,-0.038732985824032076,FALSE,all,5.111111111111111,-0.03646678286095412,FALSE,all
liberal,Confusability,Within-person,Visual,94,5.171525600835946,-0.03915399653951067,FALSE,all,5.166666666666666,-0.036863160935529715,FALSE,all
liberal,Confusability,Within-person,Visual,95,5.227133402995472,-0.03957500725498929,FALSE,all,5.222222222222222,-0.037259539010105286,FALSE,all
liberal,Confusability,Within-person,Visual,96,5.2827412051549985,-0.03999601797046788,FALSE,all,5.277777777777778,-0.03765591708468086,FALSE,all
liberal,Confusability,Within-person,Visual,97,5.338349007314525,-0.0404170286859465,FALSE,all,5.333333333333333,-0.038052295159256455,FALSE,all
liberal,Confusability,Within-person,Visual,98,5.393956809474051,-0.04083803940142512,FALSE,all,5.388888888888888,-0.038448673233832054,FALSE,all
liberal,Confusability,Within-person,Visual,99,5.449564611633577,-0.041259050116903714,FALSE,all,5.444444444444444,-0.03884505130840765,FALSE,all
liberal,Confusability,Within-person,Visual,100,5.505172413793104,-0.041680060832382335,FALSE,all,5.5,-0.03924142938298325,FALSE,all
liberal,Distinctiveness,Within-person,Auditory,1,0,0,FALSE,all,0,0,FALSE,all
liberal,Distinctiveness,Within-person,Auditory,2,0.055452833418935116,1.2823534415351556e-4,FALSE,all,0.05555555555555555,1.3739696702436133e-4,FALSE,all
liberal,Distinctiveness,Within-person,Auditory,3,0.11090566683787023,2.5647068830708664e-4,FALSE,all,0.1111111111111111,2.7479393404872265e-4,FALSE,all
liberal,Distinctiveness,Within-person,Auditory,4,0.16635850025680535,3.847060324604912e-4,FALSE,all,0.16666666666666666,4.1219090107297296e-4,FALSE,all
liberal,Distinctiveness,Within-person,Auditory,5,0.22181133367574046,5.129413766140067e-4,FALSE,all,0.2222222222222222,5.495878680973343e-4,FALSE,all
liberal,Distinctiveness,Within-person,Auditory,6,0.2772641670946756,6.411767207675778e-4,FALSE,all,0.2777777777777778,6.869848351216401e-4,FALSE,all
liberal,Distinctiveness,Within-person,Auditory,7,0.3327170005136107,7.694120649210934e-4,FALSE,all,0.3333333333333333,8.243818021458904e-4,FALSE,all
liberal,Distinctiveness,Within-person,Auditory,8,0.3881698339325458,8.976474090746089e-4,FALSE,all,0.38888888888888884,9.617787691702517e-4,FALSE,all
liberal,Distinctiveness,Within-person,Auditory,9,0.4436226673514809,0.001025882753228069,FALSE,all,0.4444444444444444,0.001099175736194613,FALSE,all
liberal,Distinctiveness,Within-person,Auditory,10,0.49907550077041607,0.0011541180973815846,FALSE,all,0.5,0.0012365727032188634,FALSE,all
liberal,Distinctiveness,Within-person,Auditory,11,0.5545283341893512,0.0012823534415351001,FALSE,all,0.5555555555555556,0.0013739696702432247,FALSE,all
liberal,Distinctiveness,Within-person,Auditory,12,0.6099811676082862,0.0014105887856886712,FALSE,all,0.611111111111111,0.001511366637267586,FALSE,all
liberal,Distinctiveness,Within-person,Auditory,13,0.6654340010272214,0.0015388241298421867,FALSE,all,0.6666666666666666,0.0016487636042919473,FALSE,all
liberal,Distinctiveness,Within-person,Auditory,14,0.7208868344461565,0.0016670594739955913,FALSE,all,0.7222222222222222,0.0017861605713161977,FALSE,all
liberal,Distinctiveness,Within-person,Auditory,15,0.7763396678650916,0.0017952948181491624,FALSE,all,0.7777777777777777,0.001923557538340559,FALSE,all
liberal,Distinctiveness,Within-person,Auditory,16,0.8317925012840267,0.001923530162302678,FALSE,all,0.8333333333333333,0.0020609545053649203,FALSE,all
liberal,Distinctiveness,Within-person,Auditory,17,0.8872453347029619,0.0020517655064561935,FALSE,all,0.8888888888888888,0.0021983514723891706,FALSE,all
liberal,Distinctiveness,Within-person,Auditory,18,0.942698168121897,0.0021800008506097646,FALSE,all,0.9444444444444444,0.002335748439413532,FALSE,all
liberal,Distinctiveness,Within-person,Auditory,19,0.9981510015408321,0.002308236194763169,FALSE,all,1,0.0024731454064378933,FALSE,all
liberal,Distinctiveness,Within-person,Auditory,20,1.0536038349597672,0.0024364715389166847,FALSE,all,1.0555555555555556,0.0026105423734621436,FALSE,all
liberal,Distinctiveness,Within-person,Auditory,21,1.1090566683787024,0.0025647068830702557,FALSE,all,1.1111111111111112,0.002747939340486505,FALSE,all
liberal,Distinctiveness,Within-person,Auditory,22,1.1645095017976375,0.0026929422272237713,FALSE,all,1.1666666666666665,0.0028853363075108662,FALSE,all
liberal,Distinctiveness,Within-person,Auditory,23,1.2199623352165725,0.002821177571377176,FALSE,all,1.222222222222222,0.0030227332745351165,FALSE,all
liberal,Distinctiveness,Within-person,Auditory,24,1.2754151686355077,0.002949412915530747,FALSE,all,1.2777777777777777,0.003160130241559478,FALSE,all
liberal,Distinctiveness,Within-person,Auditory,25,1.3308680020544428,0.0030776482596842625,FALSE,all,1.3333333333333333,0.003297527208583839,FALSE,all
liberal,Distinctiveness,Within-person,Auditory,26,1.3863208354733778,0.003205883603837778,FALSE,all,1.3888888888888888,0.0034349241756080895,FALSE,all
liberal,Distinctiveness,Within-person,Auditory,27,1.441773668892313,0.003334118947991349,FALSE,all,1.4444444444444444,0.0035723211426323953,FALSE,all
liberal,Distinctiveness,Within-person,Auditory,28,1.497226502311248,0.0034623542921447537,FALSE,all,1.5,0.0037097181096567566,FALSE,all
liberal,Distinctiveness,Within-person,Auditory,29,1.5526793357301831,0.0035905896362982692,FALSE,all,1.5555555555555554,0.003847115076681118,FALSE,all
liberal,Distinctiveness,Within-person,Auditory,30,1.6081321691491184,0.0037188249804518403,FALSE,all,1.611111111111111,0.003984512043705368,FALSE,all
liberal,Distinctiveness,Within-person,Auditory,31,1.6635850025680534,0.003847060324605356,FALSE,all,1.6666666666666665,0.00412190901072973,FALSE,all
liberal,Distinctiveness,Within-person,Auditory,32,1.7190378359869887,0.00397529566875876,FALSE,all,1.722222222222222,0.004259305977754091,FALSE,all
liberal,Distinctiveness,Within-person,Auditory,33,1.7744906694059237,0.0041035310129123315,FALSE,all,1.7777777777777777,0.004396702944778341,FALSE,all
liberal,Distinctiveness,Within-person,Auditory,34,1.8299435028248587,0.004231766357065847,FALSE,all,1.8333333333333333,0.0045340999118027026,FALSE,all
liberal,Distinctiveness,Within-person,Auditory,35,1.885396336243794,0.004360001701219363,FALSE,all,1.8888888888888888,0.004671496878827064,FALSE,all
liberal,Distinctiveness,Within-person,Auditory,36,1.940849169662729,0.004488237045372934,FALSE,all,1.9444444444444444,0.004808893845851425,FALSE,all
liberal,Distinctiveness,Within-person,Auditory,37,1.9963020030816643,0.004616472389526338,FALSE,all,2,0.0049462908128756755,FALSE,all
liberal,Distinctiveness,Within-person,Auditory,38,2.0517548365005993,0.004744707733679854,FALSE,all,2.0555555555555554,0.005083687779900037,FALSE,all
liberal,Distinctiveness,Within-person,Auditory,39,2.1072076699195343,0.004872943077833425,FALSE,all,2.111111111111111,0.005221084746924398,FALSE,all
liberal,Distinctiveness,Within-person,Auditory,40,2.1626605033384694,0.00500117842198694,FALSE,all,2.1666666666666665,0.0053584817139486485,FALSE,all
liberal,Distinctiveness,Within-person,Auditory,41,2.218113336757405,0.005129413766140345,FALSE,all,2.2222222222222223,0.00549587868097301,FALSE,all
liberal,Distinctiveness,Within-person,Auditory,42,2.27356617017634,0.005257649110293916,FALSE,all,2.2777777777777777,0.005633275647997371,FALSE,all
liberal,Distinctiveness,Within-person,Auditory,43,2.329019003595275,0.005385884454447432,FALSE,all,2.333333333333333,0.0057706726150216214,FALSE,all
liberal,Distinctiveness,Within-person,Auditory,44,2.38447183701421,0.005514119798600947,FALSE,all,2.388888888888889,0.005908069582045983,FALSE,all
liberal,Distinctiveness,Within-person,Auditory,45,2.439924670433145,0.005642355142754407,FALSE,all,2.444444444444444,0.006045466549070344,FALSE,all
liberal,Distinctiveness,Within-person,Auditory,46,2.49537750385208,0.005770590486907923,FALSE,all,2.5,0.006182863516094594,FALSE,all
liberal,Distinctiveness,Within-person,Auditory,47,2.5508303372710155,0.005898825831061494,FALSE,all,2.5555555555555554,0.0063202604831189,FALSE,all
liberal,Distinctiveness,Within-person,Auditory,48,2.6062831706899505,0.006027061175215009,FALSE,all,2.611111111111111,0.0064576574501432615,FALSE,all
liberal,Distinctiveness,Within-person,Auditory,49,2.6617360041088856,0.006155296519368525,FALSE,all,2.6666666666666665,0.006595054417167623,FALSE,all
liberal,Distinctiveness,Within-person,Auditory,50,2.7171888375278206,0.0062835318635219295,FALSE,all,2.722222222222222,0.006732451384191873,FALSE,all
liberal,Distinctiveness,Within-person,Auditory,51,2.7726416709467556,0.006411767207675501,FALSE,all,2.7777777777777777,0.0068698483512162345,FALSE,all
liberal,Distinctiveness,Within-person,Auditory,52,2.828094504365691,0.006540002551829016,FALSE,all,2.833333333333333,0.007007245318240596,FALSE,all
liberal,Distinctiveness,Within-person,Auditory,53,2.883547337784626,0.006668237895982587,FALSE,all,2.888888888888889,0.007144642285264846,FALSE,all
liberal,Distinctiveness,Within-person,Auditory,54,2.939000171203561,0.006796473240136103,FALSE,all,2.944444444444444,0.0072820392522892075,FALSE,all
liberal,Distinctiveness,Within-person,Auditory,55,2.994453004622496,0.006924708584289507,FALSE,all,3,0.007419436219313569,FALSE,all
liberal,Distinctiveness,Within-person,Auditory,56,3.0499058380414312,0.007052943928443078,FALSE,all,3.0555555555555554,0.007556833186337819,FALSE,all
liberal,Distinctiveness,Within-person,Auditory,57,3.1053586714603663,0.007181179272596594,FALSE,all,3.1111111111111107,0.00769423015336218,FALSE,all
liberal,Distinctiveness,Within-person,Auditory,58,3.1608115048793017,0.0073094146167501095,FALSE,all,3.1666666666666665,0.007831627120386542,FALSE,all
liberal,Distinctiveness,Within-person,Auditory,59,3.2162643382982368,0.0074376499609035696,FALSE,all,3.222222222222222,0.007969024087410792,FALSE,all
liberal,Distinctiveness,Within-person,Auditory,60,3.271717171717172,0.007565885305057085,FALSE,all,3.2777777777777777,0.008106421054435153,FALSE,all
liberal,Distinctiveness,Within-person,Auditory,61,3.327170005136107,0.007694120649210601,FALSE,all,3.333333333333333,0.008243818021459515,FALSE,all
liberal,Distinctiveness,Within-person,Auditory,62,3.382622838555042,0.007822355993364172,FALSE,all,3.388888888888889,0.008381214988483765,FALSE,all
liberal,Distinctiveness,Within-person,Auditory,63,3.4380756719739773,0.007950591337517687,FALSE,all,3.444444444444444,0.008518611955508126,FALSE,all
liberal,Distinctiveness,Within-person,Auditory,64,3.4935285053929124,0.008078826681671092,FALSE,all,3.5,0.008656008922532488,FALSE,all
liberal,Distinctiveness,Within-person,Auditory,65,3.5489813388118474,0.008207062025824663,FALSE,all,3.5555555555555554,0.008793405889556738,FALSE,all
liberal,Distinctiveness,Within-person,Auditory,66,3.6044341722307824,0.008335297369978178,FALSE,all,3.6111111111111107,0.0089308028565811,FALSE,all
liberal,Distinctiveness,Within-person,Auditory,67,3.6598870056497175,0.008463532714131694,FALSE,all,3.6666666666666665,0.00906819982360546,FALSE,all
liberal,Distinctiveness,Within-person,Auditory,68,3.715339839068653,0.008591768058285265,FALSE,all,3.722222222222222,0.009205596790629766,FALSE,all
liberal,Distinctiveness,Within-person,Auditory,69,3.770792672487588,0.00872000340243867,FALSE,all,3.7777777777777777,0.009342993757654017,FALSE,all
liberal,Distinctiveness,Within-person,Auditory,70,3.826245505906523,0.008848238746592185,FALSE,all,3.833333333333333,0.009480390724678378,FALSE,all
liberal,Distinctiveness,Within-person,Auditory,71,3.881698339325458,0.008976474090745756,FALSE,all,3.888888888888889,0.00961778769170274,FALSE,all
liberal,Distinctiveness,Within-person,Auditory,72,3.937151172744393,0.009104709434899272,FALSE,all,3.944444444444444,0.00975518465872699,FALSE,all
liberal,Distinctiveness,Within-person,Auditory,73,3.9926040061633286,0.009232944779052676,FALSE,all,4,0.009892581625751351,FALSE,all
liberal,Distinctiveness,Within-person,Auditory,74,4.048056839582263,0.009361180123206247,FALSE,all,4.055555555555555,0.010029978592775712,FALSE,all
liberal,Distinctiveness,Within-person,Auditory,75,4.103509673001199,0.009489415467359763,FALSE,all,4.111111111111111,0.010167375559799963,FALSE,all
liberal,Distinctiveness,Within-person,Auditory,76,4.158962506420134,0.009617650811513279,FALSE,all,4.166666666666666,0.010304772526824324,FALSE,all
liberal,Distinctiveness,Within-person,Auditory,77,4.214415339839069,0.00974588615566685,FALSE,all,4.222222222222222,0.010442169493848685,FALSE,all
liberal,Distinctiveness,Within-person,Auditory,78,4.269868173258004,0.009874121499820254,FALSE,all,4.277777777777778,0.010579566460872936,FALSE,all
liberal,Distinctiveness,Within-person,Auditory,79,4.325321006676939,0.01000235684397377,FALSE,all,4.333333333333333,0.010716963427897297,FALSE,all
liberal,Distinctiveness,Within-person,Auditory,80,4.380773840095874,0.01013059218812734,FALSE,all,4.388888888888888,0.010854360394921658,FALSE,all
liberal,Distinctiveness,Within-person,Auditory,81,4.43622667351481,0.010258827532280856,FALSE,all,4.444444444444445,0.010991757361945909,FALSE,all
liberal,Distinctiveness,Within-person,Auditory,82,4.491679506933744,0.010387062876434372,FALSE,all,4.5,0.01112915432897027,FALSE,all
liberal,Distinctiveness,Within-person,Auditory,83,4.54713234035268,0.010515298220587832,FALSE,all,4.555555555555555,0.011266551295994631,FALSE,all
liberal,Distinctiveness,Within-person,Auditory,84,4.602585173771614,0.010643533564741348,FALSE,all,4.611111111111111,0.011403948263018993,FALSE,all
liberal,Distinctiveness,Within-person,Auditory,85,4.65803800719055,0.010771768908894863,FALSE,all,4.666666666666666,0.011541345230043243,FALSE,all
liberal,Distinctiveness,Within-person,Auditory,86,4.713490840609484,0.010900004253048434,FALSE,all,4.722222222222222,0.011678742197067604,FALSE,all
liberal,Distinctiveness,Within-person,Auditory,87,4.76894367402842,0.01102823959720195,FALSE,all,4.777777777777778,0.011816139164091966,FALSE,all
liberal,Distinctiveness,Within-person,Auditory,88,4.824396507447355,0.011156474941355354,FALSE,all,4.833333333333333,0.011953536131116216,FALSE,all
liberal,Distinctiveness,Within-person,Auditory,89,4.87984934086629,0.011284710285508925,FALSE,all,4.888888888888888,0.012090933098140522,FALSE,all
liberal,Distinctiveness,Within-person,Auditory,90,4.935302174285225,0.011412945629662441,FALSE,all,4.944444444444444,0.012228330065164883,FALSE,all
liberal,Distinctiveness,Within-person,Auditory,91,4.99075500770416,0.011541180973815957,FALSE,all,5,0.012365727032189133,FALSE,all
liberal,Distinctiveness,Within-person,Auditory,92,5.0462078411230955,0.011669416317969417,FALSE,all,5.055555555555555,0.012503123999213495,FALSE,all
liberal,Distinctiveness,Within-person,Auditory,93,5.101660674542031,0.011797651662122988,FALSE,all,5.111111111111111,0.012640520966237856,FALSE,all
liberal,Distinctiveness,Within-person,Auditory,94,5.157113507960966,0.011925887006276503,FALSE,all,5.166666666666666,0.012777917933262106,FALSE,all
liberal,Distinctiveness,Within-person,Auditory,95,5.212566341379901,0.012054122350429963,FALSE,all,5.222222222222222,0.012915314900286523,FALSE,all
liberal,Distinctiveness,Within-person,Auditory,96,5.268019174798836,0.012182357694583534,FALSE,all,5.277777777777778,0.013052711867310829,FALSE,all
liberal,Distinctiveness,Within-person,Auditory,97,5.323472008217771,0.012310593038736994,FALSE,all,5.333333333333333,0.013190108834335135,FALSE,all
liberal,Distinctiveness,Within-person,Auditory,98,5.378924841636707,0.01243882838289051,FALSE,all,5.388888888888888,0.013327505801359496,FALSE,all
liberal,Distinctiveness,Within-person,Auditory,99,5.434377675055641,0.012567063727044026,FALSE,all,5.444444444444444,0.013464902768383746,FALSE,all
liberal,Distinctiveness,Within-person,Auditory,100,5.489830508474577,0.012695299071197541,FALSE,all,5.5,0.013602299735408163,FALSE,all
liberal,Distinctiveness,Within-person,Motor,1,0,0,FALSE,all,0,0,FALSE,all
liberal,Distinctiveness,Within-person,Motor,2,0.055839092681197945,-0.0013293775008429431,FALSE,all,0.055821371610845286,-0.0012770072323720072,FALSE,all
liberal,Distinctiveness,Within-person,Motor,3,0.11167818536239589,-0.002658755001685442,FALSE,all,0.11164274322169057,-0.0025540144647440144,FALSE,all
liberal,Distinctiveness,Within-person,Motor,4,0.16751727804359384,-0.003988132502528163,FALSE,all,0.16746411483253587,-0.0038310216971160216,FALSE,all
liberal,Distinctiveness,Within-person,Motor,5,0.22335637072479178,-0.005317510003370662,FALSE,all,0.22328548644338114,-0.005108028929488029,FALSE,all
liberal,Distinctiveness,Within-person,Motor,6,0.2791954634059897,-0.0066468875042133835,FALSE,all,0.2791068580542264,-0.006385036161860036,FALSE,all
liberal,Distinctiveness,Within-person,Motor,7,0.3350345560871877,-0.007976265005056105,FALSE,all,0.33492822966507174,-0.007662043394232043,FALSE,all
liberal,Distinctiveness,Within-person,Motor,8,0.3908736487683856,-0.009305642505898826,FALSE,all,0.390749601275917,-0.008939050626604272,FALSE,all
liberal,Distinctiveness,Within-person,Motor,9,0.44671274144958356,-0.010635020006741547,FALSE,all,0.4465709728867623,-0.01021605785897628,FALSE,all
liberal,Distinctiveness,Within-person,Motor,10,0.5025518341307815,-0.011964397507584268,FALSE,all,0.5023923444976076,-0.011493065091348065,FALSE,all
liberal,Distinctiveness,Within-person,Motor,11,0.5583909268119794,-0.013293775008426767,FALSE,all,0.5582137161084528,-0.012770072323720294,FALSE,all
liberal,Distinctiveness,Within-person,Motor,12,0.6142300194931773,-0.01462315250926971,FALSE,all,0.6140350877192982,-0.014047079556092301,FALSE,all
liberal,Distinctiveness,Within-person,Motor,13,0.6700691121743754,-0.01595253001011221,FALSE,all,0.6698564593301435,-0.015324086788464086,FALSE,all
liberal,Distinctiveness,Within-person,Motor,14,0.7259082048555733,-0.01728190751095493,FALSE,all,0.7256778309409887,-0.016601094020836316,FALSE,all
liberal,Distinctiveness,Within-person,Motor,15,0.7817472975367712,-0.01861128501179743,FALSE,all,0.781499202551834,-0.017878101253208323,FALSE,all
liberal,Distinctiveness,Within-person,Motor,16,0.8375863902179692,-0.019940662512640372,FALSE,all,0.8373205741626792,-0.019155108485580108,FALSE,all
liberal,Distinctiveness,Within-person,Motor,17,0.8934254828991671,-0.021270040013483094,FALSE,all,0.8931419457735246,-0.020432115717952115,FALSE,all
liberal,Distinctiveness,Within-person,Motor,18,0.949264575580365,-0.022599417514325815,FALSE,all,0.9489633173843699,-0.021709122950324344,FALSE,all
liberal,Distinctiveness,Within-person,Motor,19,1.005103668261563,-0.023928795015168314,FALSE,all,1.0047846889952152,-0.02298613018269613,FALSE,all
liberal,Distinctiveness,Within-person,Motor,20,1.0609427609427609,-0.025258172516011035,FALSE,all,1.0606060606060603,-0.024263137415068137,FALSE,all
liberal,Distinctiveness,Within-person,Motor,21,1.1167818536239589,-0.026587550016853756,FALSE,all,1.1164274322169057,-0.025540144647440144,FALSE,all
liberal,Distinctiveness,Within-person,Motor,22,1.172620946305157,-0.027916927517696477,FALSE,all,1.172248803827751,-0.02681715187981215,FALSE,all
liberal,Distinctiveness,Within-person,Motor,23,1.2284600389863547,-0.029246305018538976,FALSE,all,1.2280701754385963,-0.02809415911218416,FALSE,all
liberal,Distinctiveness,Within-person,Motor,24,1.2842991316675527,-0.030575682519381697,FALSE,all,1.2838915470494416,-0.029371166344556165,FALSE,all
liberal,Distinctiveness,Within-person,Motor,25,1.3401382243487507,-0.031905060020224196,FALSE,all,1.339712918660287,-0.030648173576928173,FALSE,all
liberal,Distinctiveness,Within-person,Motor,26,1.3959773170299485,-0.03323443752106714,FALSE,all,1.395534290271132,-0.03192518080930018,FALSE,all
liberal,Distinctiveness,Within-person,Motor,27,1.4518164097111466,-0.03456381502190986,FALSE,all,1.4513556618819774,-0.03320218804167219,FALSE,all
liberal,Distinctiveness,Within-person,Motor,28,1.5076555023923446,-0.03589319252275236,FALSE,all,1.5071770334928227,-0.03447919527404397,FALSE,all
liberal,Distinctiveness,Within-person,Motor,29,1.5634945950735424,-0.03722257002359508,FALSE,all,1.562998405103668,-0.0357562025064162,FALSE,all
liberal,Distinctiveness,Within-person,Motor,30,1.6193336877547404,-0.0385519475244378,FALSE,all,1.6188197767145134,-0.03703320973878821,FALSE,all
liberal,Distinctiveness,Within-person,Motor,31,1.6751727804359384,-0.03988132502528052,FALSE,all,1.6746411483253585,-0.038310216971159994,FALSE,all
liberal,Distinctiveness,Within-person,Motor,32,1.7310118731171362,-0.04121070252612302,FALSE,all,1.7304625199362038,-0.03958722420353222,FALSE,all
liberal,Distinctiveness,Within-person,Motor,33,1.7868509657983342,-0.04254008002696574,FALSE,all,1.7862838915470491,-0.04086423143590423,FALSE,all
liberal,Distinctiveness,Within-person,Motor,34,1.8426900584795323,-0.04386945752780824,FALSE,all,1.8421052631578945,-0.042141238668276015,FALSE,all
liberal,Distinctiveness,Within-person,Motor,35,1.89852915116073,-0.045198835028651185,FALSE,all,1.8979266347687398,-0.043418245900648245,FALSE,all
liberal,Distinctiveness,Within-person,Motor,36,1.954368243841928,-0.046528212529493906,FALSE,all,1.953748006379585,-0.044695253133020474,FALSE,all
liberal,Distinctiveness,Within-person,Motor,37,2.010207336523126,-0.047857590030336405,FALSE,all,2.0095693779904304,-0.04597226036539226,FALSE,all
liberal,Distinctiveness,Within-person,Motor,38,2.066046429204324,-0.04918696753117913,FALSE,all,2.0653907496012756,-0.047249267597764266,FALSE,all
liberal,Distinctiveness,Within-person,Motor,39,2.1218855218855217,-0.050516345032021626,FALSE,all,2.1212121212121207,-0.04852627483013627,FALSE,all
liberal,Distinctiveness,Within-person,Motor,40,2.1777246145667197,-0.05184572253286457,FALSE,all,2.177033492822966,-0.04980328206250828,FALSE,all
liberal,Distinctiveness,Within-person,Motor,41,2.2335637072479178,-0.05317510003370707,FALSE,all,2.2328548644338113,-0.05108028929488029,FALSE,all
liberal,Distinctiveness,Within-person,Motor,42,2.2894027999291158,-0.05450447753454979,FALSE,all,2.288676236044657,-0.052357296527252295,FALSE,all
liberal,Distinctiveness,Within-person,Motor,43,2.345241892610314,-0.05583385503539229,FALSE,all,2.344497607655502,-0.0536343037596243,FALSE,all
liberal,Distinctiveness,Within-person,Motor,44,2.401080985291512,-0.05716323253623545,FALSE,all,2.400318979266347,-0.05491131099199631,FALSE,all
liberal,Distinctiveness,Within-person,Motor,45,2.4569200779727094,-0.05849261003707795,FALSE,all,2.4561403508771926,-0.05618831822436832,FALSE,all
liberal,Distinctiveness,Within-person,Motor,46,2.5127591706539074,-0.05982198753792067,FALSE,all,2.5119617224880377,-0.0574653254567401,FALSE,all
liberal,Distinctiveness,Within-person,Motor,47,2.5685982633351054,-0.06115136503876317,FALSE,all,2.5677830940988833,-0.05874233268911233,FALSE,all
liberal,Distinctiveness,Within-person,Motor,48,2.6244373560163035,-0.062480742539605894,FALSE,all,2.6236044657097284,-0.06001933992148434,FALSE,all
liberal,Distinctiveness,Within-person,Motor,49,2.6802764486975015,-0.06381012004044861,FALSE,all,2.679425837320574,-0.06129634715385612,FALSE,all
liberal,Distinctiveness,Within-person,Motor,50,2.7361155413786995,-0.06513949754129134,FALSE,all,2.735247208931419,-0.06257335438622835,FALSE,all
liberal,Distinctiveness,Within-person,Motor,51,2.791954634059897,-0.06646887504213383,FALSE,all,2.791068580542264,-0.06385036161860036,FALSE,all
liberal,Distinctiveness,Within-person,Motor,52,2.847793726741095,-0.06779825254297678,FALSE,all,2.8468899521531097,-0.06512736885097214,FALSE,all
liberal,Distinctiveness,Within-person,Motor,53,2.903632819422293,-0.06912763004381928,FALSE,all,2.902711323763955,-0.06640437608334415,FALSE,all
liberal,Distinctiveness,Within-person,Motor,54,2.959471912103491,-0.07045700754466222,FALSE,all,2.9585326953748003,-0.06768138331571638,FALSE,all
liberal,Distinctiveness,Within-person,Motor,55,3.015311004784689,-0.07178638504550472,FALSE,all,3.0143540669856455,-0.06895839054808817,FALSE,all
liberal,Distinctiveness,Within-person,Motor,56,3.071150097465887,-0.07311576254634744,FALSE,all,3.0701754385964906,-0.07023539778046017,FALSE,all
liberal,Distinctiveness,Within-person,Motor,57,3.1269891901470848,-0.07444514004718994,FALSE,all,3.125996810207336,-0.07151240501283218,FALSE,all
liberal,Distinctiveness,Within-person,Motor,58,3.182828282828283,-0.07577451754803288,FALSE,all,3.181818181818181,-0.07278941224520419,FALSE,all
liberal,Distinctiveness,Within-person,Motor,59,3.238667375509481,-0.07710389504887538,FALSE,all,3.2376395534290268,-0.0740664194775762,FALSE,all
liberal,Distinctiveness,Within-person,Motor,60,3.294506468190679,-0.0784332725497181,FALSE,all,3.293460925039872,-0.0753434267099482,FALSE,all
liberal,Distinctiveness,Within-person,Motor,61,3.350345560871877,-0.07976265005056082,FALSE,all,3.349282296650717,-0.07662043394232043,FALSE,all
liberal,Distinctiveness,Within-person,Motor,62,3.406184653553075,-0.08109202755140354,FALSE,all,3.4051036682615625,-0.07789744117469244,FALSE,all
liberal,Distinctiveness,Within-person,Motor,63,3.4620237462342724,-0.08242140505224627,FALSE,all,3.4609250398724076,-0.07917444840706445,FALSE,all
liberal,Distinctiveness,Within-person,Motor,64,3.5178628389154705,-0.08375078255308899,FALSE,all,3.516746411483253,-0.08045145563943623,FALSE,all
liberal,Distinctiveness,Within-person,Motor,65,3.5737019315966685,-0.08508016005393149,FALSE,all,3.5725677830940983,-0.08172846287180846,FALSE,all
liberal,Distinctiveness,Within-person,Motor,66,3.6295410242778665,-0.08640953755477421,FALSE,all,3.6283891547049434,-0.08300547010418047,FALSE,all
liberal,Distinctiveness,Within-person,Motor,67,3.6853801169590645,-0.08773891505561693,FALSE,all,3.684210526315789,-0.08428247733655225,FALSE,all
liberal,Distinctiveness,Within-person,Motor,68,3.741219209640262,-0.08906829255645965,FALSE,all,3.740031897926634,-0.08555948456892448,FALSE,all
liberal,Distinctiveness,Within-person,Motor,69,3.79705830232146,-0.09039767005730215,FALSE,all,3.7958532695374796,-0.08683649180129649,FALSE,all
liberal,Distinctiveness,Within-person,Motor,70,3.852897395002658,-0.09172704755814509,FALSE,all,3.8516746411483247,-0.08811349903366827,FALSE,all
liberal,Distinctiveness,Within-person,Motor,71,3.908736487683856,-0.09305642505898759,FALSE,all,3.90749601275917,-0.08939050626604028,FALSE,all
liberal,Distinctiveness,Within-person,Motor,72,3.964575580365054,-0.09438580255983053,FALSE,all,3.9633173843700154,-0.09066751349841251,FALSE,all
liberal,Distinctiveness,Within-person,Motor,73,4.020414673046252,-0.09571518006067303,FALSE,all,4.019138755980861,-0.0919445207307843,FALSE,all
liberal,Distinctiveness,Within-person,Motor,74,4.07625376572745,-0.09704455756151575,FALSE,all,4.074960127591706,-0.0932215279631563,FALSE,all
liberal,Distinctiveness,Within-person,Motor,75,4.132092858408648,-0.09837393506235825,FALSE,all,4.130781499202551,-0.09449853519552853,FALSE,all
liberal,Distinctiveness,Within-person,Motor,76,4.187931951089846,-0.09970331256320097,FALSE,all,4.186602870813396,-0.09577554242790032,FALSE,all
liberal,Distinctiveness,Within-person,Motor,77,4.243771043771043,-0.1010326900640437,FALSE,all,4.242424242424241,-0.09705254966027232,FALSE,all
liberal,Distinctiveness,Within-person,Motor,78,4.299610136452242,-0.10236206756488664,FALSE,all,4.298245614035087,-0.09832955689264433,FALSE,all
liberal,Distinctiveness,Within-person,Motor,79,4.3554492291334395,-0.10369144506572914,FALSE,all,4.354066985645932,-0.09960656412501634,FALSE,all
liberal,Distinctiveness,Within-person,Motor,80,4.411288321814638,-0.10502082256657186,FALSE,all,4.4098883572567775,-0.10088357135738835,FALSE,all
liberal,Distinctiveness,Within-person,Motor,81,4.4671274144958355,-0.10635020006741458,FALSE,all,4.465709728867623,-0.10216057858976035,FALSE,all
liberal,Distinctiveness,Within-person,Motor,82,4.522966507177034,-0.1076795775682573,FALSE,all,4.521531100478468,-0.10343758582213214,FALSE,all
liberal,Distinctiveness,Within-person,Motor,83,4.5788055998582315,-0.1090089550690998,FALSE,all,4.577352472089314,-0.10471459305450437,FALSE,all
liberal,Distinctiveness,Within-person,Motor,84,4.634644692539429,-0.11033833256994252,FALSE,all,4.633173843700159,-0.10599160028687638,FALSE,all
liberal,Distinctiveness,Within-person,Motor,85,4.690483785220628,-0.11166771007078502,FALSE,all,4.688995215311004,-0.10726860751924816,FALSE,all
liberal,Distinctiveness,Within-person,Motor,86,4.746322877901825,-0.11299708757162796,FALSE,all,4.744816586921849,-0.10854561475162039,FALSE,all
liberal,Distinctiveness,Within-person,Motor,87,4.802161970583024,-0.11432646507247068,FALSE,all,4.800637958532694,-0.1098226219839924,FALSE,all
liberal,Distinctiveness,Within-person,Motor,88,4.858001063264221,-0.1156558425733134,FALSE,all,4.85645933014354,-0.1110996292163644,FALSE,all
liberal,Distinctiveness,Within-person,Motor,89,4.913840155945419,-0.1169852200741559,FALSE,all,4.912280701754385,-0.11237663644873641,FALSE,all
liberal,Distinctiveness,Within-person,Motor,90,4.969679248626617,-0.11831459757499863,FALSE,all,4.96810207336523,-0.11365364368110864,FALSE,all
liberal,Distinctiveness,Within-person,Motor,91,5.025518341307815,-0.11964397507584135,FALSE,all,5.0239234449760755,-0.11493065091348043,FALSE,all
liberal,Distinctiveness,Within-person,Motor,92,5.081357433989013,-0.12097335257668407,FALSE,all,5.079744816586921,-0.11620765814585243,FALSE,all
liberal,Distinctiveness,Within-person,Motor,93,5.137196526670211,-0.12230273007752657,FALSE,all,5.135566188197767,-0.11748466537822466,FALSE,all
liberal,Distinctiveness,Within-person,Motor,94,5.193035619351409,-0.12363210757836929,FALSE,all,5.191387559808612,-0.11876167261059645,FALSE,all
liberal,Distinctiveness,Within-person,Motor,95,5.248874712032607,-0.12496148507921201,FALSE,all,5.247208931419457,-0.12003867984296845,FALSE,all
liberal,Distinctiveness,Within-person,Motor,96,5.3047138047138045,-0.12629086258005495,FALSE,all,5.303030303030302,-0.12131568707534046,FALSE,all
liberal,Distinctiveness,Within-person,Motor,97,5.360552897395003,-0.12762024008089745,FALSE,all,5.358851674641148,-0.12259269430771247,FALSE,all
liberal,Distinctiveness,Within-person,Motor,98,5.4163919900762005,-0.12894961758174017,FALSE,all,5.414673046251993,-0.12386970154008448,FALSE,all
liberal,Distinctiveness,Within-person,Motor,99,5.472231082757399,-0.13027899508258267,FALSE,all,5.470494417862838,-0.12514670877245648,FALSE,all
liberal,Distinctiveness,Within-person,Motor,100,5.528070175438597,-0.13160837258342561,FALSE,all,5.526315789473683,-0.12642371600482827,FALSE,all
liberal,Distinctiveness,Within-person,Visual,1,0,0,FALSE,all,0,0,FALSE,all
liberal,Distinctiveness,Within-person,Visual,2,0.0556078021595263,-4.054384300893332e-4,FALSE,all,0.05555555555555555,-4.0600482309904873e-4,FALSE,all
liberal,Distinctiveness,Within-person,Visual,3,0.1112156043190526,-8.108768601786664e-4,FALSE,all,0.1111111111111111,-8.120096461980975e-4,FALSE,all
liberal,Distinctiveness,Within-person,Visual,4,0.1668234064785789,-0.0012163152902679997,FALSE,all,0.16666666666666666,-0.0012180144692973682,FALSE,all
liberal,Distinctiveness,Within-person,Visual,5,0.2224312086381052,-0.0016217537203572219,FALSE,all,0.2222222222222222,-0.001624019292396417,FALSE,all
liberal,Distinctiveness,Within-person,Visual,6,0.2780390107976315,-0.002027192150446555,FALSE,all,0.2777777777777778,-0.0020300241154955767,FALSE,all
liberal,Distinctiveness,Within-person,Visual,7,0.3336468129571578,-0.0024326305805357773,FALSE,all,0.3333333333333333,-0.0024360289385947365,FALSE,all
liberal,Distinctiveness,Within-person,Visual,8,0.3892546151166841,-0.0028380690106252215,FALSE,all,0.38888888888888884,-0.002842033761693785,FALSE,all
liberal,Distinctiveness,Within-person,Visual,9,0.4448624172762104,-0.0032435074407144437,FALSE,all,0.4444444444444444,-0.003248038584792945,FALSE,all
liberal,Distinctiveness,Within-person,Visual,10,0.5004702194357367,-0.003648945870803777,FALSE,all,0.5,-0.0036540434078921047,FALSE,all
liberal,Distinctiveness,Within-person,Visual,11,0.556078021595263,-0.004054384300892999,FALSE,all,0.5555555555555556,-0.0040600482309912644,FALSE,all
liberal,Distinctiveness,Within-person,Visual,12,0.6116858237547893,-0.004459822730982332,FALSE,all,0.611111111111111,-0.004466053054090313,FALSE,all
liberal,Distinctiveness,Within-person,Visual,13,0.6672936259143156,-0.004865261161071666,FALSE,all,0.6666666666666666,-0.004872057877189362,FALSE,all
liberal,Distinctiveness,Within-person,Visual,14,0.722901428073842,-0.005270699591160999,FALSE,all,0.7222222222222222,-0.005278062700288633,FALSE,all
liberal,Distinctiveness,Within-person,Visual,15,0.7785092302333682,-0.005676138021250332,FALSE,all,0.7777777777777777,-0.005684067523387681,FALSE,all
liberal,Distinctiveness,Within-person,Visual,16,0.8341170323928945,-0.006081576451339554,FALSE,all,0.8333333333333333,-0.006090072346486841,FALSE,all
liberal,Distinctiveness,Within-person,Visual,17,0.8897248345524208,-0.0064870148814288875,FALSE,all,0.8888888888888888,-0.006496077169586001,FALSE,all
liberal,Distinctiveness,Within-person,Visual,18,0.9453326367119471,-0.00689245331151811,FALSE,all,0.9444444444444444,-0.00690208199268505,FALSE,all
liberal,Distinctiveness,Within-person,Visual,19,1.0009404388714733,-0.007297891741607554,FALSE,all,1,-0.007308086815784209,FALSE,all
liberal,Distinctiveness,Within-person,Visual,20,1.0565482410309996,-0.007703330171696776,FALSE,all,1.0555555555555556,-0.007714091638883369,FALSE,all
liberal,Distinctiveness,Within-person,Visual,21,1.112156043190526,-0.00810876860178611,FALSE,all,1.1111111111111112,-0.008120096461982529,FALSE,all
liberal,Distinctiveness,Within-person,Visual,22,1.1677638453500523,-0.008514207031875332,FALSE,all,1.1666666666666665,-0.008526101285081578,FALSE,all
liberal,Distinctiveness,Within-person,Visual,23,1.2233716475095786,-0.008919645461964665,FALSE,all,1.222222222222222,-0.008932106108180737,FALSE,all
liberal,Distinctiveness,Within-person,Visual,24,1.278979449669105,-0.009325083892054109,FALSE,all,1.2777777777777777,-0.009338110931279897,FALSE,all
liberal,Distinctiveness,Within-person,Visual,25,1.3345872518286312,-0.009730522322143331,FALSE,all,1.3333333333333333,-0.009744115754378946,FALSE,all
liberal,Distinctiveness,Within-person,Visual,26,1.3901950539881576,-0.010135960752232664,FALSE,all,1.3888888888888888,-0.010150120577478217,FALSE,all
liberal,Distinctiveness,Within-person,Visual,27,1.445802856147684,-0.010541399182321887,FALSE,all,1.4444444444444444,-0.010556125400577265,FALSE,all
liberal,Distinctiveness,Within-person,Visual,28,1.50141065830721,-0.01094683761241122,FALSE,all,1.5,-0.010962130223676314,FALSE,all
liberal,Distinctiveness,Within-person,Visual,29,1.5570184604667363,-0.011352276042500442,FALSE,all,1.5555555555555554,-0.011368135046775474,FALSE,all
liberal,Distinctiveness,Within-person,Visual,30,1.6126262626262626,-0.011757714472589886,FALSE,all,1.611111111111111,-0.011774139869874634,FALSE,all
liberal,Distinctiveness,Within-person,Visual,31,1.668234064785789,-0.012163152902679109,FALSE,all,1.6666666666666665,-0.012180144692973793,FALSE,all
liberal,Distinctiveness,Within-person,Visual,32,1.7238418669453153,-0.012568591332768442,FALSE,all,1.722222222222222,-0.012586149516072842,FALSE,all
liberal,Distinctiveness,Within-person,Visual,33,1.7794496691048416,-0.012974029762857664,FALSE,all,1.7777777777777777,-0.012992154339172002,FALSE,all
liberal,Distinctiveness,Within-person,Visual,34,1.835057471264368,-0.013379468192946997,FALSE,all,1.8333333333333333,-0.013398159162271162,FALSE,all
liberal,Distinctiveness,Within-person,Visual,35,1.8906652734238942,-0.013784906623036441,FALSE,all,1.8888888888888888,-0.01380416398537021,FALSE,all
liberal,Distinctiveness,Within-person,Visual,36,1.9462730755834206,-0.014190345053125664,FALSE,all,1.9444444444444444,-0.01421016880846937,FALSE,all
liberal,Distinctiveness,Within-person,Visual,37,2.0018808777429467,-0.014595783483214997,FALSE,all,2,-0.01461617363156853,FALSE,all
liberal,Distinctiveness,Within-person,Visual,38,2.057488679902473,-0.015001221913304219,FALSE,all,2.0555555555555554,-0.015022178454667579,FALSE,all
liberal,Distinctiveness,Within-person,Visual,39,2.1130964820619993,-0.015406660343393552,FALSE,all,2.111111111111111,-0.015428183277766738,FALSE,all
liberal,Distinctiveness,Within-person,Visual,40,2.168704284221526,-0.015812098773482997,FALSE,all,2.1666666666666665,-0.015834188100865898,FALSE,all
liberal,Distinctiveness,Within-person,Visual,41,2.224312086381052,-0.01621753720357222,FALSE,all,2.2222222222222223,-0.016240192923965058,FALSE,all
liberal,Distinctiveness,Within-person,Visual,42,2.2799198885405785,-0.016622975633661552,FALSE,all,2.2777777777777777,-0.016646197747064106,FALSE,all
liberal,Distinctiveness,Within-person,Visual,43,2.3355276907001046,-0.017028414063750774,FALSE,all,2.333333333333333,-0.017052202570163266,FALSE,all
liberal,Distinctiveness,Within-person,Visual,44,2.3911354928596307,-0.017433852493840107,FALSE,all,2.388888888888889,-0.017458207393262426,FALSE,all
liberal,Distinctiveness,Within-person,Visual,45,2.446743295019157,-0.01783929092392944,FALSE,all,2.444444444444444,-0.017864212216361475,FALSE,all
liberal,Distinctiveness,Within-person,Visual,46,2.5023510971786833,-0.018244729354018774,FALSE,all,2.5,-0.018270217039460745,FALSE,all
liberal,Distinctiveness,Within-person,Visual,47,2.55795889933821,-0.018650167784107996,FALSE,all,2.5555555555555554,-0.018676221862559794,FALSE,all
liberal,Distinctiveness,Within-person,Visual,48,2.613566701497736,-0.01905560621419733,FALSE,all,2.611111111111111,-0.019082226685658843,FALSE,all
liberal,Distinctiveness,Within-person,Visual,49,2.6691745036572625,-0.01946104464428655,FALSE,all,2.6666666666666665,-0.019488231508758003,FALSE,all
liberal,Distinctiveness,Within-person,Visual,50,2.7247823058167886,-0.019866483074375885,FALSE,all,2.722222222222222,-0.019894236331857162,FALSE,all
liberal,Distinctiveness,Within-person,Visual,51,2.780390107976315,-0.02027192150446533,FALSE,all,2.7777777777777777,-0.020300241154956322,FALSE,all
liberal,Distinctiveness,Within-person,Visual,52,2.8359979101358412,-0.02067735993455455,FALSE,all,2.833333333333333,-0.02070624597805537,FALSE,all
liberal,Distinctiveness,Within-person,Visual,53,2.891605712295368,-0.021082798364643884,FALSE,all,2.888888888888889,-0.02111225080115453,FALSE,all
liberal,Distinctiveness,Within-person,Visual,54,2.947213514454894,-0.021488236794733107,FALSE,all,2.944444444444444,-0.02151825562425369,FALSE,all
liberal,Distinctiveness,Within-person,Visual,55,3.00282131661442,-0.02189367522482244,FALSE,all,3,-0.02192426044735274,FALSE,all
liberal,Distinctiveness,Within-person,Visual,56,3.0584291187739465,-0.022299113654911773,FALSE,all,3.0555555555555554,-0.02233026527045201,FALSE,all
liberal,Distinctiveness,Within-person,Visual,57,3.1140369209334726,-0.022704552085001106,FALSE,all,3.1111111111111107,-0.02273627009355106,FALSE,all
liberal,Distinctiveness,Within-person,Visual,58,3.169644723092999,-0.02310999051509044,FALSE,all,3.1666666666666665,-0.02314227491665022,FALSE,all
liberal,Distinctiveness,Within-person,Visual,59,3.2252525252525253,-0.02351542894517966,FALSE,all,3.222222222222222,-0.023548279739749378,FALSE,all
liberal,Distinctiveness,Within-person,Visual,60,3.280860327412052,-0.023920867375268995,FALSE,all,3.2777777777777777,-0.023954284562848538,FALSE,all
liberal,Distinctiveness,Within-person,Visual,61,3.336468129571578,-0.024326305805358328,FALSE,all,3.333333333333333,-0.024360289385947587,FALSE,all
liberal,Distinctiveness,Within-person,Visual,62,3.3920759317311044,-0.02473174423544766,FALSE,all,3.388888888888889,-0.024766294209046746,FALSE,all
liberal,Distinctiveness,Within-person,Visual,63,3.4476837338906305,-0.025137182665536995,FALSE,all,3.444444444444444,-0.025172299032145906,FALSE,all
liberal,Distinctiveness,Within-person,Visual,64,3.503291536050157,-0.025542621095626217,FALSE,all,3.5,-0.025578303855244955,FALSE,all
liberal,Distinctiveness,Within-person,Visual,65,3.558899338209683,-0.02594805952571555,FALSE,all,3.5555555555555554,-0.025984308678344115,FALSE,all
liberal,Distinctiveness,Within-person,Visual,66,3.6145071403692093,-0.026353497955804883,FALSE,all,3.6111111111111107,-0.026390313501443274,FALSE,all
liberal,Distinctiveness,Within-person,Visual,67,3.670114942528736,-0.026758936385894105,FALSE,all,3.6666666666666665,-0.026796318324542434,FALSE,all
liberal,Distinctiveness,Within-person,Visual,68,3.725722744688262,-0.02716437481598344,FALSE,all,3.722222222222222,-0.027202323147641483,FALSE,all
liberal,Distinctiveness,Within-person,Visual,69,3.7813305468477885,-0.027569813246072772,FALSE,all,3.7777777777777777,-0.027608327970740643,FALSE,all
liberal,Distinctiveness,Within-person,Visual,70,3.8369383490073146,-0.027975251676162105,FALSE,all,3.833333333333333,-0.028014332793839802,FALSE,all
liberal,Distinctiveness,Within-person,Visual,71,3.892546151166841,-0.02838069010625144,FALSE,all,3.888888888888889,-0.02842033761693885,FALSE,all
liberal,Distinctiveness,Within-person,Visual,72,3.948153953326367,-0.02878612853634066,FALSE,all,3.944444444444444,-0.02882634244003801,FALSE,all
liberal,Distinctiveness,Within-person,Visual,73,4.003761755485893,-0.029191566966429994,FALSE,all,4,-0.02923234726313717,FALSE,all
liberal,Distinctiveness,Within-person,Visual,74,4.05936955764542,-0.029597005396519216,FALSE,all,4.055555555555555,-0.02963835208623633,FALSE,all
liberal,Distinctiveness,Within-person,Visual,75,4.114977359804946,-0.03000244382660855,FALSE,all,4.111111111111111,-0.03004435690933538,FALSE,all
liberal,Distinctiveness,Within-person,Visual,76,4.170585161964472,-0.030407882256697882,FALSE,all,4.166666666666666,-0.03045036173243454,FALSE,all
liberal,Distinctiveness,Within-person,Visual,77,4.226192964123999,-0.030813320686787216,FALSE,all,4.222222222222222,-0.0308563665555337,FALSE,all
liberal,Distinctiveness,Within-person,Visual,78,4.281800766283525,-0.03121875911687655,FALSE,all,4.277777777777778,-0.03126237137863275,FALSE,all
liberal,Distinctiveness,Within-person,Visual,79,4.337408568443052,-0.03162419754696577,FALSE,all,4.333333333333333,-0.03166837620173191,FALSE,all
liberal,Distinctiveness,Within-person,Visual,80,4.393016370602577,-0.032029635977055104,FALSE,all,4.388888888888888,-0.03207438102483107,FALSE,all
liberal,Distinctiveness,Within-person,Visual,81,4.448624172762104,-0.03243507440714444,FALSE,all,4.444444444444445,-0.03248038584793023,FALSE,all
liberal,Distinctiveness,Within-person,Visual,82,4.50423197492163,-0.03284051283723366,FALSE,all,4.5,-0.032886390671029275,FALSE,all
liberal,Distinctiveness,Within-person,Visual,83,4.559839777081157,-0.03324595126732299,FALSE,all,4.555555555555555,-0.033292395494128435,FALSE,all
liberal,Distinctiveness,Within-person,Visual,84,4.615447579240683,-0.033651389697412326,FALSE,all,4.611111111111111,-0.033698400317227484,FALSE,all
liberal,Distinctiveness,Within-person,Visual,85,4.671055381400209,-0.03405682812750166,FALSE,all,4.666666666666666,-0.034104405140326643,FALSE,all
liberal,Distinctiveness,Within-person,Visual,86,4.726663183559736,-0.03446226655759099,FALSE,all,4.722222222222222,-0.0345104099634258,FALSE,all
liberal,Distinctiveness,Within-person,Visual,87,4.782270985719261,-0.034867704987680215,FALSE,all,4.777777777777778,-0.03491641478652496,FALSE,all
liberal,Distinctiveness,Within-person,Visual,88,4.837878787878788,-0.03527314341776955,FALSE,all,4.833333333333333,-0.03532241960962412,FALSE,all
liberal,Distinctiveness,Within-person,Visual,89,4.893486590038314,-0.03567858184785877,FALSE,all,4.888888888888888,-0.03572842443272317,FALSE,all
liberal,Distinctiveness,Within-person,Visual,90,4.949094392197841,-0.0360840202779481,FALSE,all,4.944444444444444,-0.03613442925582233,FALSE,all
liberal,Distinctiveness,Within-person,Visual,91,5.004702194357367,-0.03648945870803744,FALSE,all,5,-0.03654043407892138,FALSE,all
liberal,Distinctiveness,Within-person,Visual,92,5.060309996516893,-0.03689489713812677,FALSE,all,5.055555555555555,-0.03694643890202054,FALSE,all
liberal,Distinctiveness,Within-person,Visual,93,5.11591779867642,-0.0373003355682161,FALSE,all,5.111111111111111,-0.0373524437251197,FALSE,all
liberal,Distinctiveness,Within-person,Visual,94,5.171525600835946,-0.037705773998305325,FALSE,all,5.166666666666666,-0.03775844854821886,FALSE,all
liberal,Distinctiveness,Within-person,Visual,95,5.227133402995472,-0.03811121242839466,FALSE,all,5.222222222222222,-0.03816445337131802,FALSE,all
liberal,Distinctiveness,Within-person,Visual,96,5.2827412051549985,-0.03851665085848399,FALSE,all,5.277777777777778,-0.03857045819441707,FALSE,all
liberal,Distinctiveness,Within-person,Visual,97,5.338349007314525,-0.038922089288573214,FALSE,all,5.333333333333333,-0.03897646301751623,FALSE,all
liberal,Distinctiveness,Within-person,Visual,98,5.393956809474051,-0.03932752771866255,FALSE,all,5.388888888888888,-0.039382467840615276,FALSE,all
liberal,Distinctiveness,Within-person,Visual,99,5.449564611633577,-0.03973296614875188,FALSE,all,5.444444444444444,-0.039788472663714436,FALSE,all
liberal,Distinctiveness,Within-person,Visual,100,5.505172413793104,-0.040138404578841214,FALSE,all,5.5,-0.040194477486813596,FALSE,all
